UniProtID,scores
Q7DLG3,0.967
A0A178U6K7,0.964
Q8LBN7,0.962
A0A1P8AZP3,0.946
Q56X33,0.94
A0A178VYU2,0.935
A0A178VRF0,0.935
A0A178V922,0.929
A0A7G2EGK7,0.921
A0A178UWR7,0.916
A0A178UL83,0.885
A0A1P8BCA0,0.875
A0A7G2EVP9,0.869
A0A178WA02,0.86
Q8GWT9,0.849
A0A7G2FC79,0.838
A0A654FJA3,0.836
Q0WMG6,0.819
Q570L8,0.789
A0A0B4ULR9,0.789
A0A178VFT2,0.785
A0A178VFQ2,0.782
Q0WME4,0.746
A0A654G489,0.746
A0A178W1F0,0.708
A0A178U8G9,0.707
Q9CAA1,0.695
Q3E8G1,0.686
Q9FT84,0.676
Q8GY30,0.671
A0A654G6Z4,0.655
A0A178V458,0.653
A0A178U990,0.633
Q56ZC7,0.633
A0A5S9XGT8,0.618
A0A178VRK2,0.614
Q56YQ9,0.595
A0A178U9K5,0.595
A0A178WJE1,0.584
A0A178WLR3,0.575
A0A1P8BCW1,0.55
Q9C886,0.54
O64955,0.515
A0A5S9YA25,0.513
A0A5S9YEY4,0.499
A0A178UGN8,0.476
A0A1P8AXW0,0.468
A0A178UP09,0.467
Q9SS51,0.464
Q6NMD3,0.439
A0A178V8G0,0.425
A0A7G2DVC6,0.425
A0A178V383,0.414
Q8GWS4,0.409
Q9M998,0.408
A0A7G2DVA0,0.4
C0Z386,0.383
Q9SZ01,0.379
A0A178WKY9,0.377
A0A654FHL4,0.373
A0A178VW71,0.371
Q9SSE0,0.369
A0A178V996,0.367
A0A7G2E9D6,0.358
A0A178WN22,0.356
Q56ZI6,0.355
A0A654GBB8,0.353
A8MR90,0.352
Q56ZV6,0.341
A0A178UMB4,0.336
A0A5S9X0K7,0.334
A0A0E4B2Z5,0.33
F4JLP8,0.329
A0A5S9WU11,0.327
Q8L6Y6,0.321
B0ZUR7,0.314
B2CSP1,0.313
A0A5S9WR65,0.313
A0A7G2E4Q0,0.31
A0A178V9X4,0.307
Q8H7E5,0.306
Q9FIC3,0.306
Q9FMP4,0.303
A0A178UPT7,0.303
A0A178V5J2,0.301
A0A178VFN9,0.295
A0A178UQG7,0.294
A0A178VAB6,0.291
Q0WM36,0.29
A0A384KLB8,0.289
Q6RF43,0.284
Q8GX34,0.275
A0A178W1F2,0.274
A0A178UAU1,0.274
A0A384KVY1,0.274
E1A8B1,0.273
A0A654EZ43,0.271
A0A178UK97,0.271
A0A654EM45,0.27
Q9FGY0,0.27
A0A5S9X0Z8,0.27
A0A178U9A3,0.268
Q7DLH9,0.267
A0A178VDM5,0.26
Q6ID24,0.259
A0A7G2EFC0,0.257
A0A5S9XR81,0.256
C7FB19,0.256
A0A178ULY3,0.254
A0A178UHT6,0.254
A0A7G2DU53,0.253
A0A178VPG9,0.252
A0A178WN93,0.252
F4HQN3,0.251
B9DI17,0.25
A0A178WNA3,0.25
A0A7G2F3E9,0.248
A0A178UXK8,0.248
A0A178VC03,0.248
A0A7G2DRY8,0.248
A0A654EIQ6,0.247
Q84X34,0.245
A0A178USD1,0.243
Q9SYF1,0.243
Q570G2,0.243
Q56ZA6,0.241
Q56Z52,0.239
A0A5S9XFT7,0.238
A0A178W016,0.238
A0A178WCF2,0.237
A0A5S9WU27,0.237
A0A178UNC1,0.236
A0A384KT90,0.235
A0A178V1F7,0.233
P56802,0.233
A0A1B1W4Y6,0.231
A0A178UAD7,0.23
A0A178UIP9,0.23
O82097,0.23
Q56X20,0.23
A0A178WJE9,0.229
A0A654F263,0.229
Q9ZPE2,0.229
Q19GT3,0.228
A0A178WI55,0.228
A0A654EJ54,0.228
Q683C5,0.227
A0A178UYI9,0.225
A0A654FZY4,0.225
Q7DLI0,0.224
Q570C9,0.224
Q9FXI0,0.223
Q8S8R4,0.223
A0A7G2FGP6,0.222
A0A178VUQ5,0.222
A0A654GF48,0.222
A0A5S9WJ14,0.222
A0A178VX55,0.222
A0A1I9LSH7,0.22
Q9FJY4,0.218
A0A178V6F3,0.217
A0A178VJ43,0.217
Q9ZQX4,0.216
A0A178U7S4,0.216
A0A7G2EAA3,0.216
A0A178UYK0,0.215
A0A654F2X6,0.214
A0A178VCZ8,0.213
A0A178VRD0,0.212
A0A7G2E0Q3,0.211
Q56Z58,0.211
A0A178W6G2,0.21
A0A178V1W4,0.21
Q570E6,0.21
A0A5S9WYL5,0.209
A0A178UPQ1,0.207
Q0WMI2,0.206
A0A178UQ61,0.206
A0A7G2E0H2,0.205
A0A7G2FGS4,0.205
A0A178W8B5,0.205
Q9LMQ0,0.205
A0A178UYH0,0.204
A0A178W9Z6,0.204
A5YVT8,0.203
A9JNV7,0.203
A0A178VIW3,0.203
Q8VZU1,0.203
A0A178VCV3,0.202
A0A178UBP7,0.202
A0A178UYM3,0.202
A0A7G2EGL8,0.201
P0CAY2,0.201
A0A178V3R3,0.201
A0A178VRI1,0.201
A0A5S9X6Y2,0.2
A0A178UWT5,0.199
A0A178W785,0.198
A0A5S9X554,0.198
A0A1I9LNL4,0.197
A0A5S9XED5,0.197
A0A5S9Y9F0,0.197
A0A178WJB2,0.196
Q3E6Z1,0.196
Q9SW54,0.194
A0A1P8BAF0,0.193
F4I3J7,0.193
A0A1P8BBP7,0.192
A0A178V016,0.192
Q9SW56,0.192
Q9SMU7,0.191
Q1PEE7,0.191
Q593N9,0.189
A0A384LHQ6,0.189
A0A7G2EWU2,0.189
A0MF11,0.188
Q19H29,0.188
A0A7G2EDV8,0.187
A0A178UW91,0.187
A0A1I9LP15,0.186
A0A178UCV1,0.186
Q56ZQ4,0.186
Q8LCH9,0.186
A0A178VPR3,0.186
Q9SJ28,0.185
O04644,0.183
A0A1P8ATF1,0.183
A0A178V9L5,0.183
A0A178UG64,0.182
A0A178UC77,0.182
A0A076K006,0.182
A0A5S9WK44,0.182
A0A178W443,0.181
C0SVD0,0.181
Q7Y1X5,0.181
Q9C805,0.181
A0A178W9I3,0.181
A0A654GDG7,0.18
A0A178VNT0,0.18
A0A5S9XWQ6,0.18
Q9LT94,0.179
Q9MBG6,0.179
A0A654EY16,0.179
A0A178WB17,0.179
Q9FKC6,0.179
A0A5S9UNX1,0.178
Q9SJ42,0.178
A0A5S9WNA4,0.175
A0A5S9WS94,0.174
A0A178V5C4,0.174
Q56WG4,0.173
A0A178V4E1,0.173
Q3E970,0.173
Q19HY0,0.172
F4I670,0.172
A0A384LQ50,0.172
F4IT14,0.171
A0A178VIC5,0.171
A0A654FGZ5,0.171
A8MR06,0.169
B3H6Z2,0.169
A0A1I9LSV6,0.169
A0A654FP13,0.169
Q56XW5,0.169
A0A178WMP6,0.169
A0A654FE96,0.168
A0A654FDQ7,0.168
A0A654G3Y7,0.168
A0A1I9LND0,0.167
Q9LI93,0.166
A0A178UZF4,0.166
Q1PFL2,0.165
Q19FN0,0.165
A0A178VSL9,0.165
A0A178UML9,0.165
F4JVC1,0.165
A0A178VI63,0.165
A0A178VAN7,0.164
Q8LC34,0.163
A0A178W210,0.163
Q9C6I0,0.163
A0A5S9XQF7,0.163
A0MC02,0.162
A0A178U8V7,0.162
A0A178UV90,0.16
A0A178UBT0,0.16
Q9ZPQ9,0.16
A0A1I9LLM4,0.16
Q3EDD8,0.159
Q56X58,0.159
A0A178VMC8,0.158
Q9SAS0,0.158
A0A178W584,0.158
A0A5S9X309,0.158
A0A178VAW9,0.157
A0A1B1W4X7,0.157
Q56ZN4,0.156
A0A7G2FC93,0.156
Q9LZT3,0.156
A0A178WN58,0.156
A0A178W1I1,0.155
A0A178V1G7,0.155
A0A288SYR5,0.155
A0A178UFY9,0.155
Q9XI31,0.155
Q0WR36,0.155
A0A5S9Y021,0.155
A0A7G2E069,0.155
Q45H61,0.154
Q570K3,0.153
A0A178WMF3,0.153
Q1PEA8,0.153
A0A178WPI1,0.153
A0A178UM49,0.153
F4I9N5,0.152
A0A1P8AZ71,0.152
F4JV93,0.152
Q570J2,0.152
A0A178VTV9,0.152
O64866,0.151
A0A178VJC2,0.151
A0A0E4FLL0,0.151
A0A7G2EA99,0.151
A0A178V0V3,0.15
A0A178VHU3,0.15
C0LGU4,0.15
A0A178UXY2,0.15
A0A178UK56,0.15
A0A7G2FLV4,0.15
A0A7G2DRJ7,0.15
E1A8L8,0.15
A0A178VXA1,0.149
Q9FGC6,0.149
A0A178VC05,0.149
Q9FXJ9,0.148
A0A7G2DV77,0.148
A0A178UJG6,0.148
Q19DV1,0.148
A0A178UTU6,0.148
O49786,0.148
A0A178UB89,0.148
Q2V3Y1,0.148
A0A178VEG7,0.147
A0A178W041,0.147
A0A5S9X9N9,0.146
A0A178V221,0.146
A0A1P8AXJ0,0.146
Q9SFF7,0.146
Q19IF1,0.146
P30187,0.146
A0A178WF87,0.146
Q9XH48,0.145
A0A384L1R9,0.145
Q84VZ4,0.145
A0A654FKZ2,0.145
Q9SJZ5,0.144
A0A178URZ5,0.144
A0A7G2ETF3,0.144
A0A178W1S4,0.143
A0A7G2FK65,0.143
Q9LXN5,0.143
A0A178WIW7,0.143
A0A178V0V9,0.142
Q9SF90,0.142
A0MEI8,0.142
A0A7G2EYE4,0.142
Q8GZ03,0.142
A0A178UG73,0.142
A0A1P8ANU3,0.142
A0A178UZU6,0.141
Q38928,0.141
A0A178V2R5,0.141
Q940U1,0.141
A0A178VDZ9,0.141
A0A178UM59,0.141
A0A384KYH6,0.141
Q9LTF0,0.14
Q9C7K5,0.14
A0A654EKS0,0.14
A0A178VWK6,0.14
A0A178VWE3,0.14
A0A384KZP1,0.14
A0A7G2F5D7,0.14
A0A1I9LQM7,0.14
A0A178VPU2,0.139
B9DI50,0.139
A0A178UGW0,0.139
Q93ZB8,0.139
A0A7G2EXG2,0.138
A0A384L4Y9,0.138
A0A7G2EA38,0.138
F4JN58,0.137
Q9LMX2,0.137
A0A1P8ASE2,0.137
A0A178VUQ2,0.137
A0A178U8V8,0.137
F4KGN7,0.136
A0A1P8BCZ7,0.136
Q0WMC6,0.136
A0A1P8B0P9,0.136
A0A7G2F1Y6,0.136
F4JHP1,0.135
A0A178V5V4,0.135
A0A1P8AZY5,0.135
A0A7G2ERK6,0.135
A0A178VN48,0.135
A0A1P8AW70,0.135
A0A178UZX4,0.135
A0A5S9WM53,0.135
A0A1P8AR18,0.134
A0A178UER9,0.134
A0A384KEH2,0.134
A0A178VPN8,0.133
A0A178W2G6,0.133
A0A1P8BB23,0.133
A0A178VDN9,0.133
A0A178W517,0.133
A0A178UQQ4,0.132
A0A178UMX4,0.132
A0A178W435,0.132
Q56W11,0.132
A0A7G2E3A6,0.132
A0A5S9XGL7,0.132
A0A654EMN8,0.131
Q56Z63,0.131
O48838,0.13
A0A178V379,0.13
Q8LCD7,0.13
A0A178WJ99,0.13
A0A7G2FKX7,0.13
A0A7G2FF18,0.13
Q940G3,0.13
A0A384LNN0,0.13
A0A178UNG6,0.129
A0A178WIR2,0.129
A0A654F3P1,0.129
Q8LEQ8,0.129
A0A178W921,0.128
A0A178VJN3,0.128
A0A178VJ17,0.128
A0A178UZC8,0.128
A0A5S9WUA2,0.128
A0A178UHI4,0.128
Q1PEL2,0.127
A0A7G2EA39,0.127
A0A384L7B9,0.127
A0A178U944,0.127
A0A178V0L8,0.127
A0A5S9XI63,0.127
Q2HIM4,0.126
C0Z2H4,0.126
Q8L7Q8,0.126
Q9FIH6,0.126
F4K3D6,0.126
A0A178U997,0.126
A0A178WD68,0.126
A0A654EGB8,0.125
A0A384KGJ4,0.125
A0A178VEY6,0.125
A0A7G2EQA1,0.124
O49791,0.124
A0A178W7W7,0.124
A0A178UP48,0.124
A0A5S9WTQ3,0.124
A0A178UJ14,0.124
Q56WF9,0.124
Q56Z25,0.123
A0A1P8BEI6,0.123
Q9LM10,0.123
A0A654EYC9,0.123
Q570B2,0.123
A0A178W6I3,0.123
Q8H773,0.123
A0A178VIE3,0.123
A0A1P8BE80,0.123
A0A178ULQ7,0.123
A0A178UJ63,0.122
A0A1P8AVC2,0.122
A0A5S9XAE7,0.122
A0A178UZX0,0.122
A0A5S9XAH2,0.122
Q9ZUI2,0.122
A0A178U9R0,0.122
A0A1P8BGM5,0.122
A0A178WEW8,0.121
A0A178UUY5,0.121
F4I615,0.121
A0A7G2EP79,0.121
O49803,0.121
Q9LQ39,0.121
A0A178V885,0.121
O65686,0.12
A9JTY4,0.12
A0A178V3A1,0.12
A0A7G2DVM3,0.12
A0A178V3S6,0.12
A0A178W6R0,0.12
O82654,0.12
A0A178W2Y6,0.12
A0A178W811,0.12
A0A178V3I5,0.119
A0A178UB53,0.119
Q0WRD8,0.119
A0A7G2EGL7,0.119
A0A178W0X6,0.119
F4KHL6,0.118
A0A654FFF0,0.118
A0A178UX47,0.118
Q5Q0B9,0.118
A0A5S9Y867,0.118
A0A178URU4,0.117
A0A7G2F926,0.117
A0A1P8AVU2,0.117
A8MRI8,0.117
A0A178WD07,0.117
A0A178UU28,0.117
Q93VP3,0.117
B3H5T5,0.117
A0A7G2EXV0,0.117
A0A178WKE5,0.117
A0A5S9WWY6,0.117
A0A178W5Q2,0.116
F4HWK0,0.116
Q6ID74,0.116
A0A178VVB3,0.116
A0A7G2EV14,0.116
Q9FVX1,0.116
Q93VJ7,0.116
A0A178UGW6,0.115
Q19G45,0.115
F4JZ39,0.115
A0A178UNF6,0.115
A0A178UTL5,0.115
Q0WWG5,0.114
F4HNT3,0.114
A0A654EYR6,0.114
Q7Y0R9,0.114
A0A5S9YDS6,0.114
Q8LBA2,0.114
A0A7G2EDY9,0.114
B2CT35,0.114
Q9SYF2,0.114
A0A7G2ETY6,0.114
Q9S9B0,0.113
A5YXZ3,0.113
Q9LUV1,0.113
A0A654FWZ4,0.113
A0A178VY18,0.113
A0A5S9Y1E1,0.112
A0A384KK41,0.112
A0A7G2EIJ5,0.112
A0A7G2E975,0.112
A0A178V4G1,0.112
Q3YIM9,0.112
A0A178VFF3,0.112
A0A1P8AYR7,0.112
A0A7G2FJE1,0.112
A0A178VL70,0.112
Q9ZPV8,0.112
A0A7G2DUM0,0.111
B0FFQ6,0.111
A0A7G2E8F0,0.111
A0A178WLM6,0.111
Q84JU0,0.111
Q9STZ9,0.111
A0A178U9J1,0.111
A0A384K9G1,0.111
A0A178VTK3,0.11
Q8RXS2,0.11
A0A178U7H3,0.11
A0A7G2DZV0,0.11
Q9LNF2,0.11
B2CSR5,0.11
Q9SAA0,0.11
Q56Z69,0.11
A0A288SSB8,0.11
A0A178UZ44,0.11
A0A7G2FFU0,0.109
Q56Z41,0.109
A0A7G2EH26,0.109
A0A178VB48,0.109
F4HQW0,0.109
A0A654EKJ5,0.109
A0A178UMY3,0.109
Q0WQG2,0.109
Q94AZ4,0.108
A0A5S9YCE7,0.108
A0A178VY81,0.108
A0A7G2F549,0.108
A0A1B1W4U4,0.108
A0A384K9V1,0.108
A0A5S9XQ87,0.108
A0A178W097,0.108
A0A5S9YGM5,0.108
A0A178V0Z1,0.108
A0A178WJP6,0.108
A0A5S9WL75,0.108
Q56ZB6,0.107
A0A178W252,0.107
Q1PFQ1,0.107
A0A178UT99,0.107
A0A178UKR4,0.107
A0A178UX73,0.107
Q9CAL1,0.107
B0ZTV3,0.107
A0A178VLT7,0.107
Q9FI65,0.107
Q1PF28,0.107
Q9M1C1,0.106
A0A178VEQ7,0.106
A0A178W3S3,0.106
B9DHU7,0.106
Q9FK81,0.106
Q9M1P2,0.106
A0A178V9F7,0.106
A0A7G2DWW4,0.106
Q84R18,0.106
A0A178UNE8,0.106
A0A384LGK3,0.105
A0A654EXT5,0.105
A0A5S9SEV1,0.105
A0A178W564,0.105
A0A178VJH6,0.105
A0A654FDC3,0.105
C1PI44,0.105
B3H483,0.105
O80438,0.105
A0A7G2ERL8,0.104
A0A1P8ANN9,0.104
A0A1P8B218,0.104
A0A178WFL0,0.104
A0A178WI49,0.103
A0A178VDI0,0.103
A0A654FCJ5,0.103
A0A178V1I0,0.103
A0A7G2EE96,0.103
A0A178W1B2,0.103
A0A7G2EXT5,0.103
A0A178WBX9,0.103
A0A5S9WPX8,0.103
Q9SSS3,0.103
A0A178VAA7,0.103
A0A654FB26,0.103
Q9FLY6,0.103
Q2V328,0.103
A0A7G2FEQ9,0.102
A0A7G2E782,0.102
F4HTG9,0.102
A0A178UZF7,0.102
Q9ZV01,0.102
A0A7G2EEE7,0.102
A0A178WGF9,0.102
A0A178VZS3,0.102
A0A178V795,0.101
A0A178UHV6,0.101
A0A1P8B7J0,0.101
Q56ZR5,0.101
P92535,0.101
F4IGE9,0.101
A0A7G2ERZ1,0.101
F4ICX5,0.101
A0A178VB58,0.101
A0A1P8AQK4,0.101
Q56ZC8,0.1
A0A178WB49,0.1
A0A178U7Q6,0.1
A0A178WMN1,0.1
A0A178VPQ7,0.1
A0A654FRN0,0.1
Q56Z39,0.1
A0A7G2F4K8,0.1
Q56ZW0,0.1
A0A178V5G0,0.1
Q9SYE9,0.1
Q8GYD1,0.1
A0A5S9X6K2,0.099
A0A178W407,0.099
A0A384KD39,0.099
J7FXE8,0.099
A0A178V7W3,0.099
Q9LYJ3,0.099
P61841,0.099
Q8L7H0,0.099
A0A178W8C1,0.099
A0A178V898,0.099
A0MF14,0.099
Q9FHH6,0.099
A0A178VXG7,0.098
A0A7G2ET97,0.098
A0A5S9YEL6,0.098
F4J9E4,0.098
Q9FGU1,0.098
A0A1P8B842,0.098
A0ME80,0.098
A0A1P8BA35,0.097
Q9FMC7,0.097
Q0WLW5,0.097
A0A178UR62,0.097
Q7X7R5,0.097
Q9FIR2,0.097
A0A178UWP9,0.097
A0A178WLZ2,0.097
A0A178UXV1,0.097
O49768,0.097
A0A5S9XK54,0.097
Q9FXB0,0.096
Q56Z23,0.096
A0A178VAC2,0.096
A0A178U806,0.096
A0A5S9X3Z1,0.096
A5YXC4,0.096
A0A178W9Y4,0.095
A0A178WEV5,0.095
Q67XK8,0.095
A0A178VWX0,0.095
A0A1P8BDC6,0.095
Q0WVH8,0.095
Q56ZT3,0.095
Q8VZ37,0.095
A0A178V195,0.094
A0A5S9WSY7,0.094
Q5XVH3,0.094
A0A178VGS7,0.094
Q9ZUJ6,0.094
Q6IDA8,0.094
O82201,0.094
A0A5S9Y7W6,0.094
A0A384LAG8,0.093
Q8H7D4,0.093
A0A2H1ZE30,0.093
A0A178UEL2,0.093
Q9FFT5,0.093
A0A5S9XMK3,0.093
A0A178UME1,0.093
A0A178WA48,0.093
O23415,0.093
A0A178UAR9,0.092
A0A178V211,0.092
C0Z3J0,0.092
A0A178UHB8,0.092
B9DFD0,0.092
A0A384KAI1,0.092
Q56ZB3,0.092
Q943Z6,0.092
A0A654ESL1,0.092
A0A178VZD8,0.092
A0A7G2FC15,0.092
M9P2T8,0.092
A0A178USR3,0.092
A0A7G2DWB6,0.091
A0A178VP88,0.091
Q7XY11,0.091
A0A1P8APC1,0.091
A0A7G2EUE6,0.091
Q9LHB4,0.091
B3H4N5,0.091
A0A178VPY9,0.091
F4KFW6,0.091
A0A7G2DVC3,0.091
A0A1P8B973,0.091
A0A178USE5,0.09
C0Z2Z9,0.09
A0A178UES7,0.09
A0A5S9XEH0,0.09
Q5BPZ3,0.09
A0A7G2FAP9,0.09
A0A5S9S3V6,0.09
A0A654EXU1,0.09
A0A178W1S0,0.09
A0A178WN71,0.09
A0A384KRK5,0.09
Q9FF19,0.09
Q570I7,0.089
A0A178UU17,0.089
A0A178V5I3,0.089
A0A5S9X4H9,0.089
A0A178W3M1,0.089
A0A654GAZ3,0.089
A0A178ULN7,0.089
A0A7G2EAS0,0.089
Q9FXM2,0.089
A0A654GEI9,0.089
Q9FJR6,0.089
A0A178W0U6,0.089
A0A654EXD7,0.089
A0A384KVJ5,0.089
A0A178VV33,0.089
A0A514YK50,0.089
Q9ASV3,0.088
A0A5S9XW25,0.088
A0A5S9XFH8,0.088
Q94AE0,0.088
Q8GYP1,0.088
A0A7G2F8C5,0.088
A0A7G2DUA7,0.088
A0A7G2EKD5,0.088
Q8VZ30,0.088
A0A7G2EET7,0.088
A0A178WNF7,0.087
A0A178VTZ7,0.087
A0A178VPP4,0.087
A5YXK5,0.087
A0A178WLJ8,0.087
A0A178V9U8,0.087
Q94CL0,0.087
A0A5S9TF43,0.087
A0A178VB37,0.087
A0A178VC27,0.087
A0A178W437,0.087
A0A178W088,0.087
Q9S9T4,0.086
A0A7G2E288,0.086
A0A178UPH5,0.086
A0A178VB10,0.086
A0A5S9Y8C9,0.086
Q570H8,0.086
A0A5S9XW01,0.086
A0A178V3C2,0.086
A0A178V6G6,0.086
A0A178WEU5,0.086
O49789,0.086
A0A178W1T6,0.086
A0A178WDM9,0.086
Q56ZD8,0.085
A0A1B1W4Y4,0.085
A0A5S9YED8,0.085
A0A654E9G2,0.085
A0A178UDV9,0.085
A0A178W9H0,0.085
A0A178VT06,0.085
A0A178WKH0,0.085
A0A7G2FG84,0.085
Q9FHF7,0.085
Q9FMA7,0.085
Q9FJE9,0.085
A0A178WGM2,0.084
Q56WI6,0.084
A0A384L2V2,0.084
A0A178UK36,0.084
A0A654EN75,0.084
A0A654FTF4,0.084
A0A178VSJ5,0.084
Q9LQI1,0.084
A0A178UJZ1,0.084
A0A384L5T1,0.084
A0A178U7I4,0.084
A0A178UUA0,0.084
Q6DR07,0.084
Q9SRS8,0.084
A0A654GA21,0.084
A0A178V9B2,0.084
Q84V59,0.084
Q56ZU8,0.083
Q8L7G6,0.083
A0A7G2E983,0.083
Q570J1,0.083
A0A384KDF9,0.083
A0A178VJX0,0.083
A0A384KCZ3,0.083
Q19DK9,0.083
A0A178U8Y3,0.083
A0A178WHY6,0.082
O03983,0.082
Q5XUZ7,0.082
A0A178UAF0,0.082
A0A178WGS5,0.082
A0A7G2F645,0.082
A0A7G2EBG1,0.082
C0Z2Q7,0.082
A0A178WE75,0.082
A0A178W3W1,0.082
A0A5S9XJ89,0.082
A0A178VK74,0.082
A0A178UXF6,0.082
A0A178VF85,0.082
A0A178WA05,0.081
A0A178VDW8,0.081
A0A7G2EUW1,0.081
Q570K9,0.081
Q6ID71,0.081
A0A5S9XQK9,0.081
A0A178VW12,0.081
Q9XIF4,0.081
C0Z342,0.081
A0A178UR13,0.081
A0A178UFG7,0.081
A0A7G2ECC4,0.081
A0A7G2ECD7,0.081
Q570C7,0.081
C7FBC3,0.081
A0A5S9Y8Q4,0.081
Q8RWZ4,0.081
A0A178WJU6,0.081
A0A097PSQ3,0.081
Q56ZB9,0.081
A0A178VC06,0.081
A0A654FPV2,0.08
A0A178VKK8,0.08
A0A178UB77,0.08
A0A5S9Y9D6,0.08
F4IGY8,0.08
A0A7G2F4K5,0.08
Q9M8K7,0.08
Q7DLI2,0.08
A0A178WBF2,0.08
A0A5S9XGI1,0.08
A0A1P8B1H1,0.08
A0A178UDN7,0.08
A0A178WH77,0.08
Q9SK45,0.08
A0A7G2DRQ3,0.08
Q0WQI9,0.08
Q8H7G7,0.08
O80711,0.079
A0A1P8B3H9,0.079
A0A178UQR6,0.079
A0A654EGR7,0.079
C0Z254,0.079
A0A654FJB4,0.079
B9DHX7,0.079
A0A654EKN8,0.079
A0A178UPH6,0.079
A0A7G2F0S6,0.079
A0A7G2F2L5,0.079
A0A178UYD5,0.079
A0A5S9Y8D6,0.079
A0A178WJX5,0.079
A0A178UL53,0.079
C0Z3K8,0.079
Q0WQC1,0.079
A0A178URT9,0.079
Q9C9Y6,0.079
A8MR89,0.079
A0A178UTM1,0.079
A0A178UBH3,0.079
A0A178VLX5,0.078
A0A178VJ13,0.078
A0A5S9XQ91,0.078
A0A178UAW7,0.078
Q56W75,0.078
F4KAK0,0.078
A0A178WGM4,0.078
Q0WS02,0.078
A0A178UHZ3,0.078
A0A384KMU4,0.078
A0A178VDG2,0.078
A0A654FI68,0.078
A0A7G2EXM7,0.078
A0A178VHV6,0.078
A0A178W0M1,0.078
A0A178WM34,0.078
Q19HF7,0.078
Q9STV8,0.078
Q84K70,0.078
A0A7G2E6H7,0.077
Q9ST43,0.077
A0A178VPJ7,0.077
A0A178USX2,0.077
A0A178WJS4,0.077
A0A178UBZ0,0.077
A0A178V559,0.077
A0A3G1JZF6,0.077
A0A178VF81,0.077
A0A178WP48,0.077
Q9SYC6,0.077
A0A5S9Y3G5,0.077
A0A178WCG4,0.076
A0A654F4C4,0.076
A0A384KQD1,0.076
A0A1P8AXS1,0.076
A0A0B4UMN9,0.076
A0A178UT42,0.076
Q8VY87,0.076
A0A5S9XV73,0.076
A0A384LA38,0.076
Q56WG5,0.076
A0A178UCK0,0.076
A0A178VNM9,0.076
A0A178V3I3,0.076
A0A5S9XHA9,0.076
F4K742,0.076
Q8LFT9,0.076
C0Z3K2,0.075
A0A5S9XEG9,0.075
A0A178USP7,0.075
Q570H4,0.075
A0A178VG42,0.075
F4IZU8,0.075
Q0WM21,0.075
A0A178U7V3,0.075
A0A7G2EC12,0.075
A0A5S9XNJ6,0.075
A0A7G2EJ73,0.075
A0A178VKB6,0.075
Q9SZU9,0.074
A0A178UUZ7,0.074
A0A178UG58,0.074
A0A178VUF0,0.074
A0A5S9XM01,0.074
B9DGU8,0.074
Q2V3C1,0.074
B3H6P2,0.074
F4IBV0,0.074
O81457,0.074
A0A178UF47,0.074
B3H6V8,0.074
A0A654FYA4,0.074
B3H6N3,0.074
A0A0B4UMT5,0.074
A0A178VE56,0.073
C0Z2V4,0.073
O49306,0.073
A0A7G2ESH1,0.073
Q3YIV8,0.073
Q9FGA6,0.073
A0A178UVN7,0.073
Q5XVD2,0.073
Q84MM6,0.073
Q9SJA3,0.073
A0A178V691,0.073
A0A178VSV0,0.073
Q9SY68,0.073
A0A178VFG5,0.073
A0A178V1Q7,0.073
A0A178V7U1,0.073
B3H5Z0,0.073
A0A654G677,0.073
P62113,0.073
Q9LP41,0.073
Q56Z83,0.073
A0A178WFK1,0.073
A0A178W1D5,0.073
Q9C5U6,0.072
Q56WB4,0.072
A0A178VYF6,0.072
A0A7G2DT16,0.072
F4K627,0.072
A0A384KJP0,0.072
Q9LZF9,0.072
A0A654GDY7,0.072
Q9C5Q7,0.072
A0A178WBN5,0.072
Q84WS8,0.072
Q56YH5,0.072
Q9M2M2,0.072
A0A178UJB6,0.072
A8MQJ9,0.072
A0A178WC31,0.072
A0A178U7A9,0.072
A0A178VR53,0.072
F4K1G4,0.072
A0A178UGL5,0.072
A0A178UWI6,0.072
A0A178UJP2,0.072
A0A178VI77,0.072
A0A178VSU5,0.072
C0Z3B4,0.072
Q3E9K9,0.072
A0A7G2E9T2,0.072
A0A178W264,0.071
F4J9R7,0.071
F4K8K6,0.071
A0A654F561,0.071
Q67ZW1,0.071
A0A178W5W6,0.071
Q9FIT2,0.071
Q570Q5,0.071
A0A178W549,0.071
A0A1P8BBH0,0.071
A0A1B1W4Y0,0.071
A0A7G2EL02,0.071
Q9M1N2,0.071
A0A178UJX8,0.071
Q8GWV0,0.071
B2CT96,0.071
Q6AWV3,0.071
Q56ZH9,0.071
Q93ZA5,0.071
A0A178WJ33,0.071
Q9SMU5,0.07
O64971,0.07
A0A7G2DT56,0.07
A0A178V156,0.07
A0A178VXR5,0.07
Q9FUA8,0.07
A0A178VLL4,0.07
A0A178UL87,0.07
Q19GN7,0.07
A0A178W9X7,0.07
A0A178VDY5,0.07
A0A7G2ES29,0.07
A0A7G2EXN8,0.07
A0A178UWH9,0.07
A0A178UGP7,0.07
A0A5S9XIF3,0.07
A0A5S9TGP3,0.07
A0A1P8B1H4,0.069
A0A178UXB8,0.069
O49383,0.069
F4ILA9,0.069
A0A178UBB8,0.069
A0A178WHC5,0.069
A0A7G2E084,0.069
A0A7G2E6S0,0.069
Q680L3,0.069
O23020,0.069
B9W2J1,0.069
C0Z323,0.069
Q9LJT1,0.069
A0A654F8F4,0.069
A0A654G802,0.069
A0A384KDW9,0.069
A0A178VLS5,0.069
J7FYU6,0.069
A0A5S9WYW6,0.069
Q9LT73,0.068
A0A178VL66,0.068
A0A178WA63,0.068
Q9C7Z8,0.068
A0A178UZ01,0.068
A0A178V6W4,0.068
A0A178VVC9,0.068
A0A178WIC5,0.068
A0A178W0F0,0.068
Q56X39,0.068
B2CTJ1,0.068
Q56Z99,0.068
P82627,0.068
Q9MAL5,0.068
A0A1P8AZV6,0.068
A0A654EH60,0.068
A0A654F6P7,0.068
Q56Z87,0.067
Q8LG89,0.067
Q8H188,0.067
Q56ZR7,0.067
A0A178URB8,0.067
A0A178VYS3,0.067
A0A654EUI7,0.067
A0A178UAN2,0.067
A0A178U9V7,0.067
A0A7G2DXE7,0.067
A0A7G2FFS3,0.067
A0A7G2FQ22,0.067
A0A178UQE3,0.066
Q680L9,0.066
Q0WWG7,0.066
Q9LH88,0.066
C0Z365,0.066
O04668,0.066
Q0WWR0,0.066
Q1PFP6,0.066
A0A5S9XAW8,0.066
A0A178VZA0,0.066
A0A5S9XEV1,0.066
A0A178WH65,0.066
A8MQQ6,0.066
A0A178V405,0.066
A0A178W9Q3,0.066
A0A178WBI2,0.066
A0A178UFC8,0.066
A0A5S9X2N4,0.066
A0A5S9X237,0.065
A0A178V856,0.065
Q9M257,0.065
F4HXW5,0.065
A0A1B1W4Z5,0.065
Q3E6X7,0.065
A0A178UGG0,0.065
Q56ZM9,0.065
A0A178WMM0,0.065
A0A7G2EZC6,0.065
A0A178WMH3,0.065
A0A178WNV4,0.065
A0A7G2EZ14,0.065
O49517,0.065
A0A178VUT7,0.065
A0A178W4C5,0.065
A0A178UWJ0,0.065
A0A5S9XYV8,0.065
A0A7G2EIL3,0.065
Q9LNZ7,0.065
A0A178W398,0.065
A0A7G2E912,0.065
A0A178UEX4,0.065
A0A5S9TCS6,0.064
A0A7G2EW84,0.064
O81888,0.064
A0A178WE52,0.064
Q9M0M9,0.064
A0A7G2FNU2,0.064
C0Z2H6,0.064
A0A178WE51,0.064
A0A178W0B0,0.064
A0A654FU79,0.064
Q9FN32,0.064
A0A7G2FAG5,0.064
Q56YU7,0.064
A0A654FEJ0,0.064
Q7Y202,0.064
A0A1P8AVI2,0.064
A0A178WJL8,0.064
A0A178V4Y2,0.064
P28147,0.064
A0A178VSA1,0.064
A0A514YJ86,0.064
Q9XII2,0.064
A0A178U9C4,0.063
A0A1P8BEG6,0.063
A0A178UBE6,0.063
Q56YT9,0.063
A0A178WE37,0.063
A0A178W9W0,0.063
A0A384LFD6,0.063
A0A178VSZ4,0.063
A0A178WF85,0.063
Q9FFM3,0.063
A0A7G2E0D0,0.063
Q2V3P0,0.063
Q8RXZ6,0.063
A0A7G2DXC4,0.063
A0A178WIU6,0.063
A0A178VN82,0.063
A0A178UL96,0.063
B3H783,0.063
A0A178W7H6,0.063
A0A178WBR1,0.063
F4JRV2,0.063
A0A178WD35,0.063
A0A654EKD9,0.063
Q9LH68,0.063
A0A1P8BGF2,0.063
A0A178VS12,0.063
A0A178W063,0.063
C0Z2V7,0.063
F4IXC6,0.063
Q56ZM4,0.063
A0A178VAW7,0.063
A0A654EZ48,0.062
A0A178UN17,0.062
A0A5S9WRN8,0.062
Q9FZF6,0.062
A0A654FR40,0.062
A0A178WFR9,0.062
A0A5S9Y7G8,0.062
F4I5B8,0.062
A0A178WIS0,0.062
P50883,0.062
A0A178UKW9,0.062
Q0MVF0,0.062
A0A178UR25,0.062
A0A178UXJ7,0.062
A0A5S9XWB0,0.062
A0A178VP57,0.062
A0A7G2E6I0,0.062
A0A178VS32,0.062
A0A178WMR7,0.062
Q4PSE1,0.062
Q9ZU45,0.062
Q2V4E5,0.062
B9DI31,0.062
Q3EB54,0.062
A0A654G3K1,0.062
Q9SJ90,0.062
A0A5S9WWK5,0.062
Q67XG0,0.061
A0A7G2DXM7,0.061
Q56ZE1,0.061
A8MR57,0.061
Q6DR93,0.061
A0A178U661,0.061
Q1G373,0.061
O81061,0.061
A0A1P8AY61,0.061
A0A178UBR4,0.061
A0A384LEC5,0.061
O23007,0.061
C1PID2,0.061
Q9SIP4,0.061
A0A178WMV7,0.061
C0Z3B1,0.061
Q570Q0,0.061
Q56YC7,0.061
F4ISC4,0.061
A0A384L9I5,0.061
Q9SY48,0.061
A0A178WGN4,0.061
A0A178VAB3,0.061
Q709F4,0.061
A0A178UD57,0.061
A0A7G2ERF3,0.061
A0A178V381,0.061
Q1PE08,0.061
A0A7G2EFT3,0.061
A0A178VXN2,0.061
A0A178UCM5,0.061
A0A178U9W3,0.061
F4HZH7,0.061
Q94BT5,0.061
A0A1I9LN16,0.061
Q570D0,0.06
A0A178ULI2,0.06
Q7DN91,0.06
Q9C766,0.06
A0A178W2Q3,0.06
A0A654G5G8,0.06
A0A1B1W4X5,0.06
O64977,0.06
A0A7G2ED39,0.06
A0A178W9J3,0.06
Q570G7,0.06
A0A5S9XZB1,0.06
Q56YJ5,0.06
A0A178VSM4,0.06
Q0WLN5,0.06
A0A178UFF4,0.06
A0A654FFV0,0.06
Q570C1,0.06
A0A178UFS1,0.06
O04175,0.06
Q9SIP5,0.06
A0A178UWD7,0.06
A0A178VZ35,0.06
F2Q9V5,0.06
Q6E244,0.06
A0A7G2E8R8,0.059
O80457,0.059
A0A654FXQ9,0.059
A0A178VI08,0.059
Q84TH6,0.059
A0A1P8B738,0.059
C0Z2S0,0.059
A0A178UJ94,0.059
A0A7G2EI01,0.059
A0A178WJP7,0.059
Q3E6X9,0.059
A0A178V0E4,0.059
Q0WS92,0.059
A0A384K8P8,0.059
F4JUF8,0.059
A0A1P8B1K0,0.059
A0A178VAA4,0.059
A0A1P8B115,0.059
A0A7G2EG56,0.059
A0A178UHL9,0.059
Q84MM7,0.059
A0A178VAD4,0.059
A0A7G2EF55,0.059
Q9XIE3,0.059
Q9LFS9,0.059
A0A178V517,0.059
Q0WLK3,0.059
A0A384L3G1,0.059
A0A178UAP9,0.058
A0A178UD26,0.058
A0A178VSY2,0.058
A0A178UWI7,0.058
A0A654FSM1,0.058
A0A7G2EFE6,0.058
A0A654EF81,0.058
A0A5S9YJ57,0.058
Q9ZQL2,0.058
A0A178VQT4,0.058
M9P233,0.058
Q570M2,0.058
A0A178U8X5,0.058
B3H4X2,0.058
A0A1I9LPP6,0.058
A0A7G2EZN9,0.058
A0A654FPA1,0.058
A0A654EPQ4,0.058
O48531,0.058
A0A178WKU8,0.058
Q9CAR5,0.058
Q9ZUZ3,0.058
Q3ZVA6,0.058
Q56YB6,0.058
Q9LUM8,0.058
Q5XVB3,0.058
A0A178V4R5,0.058
Q56Z33,0.058
A0A178WJN0,0.058
A0A178UCY5,0.058
Q9M4P5,0.058
Q9C9D9,0.058
A0A178W8Z9,0.058
A0A178V4U5,0.058
A0A178VB49,0.058
A0A178UYW3,0.057
A0A178V0L6,0.057
A0A7G2E4M0,0.057
A0A7G2ELZ6,0.057
A0A5S9WQ00,0.057
Q67XT7,0.057
A0A1P8BC00,0.057
A0A178VIY3,0.057
Q9C785,0.057
Q9FUA9,0.057
A0A7G2DXC2,0.057
A0A178U8L0,0.057
Q9SAC5,0.057
Q6QJ36,0.057
Q9LY56,0.057
A0A7G2EN88,0.057
Q67XA6,0.057
A0A178VIR3,0.057
A0A7G2EI84,0.057
A0A178VA49,0.057
Q8L917,0.057
F4J2H2,0.057
A0A178UZN8,0.057
A0A178UJV7,0.057
P82737,0.056
Q7M1E4,0.056
A0A178VC93,0.056
A0A5S9WLY2,0.056
Q0WLP1,0.056
A0A5S9WAI3,0.056
Q5XV67,0.056
A0A7G2DY10,0.056
A0A1B1W4X3,0.056
A0A5S9X8L7,0.056
A0A7G2EYG3,0.056
A0A7G2EGI6,0.056
A0A1P8BGT5,0.056
A0A7G2EWN7,0.056
A0MFF6,0.056
A0A7G2FI67,0.056
A0A1I9LP34,0.056
A0A5S9XIE3,0.056
Q56X34,0.056
A0A178WP52,0.056
Q9SKF5,0.056
A0A178UF24,0.056
A0A178WFY2,0.056
A8MS38,0.056
A0A178V059,0.056
Q9CAK6,0.056
A0A1P8BER8,0.056
A0A178WDG5,0.056
A0A654F875,0.056
A0A178UWA9,0.056
Q56ZW2,0.056
Q9SB59,0.056
A0A178WE50,0.056
A0A1P8ARL9,0.055
A0A178WM33,0.055
Q9SX26,0.055
F4JZX5,0.055
A0A178WK30,0.055
A0A5S9X280,0.055
A0A178UM95,0.055
A0A178VAE6,0.055
A0A654GEX6,0.055
A0A7G2E5Q9,0.055
Q8GXF4,0.055
Q56ZW5,0.055
Q9FJ39,0.055
Q9SW68,0.055
Q2V3X0,0.055
Q56ZJ3,0.055
A0A5S9XM87,0.055
Q3E7M8,0.055
A0A5S9X7K1,0.055
A0A178W840,0.055
A0MF63,0.055
Q56WQ7,0.055
A0A7G2ETP8,0.055
A0A5S9WNZ6,0.055
Q56Z85,0.055
A0A178VKI7,0.055
B9DI61,0.055
A0A7G2E514,0.055
A0A178WGM6,0.055
A0A7G2E1G0,0.054
A0A178WHJ2,0.054
Q9SIJ5,0.054
A0A5S9Y1A0,0.054
A0A654EI67,0.054
A0A7G2F4J5,0.054
A0A7G2E3P1,0.054
A0A178VYJ1,0.054
A0A7G2EDN9,0.054
A0A384L6D2,0.054
A0A5S9SZC4,0.054
Q9LMU7,0.054
A0A178UJG9,0.054
A0A654FN11,0.054
B3H604,0.054
A0A654E7G7,0.054
A0A5S9YC61,0.054
Q9FJI2,0.054
A0A654F147,0.054
Q9FJR2,0.054
Q84WA4,0.054
F2Q9V4,0.054
O49772,0.054
A0A178WBE4,0.054
A0A384L3N6,0.054
A0A178UT90,0.054
F4JM05,0.054
C0Z395,0.054
A0A178VLE9,0.054
A0A178ULF2,0.054
A0A178WKB5,0.054
P59259,0.054
A0A7G2EV75,0.054
B3H5Q9,0.054
Q9M0Z5,0.054
A0A178UWP7,0.054
A0A178UQS2,0.053
Q705L0,0.053
A0A654G8K9,0.053
A0A178V0B8,0.053
A0A654FCT4,0.053
Q9MA65,0.053
A0A178W5C0,0.053
A0A178UYB2,0.053
B0FUR3,0.053
Q9S9C9,0.053
A0A7G2E135,0.053
A0A178VDL0,0.053
B9DHK4,0.053
O49480,0.053
Q9LUR5,0.053
A0A178W6J9,0.053
A0A178UZ82,0.053
P58684,0.053
B0ZXW3,0.053
A0A5S9XH63,0.053
A0A7G2E3Z3,0.053
A0A178VW39,0.053
Q8LEI5,0.053
Q56ZD5,0.053
Q9SF44,0.053
Q8GWV2,0.053
A0A178WBN8,0.053
A0A1P8ANP8,0.053
F4IZ13,0.053
A0A654FD03,0.053
A0A178W4P2,0.053
A0A1P8APG3,0.053
A0A178U950,0.053
A0A178UL91,0.053
A0A178W4X6,0.053
Q0WVJ7,0.053
A0A178USL3,0.053
Q949Z4,0.053
F4JQW1,0.053
P0DN93,0.053
A0A1P8BCM4,0.053
A0A7G2EMP7,0.053
A0A2H1ZEJ4,0.052
A0A178V337,0.052
B9DG90,0.052
A0A654G074,0.052
A0A1P8BDH1,0.052
O22662,0.052
A0A7G2FBZ7,0.052
A0A178W4R2,0.052
A0A178VUV2,0.052
Q56WJ2,0.052
A0A178WBP3,0.052
A0A178VA67,0.052
F4JEI2,0.052
Q9CAH4,0.052
A0A178UFE1,0.052
A0A5S9XXI7,0.052
A0A178VE18,0.052
A0A178UPE0,0.052
A0A178WK44,0.052
Q9C6N7,0.052
A0A384KMJ2,0.052
A0A1P8ASM2,0.052
A0A384L8G4,0.052
A0A384KKH6,0.052
Q9FGA4,0.052
A0A7G2EUP6,0.052
A0A178UWG0,0.052
A0A384L4E1,0.052
Q9LH05,0.052
A0A178UU37,0.052
A0A7G2DVX1,0.052
Q9LR18,0.052
A0A5S9Y487,0.052
Q9SSH1,0.052
F4JEW3,0.052
A0A7G2ER32,0.051
Q9M599,0.051
O80549,0.051
A0A5S9Y8T1,0.051
Q9LXN6,0.051
Q66GM6,0.051
Q56Z17,0.051
A0A178V196,0.051
A0A7G2E5T9,0.051
A0A5S9WIR8,0.051
Q9C783,0.051
A0A178VHK1,0.051
A0A178WC18,0.051
A0A178UDH8,0.051
A0A654GCJ8,0.051
A0A654EX22,0.051
A0A178UEA9,0.051
A0A178V1I1,0.051
A0A654ERP2,0.051
A0A384LFM4,0.051
A0A178VNI6,0.051
A0A178WMK2,0.051
A0ME49,0.051
A0A7G2ER46,0.051
A0A178URV8,0.051
Q9C9Y5,0.051
A0A7G2EUA7,0.051
A0MJX0,0.051
A0A654EVM2,0.051
Q56X50,0.051
A0A5S9XFB4,0.051
Q9FH78,0.051
A0A1P8B0D8,0.051
A0A178WCC1,0.05
A0A178VF24,0.05
A0A178UKT5,0.05
Q9FXC3,0.05
A0A178WEM0,0.05
Q570A2,0.05
A0A7G2FJ33,0.05
Q6E254,0.05
A0A5S9WNS9,0.05
A0A7G2E5I2,0.05
Q8H7D9,0.05
A0A5S9Y1Y3,0.05
Q9SU95,0.05
A0A5S9X0S6,0.05
A0A178U6I9,0.05
D6BJH9,0.05
Q8GWR5,0.05
Q9SRN3,0.05
A0A178UFE3,0.05
P82640,0.05
A0A7G2EX75,0.05
Q3E938,0.05
A0A178UWX8,0.05
A0A5S9Y5J0,0.05
Q8L9W6,0.05
A0A178V8I4,0.05
A0A7G2DR87,0.05
Q94II5,0.05
A0A654FBK3,0.05
A0A178W7N0,0.05
A0A178WL50,0.05
Q570J3,0.05
A0A1P8AYS4,0.05
Q9FXK6,0.05
A8MQA7,0.05
Q9ZV66,0.049
A0A7G2EPS6,0.049
A0A178WJN8,0.049
A0A178VYF3,0.049
Q945M8,0.049
A0A178UA28,0.049
Q1PF52,0.049
A0A178UZI0,0.049
A0A178UME6,0.049
A0A178VTK1,0.049
A0A178UVW6,0.049
Q9M0Z6,0.049
A0A178UPW0,0.049
A0A7G2EDR6,0.049
A0A178UDK4,0.049
Q8HAW5,0.049
Q6DYC4,0.049
A0A1P8B9N4,0.049
A0A178VSX0,0.049
Q9MA78,0.049
A0A1P8BE89,0.049
Q9FHV8,0.049
Q3ZVC8,0.049
Q9SKQ2,0.049
A0MDV8,0.049
F4JZ12,0.049
Q7FYS7,0.049
A0A178VRF4,0.049
Q8GWR9,0.049
A0A178WPD2,0.049
A0A178VK93,0.049
A0A178WKN9,0.049
C0Z309,0.049
A0A178VKH9,0.048
Q2V2W8,0.048
A0A654GA09,0.048
A0A5S9XMR0,0.048
A0A178W7A0,0.048
A0A7G2EQA8,0.048
A0A5S9XHD5,0.048
A0A178ULC8,0.048
A0A1P8B9R7,0.048
A0A654FDE8,0.048
F4IP22,0.048
A0A7G2E6C6,0.048
A0A7G2DU74,0.048
B3H6U3,0.048
Q8H7F2,0.048
V9H1L6,0.048
Q9FJR7,0.048
A0A654F5Z1,0.048
A0A384KVK5,0.048
F4IHC1,0.048
Q680P5,0.048
A0A178UDS3,0.048
A0A178U831,0.048
A0A178V304,0.048
A0A178UQZ8,0.048
A0A178W533,0.048
A0A7G2DVP0,0.048
A0A178UWR1,0.048
Q56YZ8,0.048
A0A178WIQ2,0.048
Q9ZVW5,0.048
A0A178V8W1,0.048
A0A178WFE6,0.048
C0Z2W0,0.047
A0A7G2DTH8,0.047
A0A178VVW4,0.047
A0A654EU40,0.047
Q56YF4,0.047
Q9ZUJ9,0.047
Q708G4,0.047
A0A178VNG2,0.047
J7G5V7,0.047
A0A178USD9,0.047
Q56ZM1,0.047
A0A178WGK4,0.047
Q9C549,0.047
A0A1P8BF65,0.047
A0A178V6W7,0.047
A0A178UHY4,0.047
A0A654FJM5,0.047
A0A178VZC1,0.047
A0A7G2F0A7,0.047
A0A5S9Y448,0.047
Q9LK18,0.047
A0A178UZC5,0.047
Q570A1,0.047
A0A178W5C2,0.047
A0A178UX89,0.047
Q56YI5,0.047
Q944L1,0.047
C0Z3H8,0.047
F4KAP2,0.047
Q9SL45,0.046
A0A178W961,0.046
Q56XI3,0.046
A0A1P8AQK1,0.046
O49793,0.046
A0A178V137,0.046
P15460,0.046
A0A178VW95,0.046
Q9LRU7,0.046
Q9SVH1,0.046
A0A178VEX3,0.046
A0A178V1W6,0.046
A0A1P8AMI0,0.046
A0A178VDT9,0.046
A0A178UJH6,0.046
A0A7G2DWZ5,0.046
A0A178VZJ9,0.046
Q9M7W7,0.046
A0A654G5P6,0.046
Q9FJY2,0.046
A0A178WM36,0.046
A0A178W4B6,0.046
Q9FZ34,0.046
A0A5S9XPU7,0.046
A0A178W9P6,0.046
A0A178VMT6,0.046
A0A5S9XL78,0.046
A0A5S9X571,0.046
Q3YIN4,0.046
A0A178UVZ9,0.046
A0A178UFH3,0.046
A0A178UDE8,0.046
Q9FMK0,0.046
A0A7G2F097,0.046
A0A178UHB6,0.046
V9H0C0,0.046
O48675,0.046
A0A7G2DZE5,0.046
Q9SLF5,0.045
Q9SY45,0.045
A0A178VV23,0.045
A0A178W8N2,0.045
A0A178UMC4,0.045
F4ID99,0.045
A0A178UIQ5,0.045
A0A178VQD7,0.045
A0A384KE42,0.045
A0A1P8AZB2,0.045
A0A178VEX2,0.045
F4JLM2,0.045
O22837,0.045
A0A178V6C1,0.045
Q6E252,0.045
Q8GXH7,0.045
A0MDU3,0.045
A0A178U7Z0,0.045
A0A654F687,0.045
A0A384KGA9,0.045
A0A5S9WNC1,0.045
A0A178W3I2,0.045
A0A5S9WLQ2,0.045
A0A288SSL9,0.045
A0A1P8B7Q1,0.045
A0A178UFG3,0.045
F4I3S4,0.045
A0A654ECI9,0.045
A0A1P8B574,0.045
A0MF32,0.045
A0ME94,0.045
A0A1I9LRJ5,0.045
A0A7G2DZ52,0.044
A0A1P8B2T7,0.044
A0A178VWS4,0.044
Q9LRV4,0.044
Q67ZJ4,0.044
A0A7G2DVU0,0.044
A0A5S9XSL7,0.044
A0A178VNE3,0.044
A0A178UEN5,0.044
A0A178W288,0.044
A0A178VJ09,0.044
A0A178VC10,0.044
O04495,0.044
Q56Y60,0.044
Q8GW86,0.044
A0A178W0Z3,0.044
A0A654F805,0.044
A0A178V184,0.044
A0A7G2FCD7,0.044
A0A178VFL6,0.044
A0A178VYY9,0.044
A0A178W964,0.044
A0A178U5S8,0.044
A0A178UPH4,0.044
A0A178UF99,0.044
O64975,0.044
A0A7G2E540,0.044
A0A7G2F155,0.044
F4IKA7,0.044
Q6AWW2,0.044
A0A178VVB6,0.044
A0A178W9Z5,0.044
A0A654ESA9,0.044
A0A178W2V0,0.044
A0A0B4UL02,0.044
Q9ZQQ9,0.044
A0A178V6K7,0.044
A0A178UVE1,0.044
A0A654EY25,0.044
A0A1P8B5C8,0.044
Q9SAB8,0.044
A0A7G2DS11,0.044
A0A384KPL6,0.044
C7FBQ3,0.043
Q0MVE4,0.043
A0A384L6X6,0.043
A0A2H1ZED8,0.043
A8MQK8,0.043
A0A178V390,0.043
A0A7G2FK74,0.043
A0A5S9WSC5,0.043
Q56ZM0,0.043
A0A7G2FL85,0.043
A0A178UQJ1,0.043
A0A178W3N6,0.043
A0A7G2F8A7,0.043
Q56XK6,0.043
Q9SL83,0.043
A0A5S9YI40,0.043
Q5DWW1,0.043
A0A7G2E394,0.043
A0A178USG3,0.043
A0A178UIQ0,0.043
F4I9P5,0.043
A0A7G2ELE3,0.043
A0A178VQN2,0.043
A0A178V791,0.043
A0A178W9V4,0.043
Q9LPK5,0.043
A0A7G2DYQ2,0.043
A0A7G2DZ42,0.043
O65585,0.043
P42748,0.043
A0A654FC51,0.043
Q6ID26,0.043
V9H0W9,0.043
Q6E237,0.043
A0A178WDV3,0.043
F4JUL9,0.043
A0A178UT10,0.043
Q9FIF4,0.043
A0A178WBE9,0.043
A0A178VMW4,0.043
A0A178V601,0.043
A0A178W6Z9,0.043
A0A7G2EFA2,0.043
A0A178W317,0.043
A0A384KBE6,0.043
Q9FHV6,0.043
B6EUC5,0.042
F4I5L3,0.042
Q9LZI3,0.042
F4IBJ7,0.042
A0A7G2FEP9,0.042
A0A178VJ83,0.042
A0A178VIM2,0.042
A0A178WGZ7,0.042
A0A178VHP8,0.042
A0A178VA40,0.042
A0A5S9WWA5,0.042
A0A1I9LQG9,0.042
A0A178V7Z0,0.042
A0A2H1ZEN2,0.042
O49400,0.042
A0A1P8B163,0.042
E0Y423,0.042
A0A654FHF3,0.042
A0A7G2EV79,0.042
C0Z2R0,0.042
A0A7G2E132,0.042
A0A178UC01,0.042
A0A7G2F6L3,0.042
A0A654FBZ5,0.042
A0A654EKU2,0.042
A0A178VPE8,0.042
A0A654ENF1,0.042
A0A178UZQ9,0.042
A0A178WP18,0.042
A0A178WJU5,0.042
F4J6Z1,0.042
A0A5S9YBN0,0.042
A0A178W0D7,0.042
F4K6X0,0.042
A0A5S9XE57,0.042
A0A7G2EN60,0.042
A0A178VJM6,0.042
A0A178UK57,0.042
B9DF86,0.042
F4J8D7,0.042
A0A384KCJ2,0.042
A0A1I9LR27,0.042
A0A178UZP7,0.042
Q56Z38,0.042
A0A178UWW9,0.042
A0A7G2EID3,0.042
Q9SJK4,0.042
A0A178W188,0.042
A0A178U8I9,0.042
A0A384LGM1,0.042
A0A654FZ57,0.042
A0A178VPE2,0.042
Q9M0P4,0.042
A0A178UK90,0.041
A0A178W546,0.041
A0A654G5A2,0.041
Q9S9W7,0.041
O49763,0.041
A0A178WJD7,0.041
Q8H7H0,0.041
Q9LVP8,0.041
A0A384KL50,0.041
A0A5S9YCL2,0.041
A0A1P8B9R8,0.041
A0A178UY67,0.041
A0A178VH63,0.041
Q9T0E3,0.041
Q9FFW3,0.041
A0A178W7X0,0.041
A0A178WKJ7,0.041
Q84WM4,0.041
Q8S8L5,0.041
A0A178VF32,0.041
A0A7G2ETR2,0.041
A0A178W4E3,0.041
A0A178W029,0.041
Q9LUG7,0.041
Q56Z06,0.041
A0A5S9WDT5,0.041
A0A178W2Z9,0.041
A0A5S9WQI1,0.041
F4JRH9,0.041
Q9SLM5,0.041
A0A178VNB8,0.041
Q9FHW0,0.041
A0A178VWF0,0.041
A0A178WCQ2,0.041
A0A178UHY6,0.041
A0A178W5P2,0.041
Q56W09,0.041
Q9FPI8,0.041
A0A178UUL1,0.04
A0A178VM58,0.04
Q84K21,0.04
A0A178WGH4,0.04
A0A1P8BG50,0.04
C7BCB8,0.04
A0A178U792,0.04
A0A178UCD0,0.04
A0A178VRH9,0.04
F4IG99,0.04
A0A178UFF0,0.04
A0A1P8BDC5,0.04
B3H4S0,0.04
A0A654F5Y9,0.04
F4IMI7,0.04
A0A178U7T5,0.04
F4JHJ5,0.04
A0A178UFV5,0.04
A0A178UGV9,0.04
Q0WM31,0.04
Q0WVF0,0.04
Q84MM8,0.04
A0A1B1W4W1,0.04
A0A654F432,0.04
A0A178WM97,0.04
A0A178VUZ2,0.04
A0A1P8AUX6,0.04
A0A384KR66,0.04
A0A178VZH5,0.04
Q570E5,0.04
B9DHR8,0.04
Q8L7R5,0.04
A0A178VUV6,0.04
A0A178WLV1,0.04
A0A178VEW7,0.04
A0A7G2FC12,0.04
A0A178VZR4,0.04
Q570H7,0.04
A0A654EL21,0.04
A0A7G2EKZ4,0.04
A0A178VNV8,0.04
A0A178UQL6,0.04
Q8GWI8,0.04
Q9LR41,0.04
Q3ECT8,0.04
Q56X07,0.04
A0A178V035,0.04
A0A178UXP4,0.04
A0A1I9LPT8,0.04
Q5Q0H3,0.04
P0CAY4,0.039
A0A178W058,0.039
F4KEU4,0.039
A0A178VYR2,0.039
A0A654G5Z7,0.039
A0A178VDS0,0.039
Q9LT82,0.039
Q9ZVK5,0.039
O82355,0.039
A0A654EGM0,0.039
Q56ZZ8,0.039
F4IGI4,0.039
Q84JT6,0.039
A0A178V9H0,0.039
B3H584,0.039
Q0WUH5,0.039
A0A1B1W4V0,0.039
A0A178VYX4,0.039
A0A654GEM5,0.039
A0A5S9WMJ1,0.039
C7FBK4,0.039
A0A1P8B6B9,0.039
A0A178VWS0,0.039
Q3ZVC2,0.039
Q9STN5,0.039
B3H469,0.039
A0A7G2F5N3,0.039
A0A384KDW1,0.039
A0A5S9XNJ1,0.039
Q0WM10,0.039
A0A5S9Y082,0.039
A0A178VM71,0.039
Q84WN4,0.039
A0A178UUI9,0.039
A0A1B1W4V4,0.039
A0A178VWM4,0.039
A0A178W7E2,0.039
Q9STL7,0.039
A0A1R7T3A7,0.039
A0A7G2FHM2,0.039
Q5XUX9,0.039
F4JE67,0.039
A0A178UJW1,0.039
A0A178UZX9,0.039
A0A7G2F234,0.039
A0A178WQ75,0.039
C0Z331,0.039
A0A178UC95,0.039
Q9XFS8,0.039
C7FBK7,0.039
Q9FIN5,0.039
Q84VM4,0.039
Q29PU2,0.039
A0A178W3R9,0.039
Q9LK05,0.039
Q9FML0,0.039
A0A178V5N8,0.039
A0A178WL64,0.038
Q9SI88,0.038
Q9FJW4,0.038
A0A654F9Q5,0.038
A0A178US78,0.038
A0A178US74,0.038
Q682B1,0.038
A0A178VZC3,0.038
A0A7G2ETX9,0.038
Q9C5T5,0.038
Q9SHA0,0.038
A0A178UN29,0.038
A0A178V953,0.038
A0A5S9XEJ4,0.038
C0Z210,0.038
A0A178UQU9,0.038
A0A654EI49,0.038
A0A1P8AUG0,0.038
A0A178V2T8,0.038
A0A178V6A4,0.038
A0A178W618,0.038
Q8L9N3,0.038
A0A178W531,0.038
Q1PFP8,0.038
A0A178W881,0.038
A0A178VBU7,0.038
A0A7G2EK76,0.038
A0A178WQL1,0.038
A0A178V236,0.038
A0A178USA2,0.038
A0A7G2FJ11,0.038
A0A178UQ87,0.038
A0A654FRX8,0.038
A0A7G2EHH4,0.038
Q3ZVE3,0.038
O81889,0.038
B0LYY0,0.038
F4JP88,0.038
A0A5S9Y484,0.038
A0A178UFP6,0.038
B9DHJ2,0.038
A0A1P8AZH3,0.038
A0A7G2EVU1,0.038
A0A5S9S740,0.038
C0Z222,0.038
A0A654G623,0.038
Q9FVT1,0.038
Q6DYD9,0.038
A0A178UKZ7,0.038
A0MEK3,0.038
A0A178VNN6,0.038
A0A5S9XBI5,0.038
A0A178UE24,0.038
A0A1I9LP95,0.038
A0A178WNT5,0.038
A0A178USF9,0.038
A0A178VZJ4,0.038
A0A5S9WWF1,0.038
Q9SSS4,0.038
A0A178VI86,0.038
Q9XGX9,0.037
Q56WV5,0.037
Q84M88,0.037
Q0WLI4,0.037
A0A7G2ENX9,0.037
A0A1I9LQY0,0.037
A0A178UVV8,0.037
V9H133,0.037
A0A178UI55,0.037
A0A1P8AW97,0.037
A0A178UHV8,0.037
O81738,0.037
A0A5S9WMA4,0.037
A0A178W9E3,0.037
A0A7G2DWL3,0.037
B0ZV73,0.037
C0Z249,0.037
A0A178VPI4,0.037
B6VG96,0.037
A0A5S9YC56,0.037
A0A7G2DTH3,0.037
O04595,0.037
E1A949,0.037
A0A178URA9,0.037
A0A5S9Y5L4,0.037
A0A7G2EHT4,0.037
Q9LIH0,0.037
A0A5S9WYM5,0.037
A0A178U746,0.037
A0A7G2E073,0.037
A0A5S9WNN0,0.037
A0A1P8AUU3,0.037
A0A654EQ79,0.037
Q1PFS0,0.037
A0MEU9,0.037
A0A7G2E8A5,0.037
A0A1P8AY04,0.037
Q56YE6,0.037
A0A178UW41,0.037
A0A654FV00,0.037
Q56ZN0,0.037
A0A178WFT4,0.037
C0Z2I4,0.037
A0A178VXU5,0.037
A0A178UPA7,0.037
A0A384KNW2,0.037
Q9SY65,0.036
A0A178VQQ6,0.036
A0A7G2EEH5,0.036
A0A178UWA1,0.036
A0A178UXQ6,0.036
Q9LQ40,0.036
A0A1P8BGY6,0.036
A0A178UN63,0.036
P93034,0.036
A0A1P8B477,0.036
A0A178V5D6,0.036
Q9M2S7,0.036
O22912,0.036
A0A178UUR5,0.036
A0A178UCC0,0.036
A0A178VRC4,0.036
V9H041,0.036
A0A7G2E0J9,0.036
A0A1P8B9Q2,0.036
A0A1P8B5H8,0.036
A0A5S9Y8B3,0.036
A0A0K1CVP8,0.036
A0A178UVM6,0.036
A0A178WFY0,0.036
V9H006,0.036
A0A178W2W5,0.036
A0A7G2EHW1,0.036
B0ZVP8,0.036
C7FB70,0.036
A0A178V893,0.036
A0MDL9,0.036
A8MSG2,0.036
A0A5S9Y6Z2,0.036
Q84N39,0.036
A0A5S9XRZ3,0.036
Q9LI63,0.036
Q8LCM7,0.036
A0A178UJ36,0.036
A0A178UB10,0.036
A0A1P8APJ1,0.036
Q56ZT4,0.036
B7ZEI2,0.036
A0A1P8B8Z3,0.036
A0A178U9W6,0.036
Q9FGA7,0.036
F4JG28,0.036
A0A1P8B8G8,0.036
A0A178VNP8,0.036
O81063,0.036
A0A178WHK9,0.035
A0A178UKE7,0.035
F4HXM8,0.035
A0A178UAN6,0.035
P82647,0.035
A0A1I9LNN7,0.035
Q56YE5,0.035
A0A178UJC8,0.035
O82179,0.035
A0A178V5V8,0.035
A0A7G2DZK8,0.035
A0A7G2F3Z5,0.035
A0A5S9WJB4,0.035
A0A178WK11,0.035
A0A7G2E2R8,0.035
Q9SKJ1,0.035
A0A178UE22,0.035
A0A178UXL4,0.035
A0A178VJW9,0.035
A0A178VZA2,0.035
F4HT36,0.035
Q45GN4,0.035
A0A178UXL3,0.035
A0A178VCF3,0.035
Q1G320,0.035
A0A178W558,0.035
A0A1I9LQL8,0.035
A0A178UZ67,0.035
A0A178VEM4,0.035
A0A5S9XQL5,0.035
A0A178VI80,0.035
A0A654FFC0,0.035
A0A654EHP0,0.035
A0A1P8AYD6,0.035
A0A654F2S8,0.035
A0A7G2ED80,0.035
A0A178W8B3,0.035
F4JUT8,0.035
Q6NNM9,0.035
P93036,0.035
A0A2H1ZEB4,0.035
Q0WMQ8,0.035
Q9FGT8,0.035
Q0WPE5,0.035
A0A654FD90,0.035
A8MR51,0.035
Q9T0C9,0.035
Q9FF09,0.035
A0A178UWX5,0.035
A0A178WJS8,0.034
F4IIH6,0.034
A0A178WDU8,0.034
A0A178V6B8,0.034
A0A5S9X7V0,0.034
A0A7G2E8G1,0.034
A0A178UIB9,0.034
A0A178VV09,0.034
A0MDY2,0.034
Q56WJ4,0.034
A0A178VPR9,0.034
Q9LP43,0.034
A0A178W5R7,0.034
A0MDY9,0.034
Q9LMV6,0.034
A0A178UBT9,0.034
A0A178WEP3,0.034
A0A178VYF0,0.034
A0A5S9WL58,0.034
A0A178VUI1,0.034
A0A178WJY7,0.034
A0MFK1,0.034
A0A654EPF3,0.034
A0A178WNS5,0.034
O82310,0.034
Q56ZF6,0.034
Q9S763,0.034
B9DI24,0.034
A0A7G2FD38,0.034
A0A178VNU5,0.034
A0A5S9WLS9,0.034
A0A178VNH4,0.034
Q3ECR8,0.034
A0A384L021,0.034
A0A178V0S6,0.034
A0A7G2EYT4,0.034
A0A1I9LM48,0.034
A0A654F5P0,0.034
Q0WSG8,0.034
A0A178UT92,0.034
A0A654FYA2,0.034
Q9C8X3,0.034
A0A178W226,0.034
Q84LS2,0.034
Q9C567,0.034
A7Y5V4,0.034
Q9ZVP6,0.034
A0A178UDE5,0.034
A0A384KUY6,0.034
A0A654EKQ2,0.034
A0A384L8D6,0.034
Q6KFT3,0.033
Q1G376,0.033
A0A1I9LLK8,0.033
C0Z2F4,0.033
Q9M892,0.033
A0A178UPB9,0.033
A0A1P8ARE9,0.033
A0A178VEH8,0.033
A0A178V9X1,0.033
A0A5S9X6X9,0.033
A0A1P8B757,0.033
A0A178UDA9,0.033
A0A3G1CH73,0.033
A0A178UAW8,0.033
A0A178V8A3,0.033
A0A654FCH0,0.033
A0A178V0T5,0.033
A0A178UCT0,0.033
Q8L8Z6,0.033
A0A178UE34,0.033
A0MEF5,0.033
Q0WLZ1,0.033
B3H6X7,0.033
Q0WN71,0.033
Q9LF91,0.033
Q0WRC4,0.033
Q84U25,0.033
A0A1P8B516,0.033
Q681T2,0.033
A0A178V2C0,0.033
A0A1P8B3C0,0.033
A0A178W5I3,0.033
F4JZK9,0.033
A0A654FVY7,0.033
A0A1B1W4Y2,0.033
Q0WN11,0.033
A0A654FZU0,0.033
A0A178UXD7,0.033
A0A178UEE3,0.033
F4IDV3,0.033
A0A1P8ASA8,0.033
A0A384KCI1,0.033
A0A178UU55,0.033
A0A178U981,0.033
A0A178U9M0,0.033
Q67YM6,0.033
A0A178UC75,0.033
A0A1P8B9Z0,0.033
A0A5S9WNH2,0.032
A0A178UM54,0.032
A0A7G2F9T5,0.032
A0A178UH33,0.032
Q8LPF9,0.032
A0A5S9WLC3,0.032
A0A7G2DXQ3,0.032
A0A654GAD8,0.032
Q9LMU2,0.032
F4KBV0,0.032
A0A178V612,0.032
Q2V3J8,0.032
A0A7G2EQZ5,0.032
A0A7G2E459,0.032
Q76K82,0.032
Q56ZN1,0.032
A0A178W130,0.032
A8MRQ7,0.032
A0A178UK35,0.032
A0A178W914,0.032
A0A5S9X6N1,0.032
A0A178UPL4,0.032
A0A0K2S4S0,0.032
A0A1P8B705,0.032
A0A5S9XQQ9,0.032
A0A654ELT9,0.032
A0A5S9SKJ4,0.032
A0A178UQ78,0.032
A0A5S9WKL5,0.032
C0Z311,0.032
A0A178WLX4,0.032
Q9SI36,0.032
Q93W30,0.032
A0A178WHN5,0.032
A0A5S9W3U9,0.032
A0A5S9XSY2,0.032
A0A178VFA9,0.032
A0A178V433,0.032
A0A5S9XH89,0.032
A0A384LCB2,0.032
A0A178UPN4,0.032
Q3ZVD9,0.032
O49777,0.032
A0A178VCG3,0.032
A0A178UIS1,0.032
A0A178V8T5,0.032
A0A5S9XNC5,0.032
A0A178VHL8,0.032
A0A178WEU6,0.032
A0A178VJ38,0.032
Q9XIM7,0.032
A0A654FE68,0.032
A0A178UNJ9,0.032
A0A7G2FB32,0.032
Q8S4V2,0.032
A0A654ESB3,0.032
A0A1P8B135,0.032
A0A178VGL9,0.032
Q9SDY5,0.032
A0A1P8B1K4,0.032
Q8S8H0,0.032
A0A5S9XQ50,0.032
Q9FYJ9,0.032
A0A654G778,0.032
A0A178VNM7,0.032
A0A654G5F6,0.032
A0A178VVF2,0.032
A0A178VVR6,0.032
O81417,0.032
A0A654EQ89,0.032
A0A0B4ULM9,0.032
A0A7G2ENA9,0.032
A0A654EL47,0.032
A0MDQ4,0.031
A0A178UZF3,0.031
A0A5S9X6Z7,0.031
A8MS77,0.031
O48578,0.031
A0A654G2T3,0.031
A0A5S9XJJ0,0.031
A0A384KMG2,0.031
Q3E7R1,0.031
A0A178W2C7,0.031
A0A5S9XPC2,0.031
Q56ZK6,0.031
Q3EAG0,0.031
A0A1P8BDA4,0.031
Q8GY21,0.031
A0A7G2DRC1,0.031
A0A178VQ95,0.031
A0A5S9XST5,0.031
Q56WE6,0.031
A0A654F372,0.031
A0A178W5Y0,0.031
Q8VY85,0.031
A0A178UWS3,0.031
A0A7G2EIT2,0.031
A0A5S9XH41,0.031
F4HTB2,0.031
A0A178UL68,0.031
A0A7G2EPP4,0.031
A0A7G2DRI4,0.031
Q9C7P3,0.031
Q0WTR1,0.031
A0A178VX24,0.031
A0A7G2ERS5,0.031
Q8GY36,0.031
A0ME09,0.031
A0MFA9,0.031
Q56WP8,0.031
A0A7G2ESS1,0.031
A0A654G1V2,0.031
A0A178V0M6,0.031
A0MDX4,0.031
A0A7G2FEI1,0.031
A0A178VQD8,0.031
A0A7G2E2T6,0.031
A0A5S9Y5R4,0.031
A0A384LCI5,0.031
A0A178VHN8,0.031
A0A178VP32,0.031
A0A5S9XI66,0.031
Q56YR4,0.031
A0A178UX52,0.031
A0A1P8AQN6,0.031
A0A654FN96,0.031
F4J405,0.031
O23239,0.03
A0A178V851,0.03
A0A178VZY4,0.03
A0A178UD76,0.03
A0A178VES4,0.03
Q0WTB9,0.03
A0A178VJQ8,0.03
B9DI38,0.03
Q0WU69,0.03
A0A178UMN5,0.03
Q9MBH1,0.03
F4K8V7,0.03
Q1H5G2,0.03
A0A7G2FHK5,0.03
Q1PFH7,0.03
P82781,0.03
Q94CK3,0.03
P92986,0.03
A0A178VF08,0.03
A0A178UKC3,0.03
A0A654FPL4,0.03
A0A178UY76,0.03
A0A5S9WJL7,0.03
Q9S9Z3,0.03
A0A5S9XT91,0.03
A0A1P8B3W1,0.03
Q9FFZ6,0.03
A0A654FLQ7,0.03
Q9M0T1,0.03
A0A7G2E4K1,0.03
A0A7G2F1Y7,0.03
Q0WTK6,0.03
A0MJW6,0.03
A0A384LHQ5,0.03
A0A178VQY2,0.03
Q5DWV9,0.03
A0A178W284,0.03
A0A1P8ANV1,0.03
A0A178V1U3,0.03
A0A178UQA8,0.03
A0A1P8AMK3,0.03
A0A1P8AXQ8,0.03
A0A5S9Y1Z8,0.03
A0A178W6M0,0.03
A0A1P8BD70,0.03
A0A5S9XHU9,0.03
A0A1B1W4W5,0.03
A0A178VYQ0,0.03
Q56YV6,0.03
A0A178UBT2,0.03
A0A178WA99,0.03
A0A7G2EAW5,0.03
A0A7G2EUU1,0.03
A0A178WDJ1,0.03
Q9LJT0,0.03
A0A5S9XRG2,0.029
A0A178UUI3,0.029
A0A178V9W1,0.029
Q9FJS7,0.029
A0A654EYZ1,0.029
Q9SX24,0.029
A0A0B4UMR6,0.029
Q56ZN9,0.029
A0A178UZ60,0.029
A0A178W365,0.029
A0A178WBX0,0.029
A0A5S9XQI6,0.029
Q8L9M6,0.029
A0A7G2EZL7,0.029
A0A7G2E4F7,0.029
A0A1P8AMM0,0.029
A0A178WM02,0.029
P29380,0.029
A0A178W011,0.029
A0A178W0E6,0.029
A0A7G2EF16,0.029
A0A1P8B0V4,0.029
A0A7G2EGN2,0.029
A0A1P8ARU2,0.029
Q9FLM4,0.029
A0A178W730,0.029
Q56Z98,0.029
Q56ZZ6,0.029
A0A7G2EEZ7,0.029
Q8GXK7,0.029
Q9FLY2,0.029
F4KH94,0.029
A0A178UZZ7,0.029
Q9ZUG0,0.029
F4JF10,0.029
A0A5S9YB63,0.029
A0A178U8J3,0.029
Q6DSS4,0.029
Q19FW2,0.029
Q9C9M6,0.029
A0A5S9YA16,0.029
A0A7G2E4K4,0.029
A0A178UWU9,0.029
A0A178UY53,0.029
Q9LEV4,0.029
A0A7G2EFK6,0.029
F4KFG1,0.029
A0A7G2FE48,0.029
A0A178W3X0,0.029
A0A178VG09,0.029
A0A1P8ANB9,0.029
A0A178W4H3,0.029
A0A5S9XD86,0.029
A0A178VQN5,0.029
A0A178VNR2,0.029
F4J9T0,0.029
A0A654FAU1,0.029
A0A178UFK7,0.029
F4HTA0,0.029
A0A654FVD9,0.029
Q0WRE5,0.029
A0A178U907,0.029
A0A178VSG7,0.029
A0A7G2DXA8,0.029
A0A178W2L8,0.029
A0A178WIH3,0.029
Q9MBH0,0.029
Q949Z8,0.029
A8MQL5,0.029
A0A178WIX7,0.029
B3H464,0.029
O65569,0.029
A0A654E5V8,0.028
A0A384LFC3,0.028
A0A7G2FEN5,0.028
A0A178UEJ7,0.028
A0A178U8R5,0.028
A0A5S9XR45,0.028
Q56Z42,0.028
A0A178WLP1,0.028
A0A384LLA3,0.028
Q56ZL0,0.028
A0A178USA6,0.028
A0A384K9Y7,0.028
A0A654ER25,0.028
A0A178WLR7,0.028
A0A5S9WQM6,0.028
Q56YZ1,0.028
A0A178UPP3,0.028
A0A1P8BEQ5,0.028
A0A384LJQ2,0.028
A0A654G6I0,0.028
A0A178UDP2,0.028
Q6NLV1,0.028
A0A1P8AXN5,0.028
A0A178UH21,0.028
A0A178VFM0,0.028
A0A7G2EVQ1,0.028
A0A5S9X1D8,0.028
Q9LVV8,0.028
B3H5V7,0.028
A0A7G2E3K3,0.028
A0ME20,0.028
A0A178UD75,0.028
A0A178VRU8,0.028
A0A178WIR6,0.028
Q8H779,0.028
A0A384KVQ7,0.028
Q0WR80,0.028
Q8H174,0.028
A0A7G2EVL3,0.028
A0A178USP0,0.028
A0A7G2EQ37,0.028
Q84W48,0.028
A0A1P8B3Y8,0.028
A0A178VY19,0.028
Q9LQI4,0.028
Q9FFG5,0.028
A0A7G2EQG3,0.028
A0A178W7B3,0.027
A0MF27,0.027
A0A178UFD5,0.027
Q56ZK3,0.027
A0A5S9Y5U9,0.027
A0A178UJR6,0.027
A0A7G2DXF9,0.027
A0A178UDZ1,0.027
Q1G390,0.027
A5YXN0,0.027
Q3E8E3,0.027
Q9LIK5,0.027
A0A384KNJ4,0.027
A0A178WKG0,0.027
A0A178W941,0.027
A0A178WJJ2,0.027
A0A178W4M4,0.027
Q56Z65,0.027
A0A178W0C1,0.027
Q8GYJ9,0.027
A0A7G2FPQ2,0.027
A0A178UNL3,0.027
P57741,0.027
A0A178VPG1,0.027
A0A178VY44,0.027
A0A1P8B3Z7,0.027
A0A178UKH3,0.027
A0A1P8B252,0.027
A0A178UIN5,0.027
F4J5R0,0.027
Q56ZZ1,0.027
Q0WMU2,0.027
Q9LJQ9,0.027
A0A178WK02,0.027
A0A5S9X863,0.027
A0A178V7K7,0.027
O64840,0.027
B3H5I6,0.027
A0A178VUV4,0.027
A0A178WNG2,0.027
A0A5S9Y1S7,0.027
V9H110,0.027
A0A178UEE9,0.027
A0A178VZ65,0.027
Q56ZI9,0.027
A0A178V0R1,0.027
A0A178VSQ8,0.027
Q0WN16,0.027
A5YWV3,0.027
Q9LNN9,0.027
A0A1P8B2G5,0.027
Q9LS63,0.027
A0A178VVJ5,0.027
Q9ZQD0,0.027
Q9SSE6,0.027
A0A178WIF2,0.027
A0A178VKL6,0.027
A0A178VTR3,0.027
A0A5S9YDJ8,0.027
A0A178VU53,0.027
Q3E7K1,0.027
Q9ASW7,0.027
Q570V2,0.027
A0A7G2FPS8,0.027
Q9C6K2,0.027
A0A178VIK1,0.027
Q9M0U2,0.027
A0A178UZ23,0.027
A0A5S9ULR6,0.027
A0A5S9RUQ4,0.027
A0A178V230,0.027
A8MQZ2,0.027
Q9LMH8,0.027
A0A178V0R6,0.027
O22690,0.027
A0A1P8B381,0.026
A0A384KSW6,0.026
A0A7G2DN53,0.026
A0A178UNV4,0.026
Q8LDN7,0.026
A0A178UDI0,0.026
A0A7G2FG17,0.026
Q7M1E5,0.026
A0A178UUB0,0.026
A0A178W2U8,0.026
Q56ZE2,0.026
A0A178W5Y8,0.026
A0A654FRD7,0.026
A0A178VDX1,0.026
Q8W579,0.026
A0A1P8AY78,0.026
A0A178WHT0,0.026
Q9SAF8,0.026
A0A654GEJ3,0.026
A0A654EWJ0,0.026
A0A178W593,0.026
F4KAP9,0.026
P92523,0.026
A0A654FVV8,0.026
A0A5S9WRS2,0.026
O80542,0.026
A0A5S9XJN4,0.026
A0A654FGB9,0.026
A0A7G2ENJ2,0.026
A0A288SSW0,0.026
A0A178UCL2,0.026
A0A178UGF2,0.026
A0A178UQH2,0.026
A0A178V888,0.026
A0A178VS79,0.026
P82624,0.026
Q9SS63,0.026
A0A178V2S9,0.026
A0A178VXZ8,0.026
A0A178UK69,0.026
Q3YIH7,0.026
A0A178VA71,0.026
A0A178UYP7,0.026
A0A178UNJ6,0.026
A0A178URH1,0.026
A0A7G2EVD0,0.026
C0Z3E0,0.026
A0A178VD82,0.026
A0A5S9XPG1,0.026
A0A178W3H0,0.026
A0A5S9XSI1,0.026
A0A7G2E2E6,0.026
Q9LV66,0.026
A0A178UBX6,0.026
A0A654EB00,0.026
Q9LS77,0.026
Q3EAR3,0.026
Q7XJK2,0.026
A0A5S9Y840,0.026
A0A178VS49,0.026
A0A178V9H8,0.026
C0Z397,0.026
Q9M2U0,0.026
A0A178UBI3,0.026
A0A178WNT2,0.025
Q9SK51,0.025
A0A5S9X0F2,0.025
O64834,0.025
A0A5S9WXZ0,0.025
A0A654F8F3,0.025
A0A7G2DU71,0.025
Q84X25,0.025
A0A178UTW6,0.025
Q3E7N5,0.025
Q8GXT1,0.025
F4HYC6,0.025
A0A178WGK7,0.025
A0A178WJJ4,0.025
A0A178WGM7,0.025
Q9LUF5,0.025
A0A654EP12,0.025
A0A1P8ATV5,0.025
A0A178VVT8,0.025
A0A178UT48,0.025
Q8GWW9,0.025
A0A178WAF0,0.025
Q9SSK6,0.025
A0A178UCY9,0.025
Q9SIW7,0.025
B2CUV8,0.025
A0A654ELG0,0.025
A0ME67,0.025
Q9SHV8,0.025
A0A178W2I0,0.025
A0A178US36,0.025
A0A654G5S3,0.025
Q9M275,0.025
A0A178UD43,0.025
A0A7G2E817,0.025
A0A178UJY3,0.025
A0A178UFR9,0.025
A0A178WN97,0.025
A0A178VLB3,0.025
A0A5S9XR80,0.025
Q8L8R7,0.025
A0A178VPH4,0.025
A0A7G2EF89,0.025
A0A5S9XVW9,0.025
Q9M2G9,0.025
A0A7G2EC86,0.025
Q9C9L1,0.025
Q94C13,0.025
A0A178VTG9,0.025
A0A7G2F5J4,0.025
A0A7G2EP69,0.025
A0A178VT66,0.025
A0A178WMJ0,0.025
Q3E985,0.025
Q56ZT5,0.025
A0A654F1G7,0.025
A0A5S9XKA3,0.025
Q8GY86,0.025
A0A654G5U0,0.025
A0A7G2FC72,0.025
P82765,0.025
A0A178V323,0.025
A0A178VQ17,0.025
A0A654EV63,0.025
Q570D2,0.025
Q5XVB9,0.025
Q9ZRK6,0.025
A0A7G2DWY1,0.025
A0A178UAY8,0.025
A0A178V8R8,0.025
A0A7G2E034,0.025
A0A5S9WX33,0.025
A0A178WAV3,0.025
A0A178V2R4,0.025
Q42024,0.025
F4J8G8,0.025
A0A178VS71,0.025
A0A178VTB2,0.025
A0A5S9Y990,0.025
Q9S7F8,0.025
A0A1I9LRG5,0.025
A0A178V0D5,0.025
A0A178UJE6,0.025
A0A654EVR9,0.024
B9DGC9,0.024
A0A5S9WXZ8,0.024
F4HPE4,0.024
P0DKH2,0.024
A0A178UZM2,0.024
A0A5S9XTA6,0.024
A0A178UT73,0.024
Q9XIR0,0.024
Q9LYE8,0.024
A0A178UM80,0.024
A0A654FYA9,0.024
A0A178WL25,0.024
Q56WK9,0.024
A0A178VDV8,0.024
A0A178WK20,0.024
Q1PFB6,0.024
A0A178VS72,0.024
Q9SB21,0.024
Q0WLP8,0.024
C7BCB7,0.024
A0A178WD96,0.024
A0A178UQ99,0.024
A0A1P8AM64,0.024
A0A178UYA8,0.024
A0A178URY2,0.024
A0A654F827,0.024
Q9FUA7,0.024
A0A178VKE7,0.024
A0A178VNT6,0.024
A0A7G2F0K0,0.024
A0A178VDV4,0.024
Q9XFS7,0.024
Q3EBE3,0.024
F4K3N8,0.024
A0A178VGD8,0.024
A0A178ULA2,0.024
A0A178UJ78,0.024
Q56Z71,0.024
A0MJS8,0.024
Q3ZVC3,0.024
A0A178W9B3,0.024
Q9FWX3,0.024
A0A178VTU1,0.024
A0A178VNT9,0.024
A0A178WH97,0.024
A0A178VW11,0.024
A0A7G2EVI6,0.024
A0A178UP89,0.024
A0A654G4Y1,0.024
A0A654EFF9,0.024
A0A178WGG0,0.024
A0A178UDC7,0.024
A0A178VPV3,0.024
A0A7G2ES34,0.024
A0A178VBQ8,0.024
F4JUE0,0.024
A0A1P8BBZ1,0.024
A0A178VSD9,0.024
A0A178W794,0.024
Q84X21,0.024
A0A178V2N5,0.024
A0A178WEL5,0.024
A0A5S9WZ09,0.024
A0A178URX4,0.024
A0A178UJ27,0.024
A0A7G2FDU2,0.023
Q9LJM5,0.023
Q9FZ63,0.023
A0A1P8BG06,0.023
A0A178UH80,0.023
A0A654FHE9,0.023
A0A654EHX6,0.023
B3H562,0.023
Q9C8R7,0.023
A0A178US22,0.023
A0A1P8BH47,0.023
A0A178V334,0.023
A0A178VT70,0.023
A0A178WM89,0.023
A0A7G2E7B4,0.023
A0A5S9TZC6,0.023
A0A7G2ENI8,0.023
Q9LG13,0.023
A0A178WI87,0.023
A0A178UUV4,0.023
A0A178W788,0.023
A0A178UGZ4,0.023
A0A178VIM9,0.023
A0A1P8AQC2,0.023
A0A654G1Y1,0.023
A0A178WMW8,0.023
A0A7G2FGX5,0.023
Q2V441,0.023
A0A178U8V2,0.023
Q56Z94,0.023
A0A178VCC1,0.023
Q9C624,0.023
A8MQI0,0.023
Q94K65,0.023
A0A0B4UKY5,0.023
Q8H7C2,0.023
P56804,0.023
Q56XC0,0.023
B3H4L7,0.023
A0A384L1F2,0.023
Q9SSS1,0.023
A0A7G2EYI3,0.023
O23298,0.023
A0A178WKX4,0.023
A0A178UCK5,0.023
A0A654G7A8,0.023
C0Z2F5,0.023
A0A178UJA6,0.023
A0A384L7L3,0.023
A0A1P8B6C8,0.023
A0A178VSL8,0.023
A0A1P8AXK4,0.023
A0A654G5R9,0.023
Q9LRR1,0.023
A0A178W3R4,0.023
Q9C504,0.023
A0A178V717,0.023
A0A178WEK9,0.023
A0A654G495,0.023
A0A178V5Z6,0.023
A0A5S9XH50,0.023
A0A7G2ELU0,0.023
A0A178UGR5,0.023
Q8LDF3,0.023
A0A5S9STC3,0.023
A0A7G2E9E2,0.023
A0A1I9LNU8,0.023
A0A5S9WNN7,0.023
Q8LEI3,0.023
A0A178W1F7,0.023
A0A654GCD3,0.023
A0A5S9X9L8,0.023
A0A178VHK0,0.023
A0A1P8B5U2,0.023
A0A7G2F9U8,0.023
A0A178U822,0.023
A0A384KA19,0.023
A0A7G2E7Z0,0.022
Q94JV6,0.022
A0A654EKU8,0.022
A0A178W3Q1,0.022
Q1G2Y4,0.022
A0A654EY98,0.022
A0A178WLI3,0.022
Q6AWW0,0.022
Q56WK2,0.022
A0A178UI89,0.022
A0A178V2G9,0.022
A0A178VFB3,0.022
A0A178U651,0.022
C7FBY8,0.022
A0A178W8M2,0.022
A0A178W075,0.022
P82625,0.022
O81058,0.022
A0MDL6,0.022
Q56WJ6,0.022
A0A178WG62,0.022
Q9LW65,0.022
A0A178V695,0.022
O82377,0.022
A0A654F449,0.022
A0A178W2Z3,0.022
A0A178VBV8,0.022
A0A178VID6,0.022
A0A178UGX3,0.022
A0A178UD68,0.022
D9UBF4,0.022
A0A178VTD1,0.022
Q9SYD9,0.022
A0A7G2F1B5,0.022
A0A384LLD4,0.022
A0A7G2EZZ1,0.022
A0A7G2EAB2,0.022
Q9LHE1,0.022
Q3E7T9,0.022
A0A1P8B767,0.022
Q2V2Y3,0.022
Q1G378,0.022
O65561,0.022
A0A5S9XQY1,0.022
A0A178VHH4,0.022
A0A178WDC1,0.022
Q9C8Y2,0.022
A0A178UBL4,0.022
A0A178VLA8,0.022
A0A178WM74,0.022
B7T504,0.022
A0A178VFH3,0.022
A0A178UE84,0.022
Q570I3,0.022
A0A7G2E6H8,0.022
A0A178VZD2,0.022
F4IA25,0.022
A0A178V4T1,0.022
A0A5S9XD43,0.022
A0A178UQF9,0.022
Q9C737,0.022
A0A178UR08,0.022
A0A178UZI7,0.022
A0A178UTG0,0.022
A0A178UBG2,0.022
A0A178UU51,0.022
Q5Q0G1,0.022
A0A178UV47,0.022
A0A5S9XFB0,0.022
A0A7G2EXK5,0.022
C0Z2Y6,0.022
Q56ZX5,0.022
F4HUG8,0.022
A0A178WH57,0.022
A0A2H1ZE72,0.022
B9DI64,0.022
P82760,0.022
A0A178UD11,0.022
A0A7G2E2K4,0.022
A0A178WJA5,0.022
A0A178VDN1,0.021
A0A178V5J3,0.021
A0A5S9XQQ1,0.021
A0A178VRP7,0.021
A0A654G330,0.021
A0A178W9C0,0.021
A0A5S9XI93,0.021
A0A178VYR3,0.021
A0A654FV85,0.021
G1C2X2,0.021
A0A178WHE5,0.021
Q0WQN1,0.021
A0A7G2E0Z2,0.021
A0A178UN91,0.021
A0A654FLP9,0.021
A0A1P8AMW4,0.021
A0A178UDW5,0.021
A0A178UDG7,0.021
A0A178V064,0.021
A0A7G2DTZ4,0.021
B3H7D8,0.021
A0A178UX18,0.021
U3N126,0.021
O23830,0.021
O49603,0.021
B3H6F6,0.021
A0A654F2U8,0.021
A0A5S9Y9T1,0.021
A0A178VIE8,0.021
A0A7G2F127,0.021
E1A904,0.021
A0A384KY61,0.021
O64847,0.021
A0A654FFZ2,0.021
A0A7G2EG11,0.021
O23036,0.021
A0A5S9WLS4,0.021
Q7DLH3,0.021
Q9LS44,0.021
Q93W37,0.021
A0A178W3U7,0.021
A0A654FY23,0.021
A0A178VT24,0.021
Q9SR60,0.021
A0A178VR40,0.021
A0A178VQJ3,0.021
A0A1I9LTU7,0.021
A0A0B4ULJ4,0.021
Q9FJS4,0.021
A0A178UTD7,0.021
A0A178W9M2,0.021
A0A654EFZ4,0.021
C0Z256,0.021
F4K2D3,0.021
A0A178VUW3,0.021
A0A1P8B3V7,0.021
A0A178VCL4,0.021
A0A178UBY1,0.021
Q56ZP2,0.021
A0A654FG43,0.021
A0A178UD65,0.021
A0A654FS44,0.021
A0A178V4L2,0.021
A0A654G8S3,0.021
A0A178WJR1,0.021
A0A178VX80,0.021
A0A178V1F8,0.021
A0A178V2H8,0.021
Q08123,0.021
Q3EBC0,0.021
A0A5S9X3P4,0.021
A0A5S9XA69,0.021
A0A178VY64,0.021
A0A178UIZ3,0.021
O49769,0.021
A0A178VFC7,0.021
A0A178UYZ2,0.021
A0A178WMK3,0.021
A0A7G2E1W1,0.021
A0A178W0Q9,0.021
A0A5S9YBP3,0.021
A0A178WAJ8,0.021
A0A7G2EEZ6,0.021
A0A5S9X6I3,0.021
A0A7G2E5S1,0.021
F4JLH5,0.021
Q9XIR8,0.021
B3H4J5,0.021
A0A178UG24,0.02
A0A5S9WXT0,0.02
A0A7G2F833,0.02
A0A7G2F8B0,0.02
A0A178VV13,0.02
A0A178UH32,0.02
A0A654F0P2,0.02
F4K455,0.02
A0MDI6,0.02
A0A1P8BBN7,0.02
Q9LPM6,0.02
Q1PFK9,0.02
A0A5S9WR96,0.02
A0A178W344,0.02
A0A5S9XHT9,0.02
B3H5H0,0.02
A0A178U6N2,0.02
A0A7G2E831,0.02
A0A178USI3,0.02
A0A1P8ASH7,0.02
A0A654EX06,0.02
A0A178UUB5,0.02
F4IZD3,0.02
Q94JV2,0.02
Q3E715,0.02
Q9C9P5,0.02
A0A178VAQ9,0.02
A0A5S9WGM4,0.02
A0A178UIL2,0.02
A0A178VTS4,0.02
A0A178USP4,0.02
Q9M3S0,0.02
Q9LS11,0.02
A0A178UGP2,0.02
Q0WT10,0.02
A0A654EH47,0.02
Q5Q0I2,0.02
A0A1P8AUM0,0.02
Q9SSS2,0.02
A0A1P8B0P3,0.02
A0A654FBS4,0.02
A0A5S9Y8F8,0.02
A0A178VXM5,0.02
Q9FI08,0.02
A0A5S9WSX5,0.02
A0A178VFU6,0.02
Q93WN3,0.02
A0A7G2EGY4,0.02
F4JMB8,0.02
A0A178UDK7,0.02
Q6NNM1,0.02
Q3EAA9,0.02
Q570J8,0.02
A0A178VNX6,0.02
A0A178UXQ0,0.02
Q9S9W6,0.02
Q3ECF8,0.02
A0A654EFQ4,0.02
A0A178WFV5,0.02
Q56ZP4,0.02
A0A7G2EW93,0.02
Q9SK42,0.02
A0A7G2EDW4,0.02
A0A178WLG3,0.02
Q8LG79,0.02
Q2V325,0.02
A8MQ81,0.02
A0A178UTE2,0.02
A0A7G2FH75,0.02
B2CU70,0.02
A0A178VIA2,0.02
A0A654FI55,0.02
B0LZM3,0.02
Q8LBX6,0.02
A0A178VQA7,0.02
A0A654G4P0,0.02
A0A178U7D9,0.02
A0A654EQV6,0.02
A0A5S9WTC3,0.02
A0A178V187,0.02
Q9SVF2,0.02
A0A178V4V9,0.02
A0A178UGE5,0.02
A0A178VV38,0.02
A0A178W1D7,0.02
A0A178VQE8,0.019
A0A178UF43,0.019
F4K657,0.019
A0MF68,0.019
A0A1P8B528,0.019
Q9FGT3,0.019
Q9LXT3,0.019
Q1G3F9,0.019
A0A178VHG9,0.019
Q8LGK7,0.019
A8MQ98,0.019
A5YYC6,0.019
A0A178VP46,0.019
A0A7G2F8U2,0.019
Q9TJZ2,0.019
A0A7G2DQT2,0.019
A0A7G2ENG6,0.019
A0A178VP19,0.019
F4IBL0,0.019
Q9LQI3,0.019
A0A654FI83,0.019
A0A384LDR8,0.019
A0A5S9X839,0.019
Q9LRU0,0.019
A0A178UUH5,0.019
P0DN96,0.019
A0A178UTF9,0.019
A0A7G2FDW3,0.019
O49787,0.019
A0A7G2EB34,0.019
A0A1P8APD5,0.019
Q7DN74,0.019
P82636,0.019
Q9ZPG2,0.019
Q682I1,0.019
Q9T039,0.019
Q8S8T8,0.019
B3H7H0,0.019
A0A5S9X6C6,0.019
Q3ECU8,0.019
Q570N1,0.019
Q9FLX7,0.019
Q9ZRK5,0.019
A0A5S9WVY6,0.019
A0A178VS01,0.019
Q8GXA5,0.019
A0A178UKL2,0.019
Q9SUI0,0.019
Q9LVC0,0.019
A0A178ULV5,0.019
Q56Z27,0.019
A0A1P8AVV8,0.019
Q570N5,0.019
B3H743,0.019
A0A178VU98,0.019
Q8GYS8,0.019
A0A654G4W5,0.019
A0A178VW83,0.019
A0A654F7I2,0.019
Q6NLE0,0.019
A0A5S9WPK4,0.019
A0A7G2DSB6,0.019
A0A178UFN2,0.019
A0A384K8C2,0.019
A0A1I9LPU0,0.019
A0A178UBS9,0.019
A0A7G2F7Q4,0.019
Q6ICZ9,0.019
A0A1P8AQL0,0.019
A0A654FBU1,0.019
A0A7G2DQ52,0.019
A0A654F457,0.019
A5YYJ7,0.019
Q9SFC2,0.019
A0A7G2ENB2,0.019
A0A654GAL2,0.019
A0A1P8BHG8,0.019
A0A178VH82,0.019
B3H5A5,0.019
A0A178W217,0.019
C0Z2Y3,0.019
A0A5S9Y4L6,0.019
Q9XIC9,0.019
A0A178V177,0.019
Q2V2W2,0.019
A0A178UV95,0.019
C0Z267,0.019
A0MEE0,0.019
C0Z350,0.019
A0A178VYU9,0.019
A0A178W3I4,0.019
A0A178W6Z5,0.019
A0A178W168,0.019
A0A178U7S0,0.019
P54121,0.018
A0A7G2FKG7,0.018
A0A178W1L2,0.018
A0A178UJF4,0.018
A0A5S9XVH9,0.018
Q9M284,0.018
A0A7G2FK25,0.018
A0A7G2F2K8,0.018
P82795,0.018
Q9LY01,0.018
C0Z2F7,0.018
A0A178V464,0.018
A0A178UVI8,0.018
A0A178VJL2,0.018
A0A178W044,0.018
A0A5S9XKA7,0.018
P82779,0.018
A0A178UEA3,0.018
A0A178UEG9,0.018
A0A178UY33,0.018
A0A178VF01,0.018
A0A5S9XSD6,0.018
A0A654EFR1,0.018
A0A178WP43,0.018
Q0WNS8,0.018
Q6E296,0.018
O64643,0.018
A0A178UZK5,0.018
Q45GK8,0.018
A0A0H4MBS1,0.018
A0A178U9D0,0.018
A0A5S9X8L1,0.018
A0A654G1W7,0.018
A0A654FIF7,0.018
A0A654EPK0,0.018
A0A1P8B3U3,0.018
A0A1I9LNJ6,0.018
A0A5S9X1U2,0.018
A0A178UX49,0.018
Q9XIA3,0.018
A0A178VHG6,0.018
A0A178WJY6,0.018
Q9ZRK7,0.018
A0A178W3D8,0.018
A0A654FPQ6,0.018
A0A178ULU0,0.018
A0A7G2E3E9,0.018
A0A178VQL5,0.018
A0A384LL61,0.018
A0A178WGK8,0.018
A0A654ETC0,0.018
A0A178W5G2,0.018
A0A178WGA7,0.018
A0A178W7C4,0.018
A0A178WB33,0.018
D3GKW6,0.018
A0A178UW15,0.018
A0A178V6R5,0.018
A0A5S9WXC3,0.018
A0A178VUP8,0.018
A0A178VZ59,0.018
B0FUW1,0.018
A0A178U9P0,0.018
A0A654FEI2,0.018
A0A654ESD6,0.018
A0A7G2F1V4,0.018
Q9FZB5,0.018
A0A654F7Z7,0.018
G1JSI3,0.018
Q8S8D0,0.018
A0A7G2FKY3,0.018
F4JKH9,0.018
A0A178U7U2,0.018
A0A178V8H9,0.018
Q945P4,0.018
A0A654F334,0.018
F4K2L3,0.018
Q9MAD4,0.018
O81432,0.018
A0A178V4P0,0.018
Q944J8,0.018
G9B9K9,0.018
A0A384LJL1,0.018
A0A178UHE9,0.018
A0A2H1ZE92,0.018
A0A1P8B3J8,0.018
A0A178UIC2,0.018
Q9FFM2,0.018
A0A178UE52,0.018
A0A178UTC0,0.018
A0A178VBK9,0.017
A0A178VBJ4,0.017
O49757,0.017
A0A178V5Y5,0.017
A0A178WPY4,0.017
A0A5S9X5N3,0.017
A0A178V501,0.017
A0A384LD87,0.017
A0A654EAV9,0.017
A0A5S9YHN4,0.017
A0A178WEJ7,0.017
A0A654EW29,0.017
Q2V3Z5,0.017
B9DHW8,0.017
Q680T5,0.017
A0A654GAP6,0.017
A0A654FUI2,0.017
Q9XFM0,0.017
Q0WWS9,0.017
A0A5S9XQQ4,0.017
F4HWZ4,0.017
A0A178UHM0,0.017
A0A178W3B5,0.017
A0A7G2F4I0,0.017
A0A7G2EB13,0.017
A0A5S9X838,0.017
A0A178V192,0.017
A0A654EU70,0.017
O64600,0.017
P42793,0.017
A0A178W413,0.017
Q9M9P9,0.017
A0A7G2EH69,0.017
C0Z2T5,0.017
A0A178V0S0,0.017
Q9FM06,0.017
A0A5S9XQJ7,0.017
A0A5S9TMC3,0.017
Q9SKN3,0.017
A0A178VV80,0.017
A0A178VH41,0.017
A0A178URM0,0.017
A0A1P8AQF2,0.017
A0A178U7K2,0.017
A0A178VW19,0.017
A0A178UVB0,0.017
Q56ZE6,0.017
A8MQI9,0.017
A0A178V0X0,0.017
Q5XVB8,0.017
Q56ZW3,0.017
A0A178WBV5,0.017
Q9SRS1,0.017
A0A654EJJ6,0.017
A0A5S9WYT7,0.017
A0A7G2E2H9,0.017
A0A178VRT6,0.017
A0A178WMU5,0.017
A0A654EFP3,0.017
A0A5S9XFW8,0.017
A0A5S9WXR2,0.017
Q3EDB5,0.017
A0A5S9WY39,0.017
A0A654G7E3,0.017
A0A178V0S7,0.017
A0A5S9XM74,0.017
A0A7G2EXM6,0.017
Q9C679,0.017
A0A178VIK9,0.017
A0A7G2E7V7,0.017
A0A7G2E6Y8,0.017
Q8LC53,0.017
A0A178W600,0.017
A0A178V9U5,0.017
A0A178VZ99,0.017
A0A7G2FG37,0.017
A0A1P8BFV7,0.017
A0MEB2,0.017
A0A5S9YEE4,0.017
Q8GW88,0.017
Q9ZQF3,0.017
Q8VWQ5,0.017
Q58FZ2,0.017
A0A178ULR6,0.017
A5YXU7,0.017
A0A178VZ82,0.017
A0A178VT81,0.017
A0A178W0S2,0.017
A0A384L7E2,0.017
A0A178VJA6,0.017
A0A178VM63,0.017
A0A178W5K1,0.017
A0A7G2FB49,0.017
A0A178W5M2,0.017
A0A178UGH9,0.017
A0A178VUC3,0.017
Q56ZF0,0.017
A0A178V3B4,0.017
A0A178UN32,0.017
A0A178WML6,0.017
A0A7G2EIZ6,0.017
A7Y5W5,0.017
A0A178UM70,0.016
A0A178VXU0,0.016
A0A7G2F7X0,0.016
F4K7A8,0.016
Q9CA40,0.016
A0A178URR3,0.016
A0A178UQW3,0.016
A0A1B1W503,0.016
Q56ZL6,0.016
A0A5S9WPL6,0.016
Q0WLR4,0.016
Q9LK61,0.016
A0A178URW3,0.016
A0A178UEL8,0.016
Q8GX66,0.016
A0A178VP71,0.016
Q9LV58,0.016
A0A5S9WNV3,0.016
P82727,0.016
A0MF58,0.016
Q1PEW8,0.016
Q56WH9,0.016
A0A178VZ41,0.016
A0A7G2FF37,0.016
B9DHW9,0.016
A0A5S9XUC0,0.016
Q56WB3,0.016
A0A1I9LT79,0.016
Q500Z3,0.016
A0A178VP96,0.016
A0A654ETK8,0.016
A0A178VD28,0.016
A0A178V5Q1,0.016
Q8GYN1,0.016
Q56W06,0.016
A0A178W6P3,0.016
Q93Z28,0.016
A0A1P8BEA8,0.016
Q56WQ1,0.016
Q2V390,0.016
A0A384LQF8,0.016
A0A178URU1,0.016
A0A178VVE2,0.016
A0MDU0,0.016
O49792,0.016
A0A178WMC5,0.016
A0A1I9LQP1,0.016
A0A654E6P9,0.016
Q9ZR15,0.016
Q1KS78,0.016
A0A178VBH0,0.016
A0A654FBF4,0.016
A0A1B1W4X4,0.016
A0A178W1Q3,0.016
A0A178V7R2,0.016
A0A7G2EZY3,0.016
A0A7G2EMM3,0.016
A0A178WQ56,0.016
A0A384KRM2,0.016
B9DI66,0.016
A0A178W234,0.016
A0A654FKN2,0.016
A0A178VPQ8,0.016
A0A7G2F919,0.016
A0A5S9YF70,0.016
A0A5S9XT00,0.016
A8MRE9,0.016
Q94BV1,0.016
A0A654EUP6,0.016
A0A7G2DZ35,0.016
A0A178U9K9,0.016
A0A178UW17,0.016
A0A178VLX9,0.016
A0A654FH02,0.016
F4I989,0.016
A0A7G2DVW2,0.016
Q8GZ73,0.016
A0A178VZ74,0.016
A0A654F4V7,0.016
A0A5S9XSU9,0.016
A0A5S9XRR6,0.016
A0A178V262,0.016
A0A654EWU8,0.016
Q9SGR8,0.016
A0A178VBB8,0.016
A0A178UC40,0.016
P93829,0.016
A0A178VHD2,0.016
A0A178ULA7,0.016
A0A178VMQ0,0.016
A0A5S9X004,0.016
A0A1B1W4U7,0.016
A0A178W409,0.016
A0A1I9LS99,0.016
A0A5S9XZ98,0.016
Q8GZB4,0.016
A0A5S9SG48,0.016
Q56WE3,0.016
A0A5S9WRH0,0.016
F4IKR2,0.016
A0A384KJY5,0.016
A0A5S9XNI4,0.016
A0A654GB76,0.016
A0A178VS15,0.016
Q6NPF8,0.016
F4K1D3,0.016
A0A7G2E058,0.016
A0A1P8BBV3,0.016
Q9LQ38,0.016
A0A178VA22,0.016
Q8LCC5,0.015
A0A178V5B9,0.015
A0A178VV27,0.015
A0A178UTE5,0.015
A0A178WNN5,0.015
A0A7G2F7I3,0.015
A0A5S9XG03,0.015
A0A5S9Y6K2,0.015
A0A7G2FE72,0.015
A0A178VL96,0.015
A0A178UTP8,0.015
A0A178VVQ9,0.015
A0A178UX90,0.015
A0A178UV08,0.015
B0ZWC6,0.015
A0A178UYE4,0.015
A0A654FQN6,0.015
A0A178VLB4,0.015
A0A654FLZ2,0.015
A0A178UW89,0.015
A0A5S9XNA0,0.015
A0A5S9XSH8,0.015
F4J7G5,0.015
A0A654EY03,0.015
Q8GXR4,0.015
A0A178U985,0.015
A0A178W451,0.015
A0A7G2E2C1,0.015
Q9LJD9,0.015
A0A178W6M8,0.015
Q8GW70,0.015
A0A0K1H186,0.015
C0Z3D4,0.015
A0A178VYN9,0.015
A0A5S9XAA5,0.015
Q9LPU9,0.015
A0A5S9X625,0.015
A0A178UYG1,0.015
A0A5S9XJS6,0.015
A0A178V3I8,0.015
O22875,0.015
F4HZ57,0.015
A0A7G2FHJ0,0.015
Q84R24,0.015
C0Z2G1,0.015
Q9XHG4,0.015
Q3E8I4,0.015
A0A178USU5,0.015
Q9SV52,0.015
A0A178V933,0.015
A0A178UW11,0.015
A0A384L029,0.015
A0A178UJT0,0.015
Q9FT62,0.015
A8MQN0,0.015
A0A5S9X0L0,0.015
A0A178VAM1,0.015
A0A178V3T2,0.015
Q0WMH3,0.015
A0A1P8AYE6,0.015
A0A7G2E7L2,0.015
Q8L7G7,0.015
A0A178V7S1,0.015
Q9ZUJ2,0.015
Q9LN58,0.015
Q9SKU4,0.015
A0A654G6G4,0.015
F4JDF9,0.015
A0A178WEW4,0.015
A0A384LEQ5,0.015
A0A5S9WXH5,0.015
B5BRD3,0.015
A0A178VGM3,0.015
A0A178UID5,0.015
A0A178WD69,0.015
A0A178UAF7,0.015
A0A097PSJ3,0.015
A0A178W2M1,0.015
F4JKS9,0.015
A0A178U922,0.015
A0A5S9YAH8,0.015
A0A178V0P7,0.015
A0A5S9YDX3,0.015
A0A7G2DY46,0.015
F4IR78,0.015
A0A1P8AU04,0.015
A0A178V966,0.015
A0A178VR78,0.014
Q9ZWT2,0.014
A0A5S9YFK8,0.014
A0A5S9Y085,0.014
Q0WLQ9,0.014
A0A5S9X6R3,0.014
Q0WM04,0.014
Q0WQ05,0.014
Q9LTK9,0.014
Q9LJR0,0.014
A0A1P8AVN6,0.014
Q940R5,0.014
A0A178W219,0.014
Q9LFT5,0.014
Q9ZUL7,0.014
C0Z2N2,0.014
A0A178UG67,0.014
Q9FK55,0.014
Q8LD43,0.014
A0A178UG14,0.014
Q84MC7,0.014
A0A178UUC9,0.014
A0A178V0C5,0.014
A0A178VI03,0.014
A0A5S9XHA3,0.014
A0A1P8AQA9,0.014
A0A5S9XEQ5,0.014
A0A7G2EZX1,0.014
A0A7G2F5I7,0.014
A0A654F896,0.014
A0A7G2F6H6,0.014
A0A178V4A8,0.014
A0A7G2FA33,0.014
A0A1B1W4S3,0.014
A0A178UFD8,0.014
A0A178W7V1,0.014
A0A654E8T4,0.014
A0A1I9LNY9,0.014
A0A5S9YBE8,0.014
A0A5S9V107,0.014
A0A5S9XLZ6,0.014
A0A178U8Z3,0.014
A0A178US89,0.014
A0A178VFB0,0.014
A0A178VQB9,0.014
A0A1P8B4P8,0.014
A0A178ULQ1,0.014
Q6GKW2,0.014
Q6IM94,0.014
A0A1I9LLC9,0.014
Q9M3S2,0.014
A0A5S9X038,0.014
A0A1P8APK0,0.014
A0A178W497,0.014
A0A654EMC7,0.014
A0A178WMU1,0.014
A0A178WF34,0.014
A0A654EW08,0.014
Q9ZVF1,0.014
A0A5S9XPZ6,0.014
A0A178VA04,0.014
A0A178UZM7,0.014
Q0WLK6,0.014
Q9C6W9,0.014
A0A178URL0,0.014
Q9XII6,0.014
Q3ZVC0,0.014
A0A1I9LPY2,0.014
F4JCN9,0.014
A0A178WK91,0.014
F4KG44,0.014
A0A178WHB6,0.014
A0A178VN51,0.014
A0A178USC1,0.014
O81071,0.014
B9DI33,0.014
A0A5S9XPP7,0.014
A0A178VRU5,0.014
A0A178VN25,0.014
A8MRM3,0.014
B0F290,0.014
Q42597,0.014
A0A7G2DYD2,0.014
Q681E9,0.014
Q9SH04,0.014
A0A178WAM8,0.014
A0A1I9LR19,0.014
A0MJS9,0.014
A0A178WB84,0.014
A0A178U6C7,0.014
A0A178VT22,0.014
A0A5S9WRA7,0.014
A0A654G147,0.014
A0A178VKD7,0.014
Q2V4G3,0.014
A0A178W5Y9,0.014
Q8GXP2,0.014
Q1PEB0,0.014
A3QS65,0.014
A0JQ18,0.014
A0A7G2FFX0,0.014
A0A178V022,0.014
A5YX89,0.014
A0A5S9XJ09,0.014
A0A654EFG9,0.014
Q1KN59,0.014
Q9LTV3,0.014
Q9FXW8,0.014
B0ZU25,0.014
B3H6P6,0.014
A0A654FIL1,0.014
Q1PEA4,0.013
A0A654G919,0.013
A0A178WLN0,0.013
Q6X5V0,0.013
Q9CAI4,0.013
A0A178U740,0.013
Q0WQF1,0.013
A0A178U7L0,0.013
A0A178WJ70,0.013
A0A7G2FGR2,0.013
A7J0T7,0.013
A0A7G2DZK9,0.013
Q0WVZ6,0.013
Q56YC2,0.013
A0A178UC99,0.013
C0Z280,0.013
A0A178V3H4,0.013
A0A178VPN6,0.013
A0A654EXH7,0.013
A0A178UW94,0.013
A0A7G2ERH5,0.013
A0A178WK62,0.013
A0A5S9XJC8,0.013
A0A178UI15,0.013
A0A1P8B340,0.013
A0A1P8ASY8,0.013
Q8LD50,0.013
Q1G324,0.013
A0A178UVW0,0.013
F4JHF7,0.013
A0A654FEW4,0.013
Q2V2W3,0.013
Q8RWP8,0.013
A0A178UBN7,0.013
A0A1P8B4S5,0.013
A0A654ES45,0.013
A0A7G2EEV8,0.013
A0A178U626,0.013
F4J0D0,0.013
A0A178V7P5,0.013
A0A178UNF7,0.013
A0A654FBG4,0.013
A0A7G2EP94,0.013
Q94K36,0.013
A0A654EZ26,0.013
A0A178VX22,0.013
F4KDS7,0.013
A0A178WHY2,0.013
A0A178V5F7,0.013
A0A7G2E5K2,0.013
A0A178VGP9,0.013
Q56ZF2,0.013
Q84K02,0.013
A0A178UED6,0.013
B3H6E6,0.013
A0A7G2E8X7,0.013
A0A178V375,0.013
A0A178VV45,0.013
O49783,0.013
A0A178UJK3,0.013
Q56Z49,0.013
A0A654G2J1,0.013
A0A1P8ASF8,0.013
A0A5S9YCT6,0.013
O49756,0.013
Q38984,0.013
A0A178VYG9,0.013
A0A178W442,0.013
A0A1I9LS65,0.013
A0A654G6M4,0.013
Q84V94,0.013
A0A654G8F5,0.013
A0A5S9YDW8,0.013
A0A178UQ12,0.013
A0A384L2F4,0.013
Q0WM48,0.013
A0A7G2E5L2,0.013
A0A178VNL1,0.013
A0A5S9Y7X8,0.013
P82621,0.013
A0A654EL82,0.013
A0A178W129,0.013
Q1G3V9,0.013
A0A178UHX0,0.013
A0A7G2F436,0.013
A0A5S9XSV4,0.013
A0A384KHG9,0.013
A0A1P8B682,0.013
Q6NM08,0.013
Q8LG12,0.013
Q9LP94,0.013
C0Z223,0.013
A0A1P8BA27,0.013
F4HXA7,0.013
A0A178WCG3,0.012
A0A178UEI2,0.012
Q9LUY0,0.012
A0A5S9X5K4,0.012
A0A178V0A7,0.012
A0A178VAP5,0.012
A0A654GDV0,0.012
A0A7G2DRW3,0.012
A0A654FZJ2,0.012
Q94AU5,0.012
A0A178V0G8,0.012
Q9LXH5,0.012
Q9LMZ2,0.012
A0A178UWJ6,0.012
A0A5S9XCS6,0.012
A0A7G2EQ92,0.012
A0A7G2FN92,0.012
A0A178VZT2,0.012
A0A1P8AXW5,0.012
Q9FGJ4,0.012
Q9LNL8,0.012
Q3EBU2,0.012
A0A1P8B3J6,0.012
A0A384KU28,0.012
A0A654EWZ6,0.012
Q570E1,0.012
A0A178WFU4,0.012
A0A178UDQ0,0.012
A0A178VV76,0.012
B3H519,0.012
A0A178UDR0,0.012
A0A178V8P1,0.012
A0A654ERQ9,0.012
A0A654EKJ0,0.012
A8MS61,0.012
A0A654G090,0.012
A0A654ESQ3,0.012
A0A178VD71,0.012
A0A1P8BGP4,0.012
A0A5S9YE64,0.012
A0A178WJQ0,0.012
A0A178V153,0.012
A0A178W0D1,0.012
A0A7G2FF63,0.012
A0A178W0V6,0.012
Q9SAL1,0.012
A0A178UA37,0.012
Q8VZK8,0.012
A0A178UNP5,0.012
Q9M2R5,0.012
A0A5S9WYD7,0.012
Q9LN39,0.012
C0Z2X6,0.012
C0Z371,0.012
B2CT58,0.012
Q9LYC9,0.012
Q84WY0,0.012
A0A7G2ERU5,0.012
A0A178UBQ1,0.012
A0A178UA00,0.012
Q9C889,0.012
A0MFI2,0.012
A0A178U9P3,0.012
P92520,0.012
A0A7G2E8Q6,0.012
Q940T3,0.012
O22059,0.012
A0A178W7W8,0.012
B3H5U5,0.012
A0A1P8BH00,0.012
Q8GY66,0.012
A0A178W6C5,0.012
Q9C8R5,0.012
A0A178UTD6,0.012
A0A178UJ50,0.012
A0A178W1E3,0.012
A0A178VE30,0.012
A0A5S9X124,0.012
Q9ZQP5,0.012
A0A5S9Y8I5,0.012
Q9LZK7,0.012
A0A654G8S0,0.012
A0MF85,0.012
B9DI23,0.012
A0A178V8N8,0.012
Q9LJG0,0.012
Q5XUY6,0.012
F4JA50,0.012
Q3E9V5,0.012
Q9FKM7,0.012
O22891,0.012
A0A7G2DYC3,0.012
A0A178VRH7,0.012
A0A178WDR4,0.012
S4WMM3,0.012
A0A178WAB2,0.012
A0A5S9XN21,0.012
Q9LUT1,0.012
A0A178U8N9,0.012
A0A178WN18,0.012
F4IE99,0.012
A0A178VP76,0.012
A0A178UKK0,0.012
A0A654FAK9,0.012
A0A178VFE4,0.012
A0MDV0,0.012
A0A1P8AW78,0.012
A0A178UR07,0.012
A0A1P8AU91,0.012
O22953,0.012
Q6X5U1,0.012
Q0WMY2,0.012
A0A178VVR5,0.012
A0A178WFH6,0.012
A0A178VNW2,0.012
Q1G3G9,0.012
A0A178UZW8,0.012
A0A178WGK1,0.012
Q9XF92,0.012
Q0WLL9,0.012
A0A7G2EUI6,0.012
A0A654GEZ1,0.012
A0A178UQY0,0.012
A0A654EIC1,0.012
A0A384KIS3,0.012
A0MJW4,0.011
A0A178VDX9,0.011
A0A654ETA7,0.011
A0A654FRS4,0.011
A0A178UL66,0.011
Q9FM35,0.011
A0MFM4,0.011
A0A654EIY4,0.011
A0A7G2EUN9,0.011
A0A178V749,0.011
B9DHS4,0.011
Q8LEP1,0.011
Q9SK79,0.011
A0A654GDP0,0.011
A0A178VCU5,0.011
Q0WLD9,0.011
Q9ZVZ9,0.011
O22929,0.011
A0A7G2EI82,0.011
A0A178VNQ5,0.011
A0A7G2FGR1,0.011
A0A7G2FHN2,0.011
F4IYS4,0.011
Q9S9Z4,0.011
Q5PP64,0.011
Q8LEK2,0.011
A0A178V5G3,0.011
Q56ZT7,0.011
Q9LZH0,0.011
A0A5S9WT95,0.011
A0A5S9WRX9,0.011
A0A178V8E1,0.011
A0A178VR59,0.011
A0A1P8B8Q4,0.011
A0A5S9XYY1,0.011
A0A178VNN1,0.011
Q0WSD8,0.011
Q1PE75,0.011
G1C2Q4,0.011
A0A178W798,0.011
A0A178USD3,0.011
F4IW09,0.011
A0A5S9WP52,0.011
C0Z2M4,0.011
F4HWW7,0.011
A0A178UIS8,0.011
A0A384KX99,0.011
Q9ZTC5,0.011
A0A5S9WKV8,0.011
A0A178VWA5,0.011
A0A178WLD7,0.011
Q56Z08,0.011
A0A1B1W4W9,0.011
A0A178WFI3,0.011
A0A178WMG0,0.011
A0A1B1W4U3,0.011
A0A178WBI4,0.011
A0A178UJU7,0.011
A0A178VGQ7,0.011
A0A178W0C0,0.011
A0A654ES79,0.011
A0A178W650,0.011
A0A178V3R0,0.011
Q56WG8,0.011
A0A384LDQ1,0.011
A0A1P8B0X4,0.011
A0A7G2F9W1,0.011
A0A7G2ERA1,0.011
A0A178WHI0,0.011
A0A178WI33,0.011
Q7XJ45,0.011
Q570K8,0.011
Q2V4F0,0.011
Q570W6,0.011
A0A7G2FIQ0,0.011
Q8GWQ0,0.011
A0A178WJ41,0.011
Q66GI1,0.011
A0A178WMY2,0.011
A0A384KXI9,0.011
Q56ZY0,0.011
O23610,0.011
A0A2H1ZEH9,0.011
A0A384KJT4,0.011
A0A5S9WT19,0.011
A0A1P8AXI7,0.011
A0A7G2EVD8,0.011
B3H516,0.011
A0A654F659,0.011
A0A178W765,0.011
A0A178UV50,0.011
A0A178UZV4,0.011
A0A178VI65,0.011
Q9C9V8,0.011
Q3EBI2,0.011
A0A5S9XWX1,0.011
A0A178V980,0.011
A0A654F471,0.011
A0A7G2EGR2,0.011
Q8GXE7,0.011
A0A654ELA3,0.011
A0A178VAN9,0.011
A0A5S9XYR0,0.011
Q93Y13,0.011
A0A178WMB2,0.011
A8MSF3,0.011
A0A178VVK1,0.011
Q6AWX4,0.011
A0A178W0E0,0.011
A0A7G2F874,0.011
Q93XZ9,0.011
A0A178WB14,0.011
A0A178VE53,0.011
A0A178URU5,0.011
A0A178UXK2,0.011
A0A1P8ASS7,0.011
Q56ZD9,0.011
A0A178URT5,0.011
Q5XVD9,0.011
A0A5S9WXH6,0.011
A0A178UG99,0.011
A0A178U5T0,0.011
Q8LCN1,0.011
Q9FI91,0.011
A0A5S9WWY9,0.011
A0A654FRS8,0.011
A0A178W752,0.011
Q9LIC7,0.011
A0A1P8BC76,0.011
A0A178WBZ4,0.01
A0A178WQ58,0.01
A0A178V491,0.01
Q9SYL4,0.01
A0A178UBI9,0.01
A0A178UBZ4,0.01
A0A7G2EDU6,0.01
Q38980,0.01
A0A5S9WY33,0.01
A0A178WLS0,0.01
A0A1P8BDQ9,0.01
A0A5S9WWF3,0.01
Q0WMN9,0.01
A0A178WKP0,0.01
Q9LXX9,0.01
A0A654FCA2,0.01
A0A178VJZ0,0.01
A0A178UUW1,0.01
Q9SI71,0.01
Q93Z21,0.01
Q0WQ43,0.01
A0A5S9Y9K2,0.01
A0A5S9XMX7,0.01
A7J0T9,0.01
A0A654FRG7,0.01
B9DGM0,0.01
B3H718,0.01
A0A5S9WMG0,0.01
A0A178WJD8,0.01
A0A7G2FIJ8,0.01
A0A178UED4,0.01
A0A654EUL1,0.01
A0A654EGD6,0.01
A0A5S9Y2V6,0.01
A0A178USW5,0.01
A0A178W1W3,0.01
A0A178W624,0.01
A0A178VLP6,0.01
A0A178WM09,0.01
A0A1I9LPS6,0.01
A0A178WPJ1,0.01
A0A178UQQ8,0.01
Q9SLL6,0.01
A0A5S9XL76,0.01
A0A7G2EU87,0.01
A0A384KEV7,0.01
F4HZR4,0.01
A0A178WCP5,0.01
A0A7G2ET47,0.01
A0A7G2F0P8,0.01
P25864,0.01
A0A178UIM4,0.01
Q9LJS3,0.01
Q9FVX3,0.01
A0A178WE41,0.01
A0A1P8AWW8,0.01
F4HR51,0.01
A0A178UHJ3,0.01
A0A178UC66,0.01
A0A178UFJ1,0.01
A0A654EUT3,0.01
P82770,0.01
Q9LNR5,0.01
A0A178VY67,0.01
Q67Z84,0.01
A0A178VVV4,0.01
A0A178W1S9,0.01
A0A5S9X161,0.01
Q9FI07,0.01
Q9SSM3,0.01
A0A178W6C3,0.01
A0A178U9J5,0.01
Q9FFE2,0.01
A0A654FJG8,0.01
A0A178V634,0.01
Q9M3S7,0.01
A0A7G2F2P0,0.01
Q2V3Q1,0.01
A0A654EF19,0.01
A0A178VD78,0.01
A0A1B1W4T1,0.01
A0A5S9WK78,0.01
Q8S8N2,0.01
A0A178UAC9,0.01
A0A5S9XQ66,0.01
Q56ZH8,0.01
A0A384KBC7,0.01
Q8L6Z5,0.01
P82753,0.01
A0A384KCL9,0.01
E1A8W3,0.01
P34788,0.01
A0A178VN55,0.01
A0A1P8BEP3,0.01
Q9LTP7,0.01
Q8GRX8,0.01
Q56ZI7,0.01
A0A178U779,0.01
A0A7G2E527,0.01
Q9ZPU0,0.01
A0A5S9WKJ3,0.01
A0A178VTH5,0.01
Q2V3L0,0.01
A0A178U7V8,0.01
Q9SMZ8,0.01
Q9FHV4,0.01
A0A178V9M9,0.01
A0A5S9XH30,0.01
A0A178VWH0,0.01
A0MJX1,0.01
A0A384KZK7,0.01
Q9SKY7,0.01
Q9SZQ6,0.01
P93295,0.01
A0A178WJF7,0.01
A0A178VY76,0.01
A0A1P8B637,0.01
Q56WM2,0.01
A0A5S9WMN7,0.01
A0A5S9XIU1,0.01
Q84J87,0.01
Q8H7E8,0.01
A0A178VEZ8,0.01
A0A178V0F3,0.01
A0A178UYW4,0.01
A0A178WB15,0.01
A0A5S9WL83,0.01
A0A178V2Z1,0.01
Q9SKE0,0.01
B3H4D5,0.01
A0A178WCZ8,0.009
A0A7G2F6H8,0.009
Q56WJ8,0.009
Q9M3S1,0.009
Q9C7V0,0.009
A0A178WH22,0.009
Q9M296,0.009
A0A5S9XTN0,0.009
Q38994,0.009
A0A7G2F0E8,0.009
A0MJU5,0.009
Q56WA3,0.009
Q9FIS3,0.009
A0A178VV12,0.009
A0A178UMX1,0.009
A0A7G2FGS1,0.009
A0A1P8BDW0,0.009
A0A178UK61,0.009
A0A178VRK9,0.009
B3H6E2,0.009
A0A654EG20,0.009
A0A1B1W4V7,0.009
Q8GXX0,0.009
F4JY62,0.009
A0A178VYL4,0.009
A0A178VFW1,0.009
A0A178VMV0,0.009
A0A0B4UL43,0.009
A0A178VN80,0.009
Q9ZU56,0.009
A0A178ULE8,0.009
A0A1P8AY32,0.009
O82272,0.009
A0A178UST2,0.009
A0A5S9WJ76,0.009
A0A654EH23,0.009
A0A5S9XWU4,0.009
A0A178UHY7,0.009
Q84J52,0.009
A0A178VH95,0.009
A0A654FUA0,0.009
A0A178WKQ3,0.009
A0A1R7T3I9,0.009
A0A1P8BHB4,0.009
A0A7G2E392,0.009
A0A178VDZ6,0.009
A0A5S9XS12,0.009
A0A178VBT5,0.009
A0A178W5V3,0.009
A0A178VTS3,0.009
Q9LNJ8,0.009
A0A654ECM8,0.009
A0A178VVQ3,0.009
Q9LRQ6,0.009
A0A7G2DV32,0.009
A0A178UNK6,0.009
A0MF33,0.009
A0A178WF50,0.009
Q56YZ5,0.009
C0Z2U5,0.009
Q6DBB9,0.009
Q8LAB7,0.009
A0A178W9I4,0.009
Q9FJB2,0.009
B3H7J2,0.009
A0A384LE97,0.009
A0A7G2E873,0.009
A0A178UCL1,0.009
A0A5S9XQ56,0.009
A0A7G2EP92,0.009
A0A654FSI7,0.009
A0A7G2EH80,0.009
A0A654EGT5,0.009
Q0WTE4,0.009
B0FUI8,0.009
A0A5S9X1T4,0.009
A0A178UBA3,0.009
A0A5S9Y8T7,0.009
A0A178UIU6,0.009
Q9M9T9,0.009
A0A1P8BH19,0.009
Q9LVT0,0.009
Q3C1C7,0.009
A0A654FKK8,0.009
Q2V4L5,0.009
A0A1I9LRU8,0.009
A0A1P8B7J5,0.009
Q2V3J0,0.009
A0A5S9WLF7,0.009
A0A178W6Q1,0.009
Q9M3S6,0.009
Q8VZV9,0.009
A0A178WN68,0.009
A0A178UDY5,0.009
A0A178VZH7,0.009
A0A178WDP9,0.009
Q9LW04,0.009
A0A178WHS7,0.009
B3H4Z5,0.009
Q94F28,0.009
A0A1P8B280,0.009
B3H774,0.009
A0A178UAX3,0.009
A0A7G2EE68,0.009
F4K8L6,0.009
F4I1B8,0.009
A0A178W828,0.009
A0A178UE75,0.009
A0A7G2ETG1,0.009
A0A7G2EE99,0.009
A0A7G2DYN0,0.009
Q9SMN3,0.009
A0A1P8AUL6,0.009
A0A178VT26,0.009
B9DG85,0.009
A0A5S9YF22,0.009
A0A178WAZ0,0.009
Q0WMI0,0.009
A0A654EFQ3,0.009
A0A5S9UAB3,0.009
A0A178VTW7,0.009
A0A1P8AX20,0.009
A0A654EM92,0.009
A0A5S9XSU3,0.009
Q0WR48,0.009
A0A178UZQ4,0.009
A0MEC4,0.009
Q9FH16,0.009
Q56YY6,0.009
A0A654GBP4,0.009
A0A7G2FBF3,0.009
A0A178WBX3,0.009
A0A178VRJ5,0.009
B3H543,0.009
A0A7G2E6G5,0.009
Q84V07,0.009
A0A178U9R8,0.009
A0A7G2EHC7,0.009
A0A654G5L9,0.009
A0A178UCS6,0.009
Q3ZVB6,0.009
A0A1P8AP12,0.009
A0A178WAD3,0.009
A0A178W3F0,0.009
A0A178VNN3,0.009
A0A5S9XI50,0.008
Q9ZV24,0.008
Q56WF6,0.008
Q84X48,0.008
A0A178UZV8,0.008
A0A654EZ64,0.008
A0A178W854,0.008
O65574,0.008
A0A178U9W9,0.008
A0A7G2E2K1,0.008
A0A1P8B758,0.008
A0A178WAK6,0.008
P82759,0.008
A0A1P8ANQ3,0.008
L7UWN7,0.008
A0A178W9L1,0.008
A0A7G2E641,0.008
B3H670,0.008
F4KGU2,0.008
Q9C8D6,0.008
A0A654EG62,0.008
Q56WI8,0.008
A0A5S9Y9B9,0.008
A0A178UGJ4,0.008
A0A1P8B323,0.008
Q9LFV1,0.008
A0A7G2DUJ7,0.008
A0A178W2K3,0.008
A0A178UIV7,0.008
A0A1P8AZR6,0.008
Q6X5U0,0.008
B0ZUL2,0.008
A0A654EQQ1,0.008
O65432,0.008
Q9LMY9,0.008
Q9C6P0,0.008
A0A178VS08,0.008
B9DI30,0.008
A0A654EQ42,0.008
A0A1P8BBS9,0.008
Q9FN57,0.008
A0A178VJV8,0.008
Q9C9B5,0.008
A0A384LD34,0.008
Q6GKX4,0.008
Q6NLD5,0.008
A0A5S9Y8J5,0.008
A0A178UJK5,0.008
A0A178UEY5,0.008
Q9SD88,0.008
A0A7G2EAI6,0.008
A0A178W1N9,0.008
A0A178UA32,0.008
A0A178UEN2,0.008
B3H4W8,0.008
A0A178UJ98,0.008
A0A7G2FDP9,0.008
A0A178VXP7,0.008
Q56YT4,0.008
A0A178VGF4,0.008
A0A1P8AZU9,0.008
A0A178WAL8,0.008
A0A178VBS9,0.008
A0A178UH85,0.008
Q8LEC2,0.008
A0A178W566,0.008
A0A1P8AWJ4,0.008
A0A178W5X2,0.008
A0A7G2FDS8,0.008
A0A178WMZ6,0.008
A0A178WMX6,0.008
Q2V4G1,0.008
Q56ZE3,0.008
Q541Y3,0.008
A0A178WAD9,0.008
A0A654FJP5,0.008
A0A5S9TBG4,0.008
A0A7G2EYC0,0.008
Q56WF4,0.008
Q9FGY7,0.008
A0A178VRC6,0.008
A0A178UP56,0.008
A0A654EGN2,0.008
Q9LQW8,0.008
Q56ZG3,0.008
A0A178V600,0.008
A0A5S9WNC9,0.008
A0A178W4B8,0.008
A0A178U954,0.008
A0A178V5A7,0.008
Q9FFD6,0.008
Q9FLU6,0.008
Q9LPA5,0.008
Q9SYP8,0.008
A0A5S9WLK9,0.008
A0A5S9X9S2,0.008
A0A7G2EXW3,0.008
A0A178VV21,0.008
A0A1P8AQF0,0.008
A0A1I9LLQ4,0.008
A0A5S9YA65,0.008
Q9FMG6,0.008
A0A178VIM8,0.008
Q9SY79,0.008
A0A178WNT6,0.008
A0A178WMK0,0.008
Q6NLG9,0.008
A0A178WLB1,0.008
A0A178U830,0.008
A0A5S9Y7F6,0.008
A0A1P8AVI5,0.008
Q941E5,0.008
A0A654FAX3,0.008
A0A5S9XVP9,0.008
Q9LVV6,0.008
Q5XVA6,0.008
F4HZQ2,0.008
A0A7G2FDM2,0.008
A0A178V1T5,0.008
A0A5S9WXU3,0.008
A0A384KDK5,0.008
A0A178UZC3,0.008
C0Z275,0.008
A5YVT9,0.008
A0A654FWL7,0.008
A0A178UH48,0.008
Q0WNY9,0.008
Q9FPI3,0.008
A0A1P8ASS6,0.008
Q0WM13,0.008
A0A178UL13,0.008
O82295,0.008
Q9LH37,0.008
A0A178V1L8,0.008
F4HPA5,0.008
A0A178V774,0.008
Q9SHW7,0.008
A0A178UM91,0.008
Q8GXD1,0.008
A0MJV6,0.008
A0A7G2FMA5,0.008
A8MR63,0.008
Q94AF7,0.008
A0A5S9XNR3,0.008
A0A178V8A2,0.008
Q0WRI6,0.008
A0A654FLL9,0.008
A0A654EGC3,0.008
A0A178UWB9,0.008
U3MZA9,0.008
A0A178UVZ4,0.008
A0A178WN81,0.008
A0A654FSB2,0.008
B3H473,0.008
A0A7G2FCZ2,0.008
A0A178VZI4,0.008
A0A178UUF3,0.008
B3H5Z6,0.008
A0A7G2ETC6,0.007
A0A178VCS9,0.007
F4KI79,0.007
A0A654ERQ0,0.007
A0A7G2F6X1,0.007
A0A384L496,0.007
A0A178W974,0.007
A0A1I9LMS4,0.007
A0A178UKT6,0.007
Q56Z45,0.007
A0A178WKF0,0.007
Q84W72,0.007
F4HZ54,0.007
A0A178WEH4,0.007
A0A178VKJ5,0.007
A0A1P8APK5,0.007
A0A178UX40,0.007
F4IQG4,0.007
A0A384K9B1,0.007
Q9ZV84,0.007
A0A178V842,0.007
F4KG06,0.007
Q3EAP8,0.007
A0A178W808,0.007
A0A178W0M7,0.007
A0A7G2E976,0.007
A0A178VYQ4,0.007
Q9LFS5,0.007
A0A5S9XLX1,0.007
Q9LF23,0.007
A0A178UT96,0.007
A0A654EAF7,0.007
A0A7G2FD26,0.007
Q56YV8,0.007
C0Z307,0.007
A0A654EZM6,0.007
A0A178U704,0.007
A0A5S9XGR0,0.007
Q9SIK9,0.007
A0A178VN09,0.007
A0A178UWQ0,0.007
Q570I8,0.007
O49643,0.007
A0A654ESI2,0.007
B3H4H5,0.007
A0A384L4R1,0.007
A0A178UI92,0.007
A0A178UWB7,0.007
A0A654F1W2,0.007
Q0WQJ0,0.007
A0A178V248,0.007
Q9ZT16,0.007
A0A178W1H0,0.007
Q56YZ9,0.007
A0A178VMN3,0.007
A0A178VRY0,0.007
A0A7G2E4Z5,0.007
F4KFD1,0.007
A0A654G558,0.007
A0A178W4J6,0.007
A8MS30,0.007
A0A654E9E5,0.007
Q9LHC1,0.007
F4JIB7,0.007
A0A384L909,0.007
A0A178VX36,0.007
A0A178UEK2,0.007
A0A178WK07,0.007
Q9ZVW3,0.007
A0A5S9XSW2,0.007
Q1H5D2,0.007
A0A5S9WYD1,0.007
A0A1P8AW89,0.007
O81764,0.007
A0A178W3H9,0.007
A0A5S9Y8F3,0.007
A0A178V0S4,0.007
Q56ZS5,0.007
Q9LFI8,0.007
A0A178UYL9,0.007
A0A178V3C3,0.007
B0ZY59,0.007
A8MQA5,0.007
Q9LUA1,0.007
A0A178WFQ1,0.007
A0A5S9UVD4,0.007
O22165,0.007
A0A178WAA4,0.007
A0A7G2DYM8,0.007
Q8LEU9,0.007
A0A178UL70,0.007
A0A1P8B268,0.007
A0A178WHY4,0.007
A0A5S9XHH4,0.007
Q8LA01,0.007
A0A1P8B0V0,0.007
A0A7G2DXZ3,0.007
A0A7G2E7M7,0.007
B0ZUW1,0.007
A0MEW4,0.007
B3H742,0.007
O81489,0.007
A0A1B1W4Y9,0.007
A0A178VX97,0.007
A0A178UJM3,0.007
Q9SJ88,0.007
A0A178VXC9,0.007
A0A178W7F0,0.007
A0A5S9YBF9,0.007
A0A654FCR8,0.007
Q2V488,0.007
A0A178WD00,0.007
A0A178W7Z1,0.007
Q9LMD8,0.007
O64544,0.007
A0A1P8B1T1,0.007
A0A178WB60,0.007
A0A5S9XI56,0.007
A0A178WM37,0.007
A0A178VRE5,0.007
A0A7G2EQP7,0.007
A0A5S9WXX7,0.007
Q56WR3,0.007
Q9CAJ8,0.007
A0A178WN64,0.007
Q0WNL8,0.007
A0A654EM19,0.007
A0A1P8AVM1,0.007
P94077,0.007
A0A7G2F3Y5,0.007
A0A1P8BAC6,0.007
A0A178VXJ0,0.007
A0A178UN00,0.007
Q1G3A0,0.007
F4J0S3,0.007
A0A178W2E8,0.007
A0A178V9V3,0.007
P82784,0.007
A0A178V666,0.007
A0A178W7I0,0.007
Q94HW4,0.007
Q9LRX9,0.007
A0A384LHE6,0.007
Q1G3B4,0.007
A0A7G2FA11,0.007
Q0WQ86,0.007
A0A1I9LT37,0.007
A0A7G2E821,0.007
Q9S7L5,0.007
Q8S8D5,0.007
Q0WKY6,0.007
A0A178UP01,0.007
Q8L858,0.007
O80506,0.007
Q5BPI1,0.007
A0A7G2E674,0.007
A0A178UUM4,0.007
A0A5S9X666,0.007
Q0WM57,0.007
A0A178V1Q2,0.007
Q9LMB4,0.007
A0A178UY25,0.007
C0Z3H5,0.007
A0A178WC47,0.007
A0A178W916,0.007
A0A178UCX8,0.007
Q9LF68,0.007
A0A178VFT6,0.007
A0A654ES57,0.007
Q8H7D5,0.007
A0A178U7B6,0.007
Q9SFU5,0.006
Q56ZX2,0.006
Q8W478,0.006
Q9SZA1,0.006
F4J2W0,0.006
Q93Y20,0.006
A0A178V6M9,0.006
A0A654FHB5,0.006
Q56ZE4,0.006
E1A6V3,0.006
Q8GY77,0.006
A0A7G2E8C0,0.006
Q29QC1,0.006
A0A5S9XQ75,0.006
Q0WLS4,0.006
A0A7G2EWL9,0.006
A0A1P8APR9,0.006
P93290,0.006
A0A7G2FEW6,0.006
A0A178V4T3,0.006
O49398,0.006
A0A5S9XPH9,0.006
A0A178UPA0,0.006
O65684,0.006
F4KDR2,0.006
A0A178WJ65,0.006
A0A178UJZ9,0.006
A0A178UGQ5,0.006
A0A7G2EN10,0.006
A0A384KAZ4,0.006
Q0WQS6,0.006
A0A178VYP8,0.006
A0A5S9WMI3,0.006
A0A1I9LP30,0.006
A0A5S9XSR9,0.006
A0A7G2EWC0,0.006
A0A178UP24,0.006
A0A5S9YBQ0,0.006
A0A178W0Y1,0.006
A0A178V6G5,0.006
A0A7G2DVB2,0.006
A0A384KP69,0.006
Q0WLZ0,0.006
Q9SI09,0.006
A2VBP8,0.006
F4IK96,0.006
A0A654ES48,0.006
Q7DLH7,0.006
A0A1P8AUA6,0.006
A0A5S9XH68,0.006
A0A178VQ05,0.006
Q8S8A9,0.006
A0A654F2R9,0.006
A0A7G2EWM9,0.006
Q9FMH6,0.006
A0A1P8AQ75,0.006
A0A5S9XRQ8,0.006
O80949,0.006
A0A654FPP2,0.006
A0A178WC16,0.006
A0A178V1V8,0.006
Q9ZTV5,0.006
A0A1B1W4X2,0.006
A0A178UIY3,0.006
O64867,0.006
A0A654FQ15,0.006
A0A178W8T0,0.006
Q9FRS9,0.006
A7REE9,0.006
A0A7G2ENF1,0.006
Q3EAR4,0.006
A0A7G2E9D4,0.006
Q6WSE5,0.006
A0A178V4Q9,0.006
P0CAY5,0.006
A0A654EHC0,0.006
A0A178VJ29,0.006
A0A178WDH1,0.006
A0A5S9XTN1,0.006
C0Z2H8,0.006
A0A178VDB8,0.006
A0A178V4G8,0.006
A0A178V4H6,0.006
Q0WVX6,0.006
A0A178VAI4,0.006
A0A1P8B1D7,0.006
A0A5S9WTA8,0.006
A0A7G2EXX7,0.006
A0A178WHW5,0.006
A0A178UCA4,0.006
A0A654ERQ8,0.006
A0A178UKI3,0.006
A0A178V8F7,0.006
A0A5S9XHV0,0.006
Q645J1,0.006
A0A1P8B878,0.006
A0A1P8BFA1,0.006
A0A1B1W501,0.006
Q8GY70,0.006
A0A178V5S9,0.006
A0A178UL35,0.006
A0A178US64,0.006
Q9LHT2,0.006
A0A5S9Y7Y6,0.006
A0A1P8B6A7,0.006
A0A7G2E3V3,0.006
Q0WRQ2,0.006
A0A178UEA2,0.006
Q8GWC7,0.006
Q94CB5,0.006
A0ME31,0.006
Q8L9Y4,0.006
A0A178VHX3,0.006
A0A178VXC2,0.006
A0A178UY57,0.006
A8MRP4,0.006
A0A5S9WKI6,0.006
A0A178UFP9,0.006
Q56XS0,0.006
Q2V472,0.006
F4JRC5,0.006
O82617,0.006
Q8GXT6,0.006
A0A5S9X0J4,0.006
Q8GYI3,0.006
A0A7G2E4J7,0.006
A0A178VKE2,0.006
Q3EDH8,0.006
A0A384KNI3,0.006
O64954,0.006
Q9C871,0.006
Q9ZUX5,0.006
A0A178V7H9,0.006
Q9LHB6,0.006
A0A178UCE8,0.006
A0A7G2ESU1,0.006
A0A7G2EXS3,0.006
A0A178VXG8,0.006
A0A178W575,0.006
Q9LZH8,0.006
Q56WP7,0.006
Q9FJ04,0.006
Q9FL42,0.006
A0A178VCD0,0.006
A0A178UY17,0.006
A0A654EWY4,0.006
A0A7G2FHA0,0.006
A0A5S9XGJ5,0.006
F4IEX1,0.006
Q8S8P0,0.006
Q56YW7,0.006
A0A178W4N4,0.006
A0A654FMF7,0.006
Q940P0,0.006
B9DHN0,0.006
Q8LAD7,0.006
A0A654F260,0.006
Q9M361,0.006
A0A7G2ENS1,0.006
A0A1P8AUK9,0.006
A0A1P8BE04,0.006
A0A178UFK5,0.006
A0A1U9X739,0.006
Q9C650,0.006
A0A178VQW2,0.006
A0A178UV99,0.006
Q04614,0.006
Q2V467,0.006
A0A178UFM4,0.006
A0A5S9XM77,0.006
A0A178UIS6,0.006
Q0WQ51,0.006
A0A178V780,0.006
A0A384LJG1,0.006
A0A178VWS8,0.006
A0A654FLV7,0.006
A0A7G2DTY0,0.006
A0A178VPE3,0.006
A0A5S9YAG3,0.006
A0A5S9X7H6,0.006
Q9LMJ2,0.006
A0A178UM84,0.006
A0A178UR09,0.006
A0A178WIQ8,0.006
A0A178VWG2,0.006
A0A654GF31,0.006
A0A178VXN8,0.006
A0A5S9WCS9,0.006
P56794,0.005
A0A178UIU2,0.005
A0A178V6R8,0.005
A0A7G2FDB6,0.005
Q0WLZ8,0.005
F4I964,0.005
Q9SN98,0.005
A0A178VTR6,0.005
A0A5S9UJZ9,0.005
B3H435,0.005
B0FU91,0.005
F4J912,0.005
Q9SK46,0.005
Q9LRU1,0.005
A0A654F011,0.005
A0A178WL19,0.005
A0A178VMA6,0.005
A0A384KHD4,0.005
Q9M335,0.005
A0A178WK74,0.005
A0A178V3N1,0.005
Q9SS61,0.005
Q3ECV9,0.005
A0A178VIF5,0.005
A0A178VNQ9,0.005
A0A1I9LP52,0.005
A0A178VL55,0.005
A0A178WPH9,0.005
A0A1P8B5J4,0.005
F4K5I8,0.005
A0A178VSW6,0.005
A8MSE7,0.005
Q9LNM6,0.005
A0MFM5,0.005
A0A5S9WXS5,0.005
A0A178WG56,0.005
Q9LXV1,0.005
Q9M2T0,0.005
B3H5V2,0.005
Q0WW74,0.005
Q56ZQ1,0.005
A0A5S9XTS5,0.005
Q0WLY8,0.005
Q4VP09,0.005
A0A654G6R2,0.005
Q1G396,0.005
A0A178WC60,0.005
D9UBI3,0.005
A0A178WI88,0.005
Q94A25,0.005
A0A178WA29,0.005
Q9SZV4,0.005
Q9LV75,0.005
Q9SID6,0.005
Q9LZP9,0.005
A0A654EKE3,0.005
A0A7G2FEE1,0.005
A0A7G2EBI4,0.005
A0A178W524,0.005
A0A178VTG2,0.005
B3H5L9,0.005
A0A7G2FNM3,0.005
A0A178UTZ2,0.005
A0A178UU41,0.005
Q8GYC8,0.005
Q56YF5,0.005
Q0WP52,0.005
A0A178VJ22,0.005
Q67Z65,0.005
A0A654G576,0.005
A0A1P8ANT6,0.005
A0A654FME3,0.005
A0A178W597,0.005
P92522,0.005
A0A178VW97,0.005
Q5Q0B7,0.005
Q9FFI8,0.005
A0A178UA31,0.005
A0A7G2FKN0,0.005
A0MJT2,0.005
Q9FNZ4,0.005
A0A178VP07,0.005
Q9FL14,0.005
A0A7G2EPD7,0.005
F4IKD6,0.005
A0A384L5J3,0.005
Q1G3W8,0.005
A0A178VHI0,0.005
Q8H7C7,0.005
Q9C9I2,0.005
A0A384KNL2,0.005
A0A178UVG6,0.005
A0A1B1W4W2,0.005
A0A178V5F2,0.005
A0A178WEN3,0.005
A0A178WJC1,0.005
A0A178UTQ7,0.005
A0A178VXD6,0.005
A0A178WH19,0.005
A0A7G2EVE3,0.005
A0A654F9X6,0.005
Q9SKG6,0.005
Q0WLW3,0.005
Q0WLS9,0.005
Q9XI46,0.005
A0A178UFG9,0.005
A0A1P8B2B4,0.005
A0A178VZK2,0.005
A0A654EQD6,0.005
B3H6B2,0.005
Q9FFL5,0.005
A0A1I9LL78,0.005
Q0WSC8,0.005
A0MED0,0.005
Q56ZG2,0.005
Q0WMD7,0.005
Q8L7J1,0.005
A0A178VPN1,0.005
A0A178UVH8,0.005
A0A178UVU0,0.005
Q56ZJ7,0.005
A0A178UGC3,0.005
A0MDM6,0.005
A0MEL7,0.005
Q2V322,0.005
A0A178WDU7,0.005
O64426,0.005
A0A1P8B3W0,0.005
A0MFJ7,0.005
A0A7G2E8V2,0.005
A0A654FVJ4,0.005
A0A1I9LTQ8,0.005
A0A7G2E196,0.005
A0A178UKH5,0.005
A0A178V2I0,0.005
A0A5S9XQA5,0.005
A0A5S9XW09,0.005
A0A178W7H0,0.005
O82245,0.005
Q9SKI3,0.005
A0A178V7V9,0.005
Q9XIL6,0.005
A0A178WN29,0.005
C0Z2S4,0.005
Q8LBL3,0.005
A0A7G2F7P6,0.005
A0A178VTI9,0.005
Q94JX5,0.005
A0A7G2DZH1,0.005
Q56ZM8,0.005
A0A384KUE2,0.005
A0A384L9P5,0.005
B0LZ74,0.005
A0A654FDH4,0.005
A0A178VKU0,0.005
A0A178VTK7,0.005
A0A178VLH9,0.005
F4IX05,0.005
A0A178VXS4,0.005
A0A178WLV0,0.005
B3H6I8,0.005
A0A7G2E483,0.005
A0A7G2EV76,0.005
A0A7G2EUF2,0.005
Q9FHG7,0.005
A0A178W745,0.005
A0A178V5K9,0.005
A0A654G548,0.005
Q2V4F4,0.005
Q56ZJ5,0.005
A0A178WJW9,0.005
Q9ZUG5,0.005
A0A178WB24,0.005
A0A2H1ZEN1,0.005
A8MQP7,0.005
P82717,0.005
A0A1I9LN08,0.005
A0A178UUD4,0.005
Q9LUH9,0.005
A8MR22,0.005
Q8LBK1,0.005
A0A178U8P6,0.005
A0A178VYZ6,0.005
A0A5S9XDS8,0.005
Q9LQG3,0.005
A0A178W6N6,0.005
A0A654FC34,0.005
A0A654FTB5,0.005
A0A1P8ART5,0.005
A0A178UDV0,0.005
A0A5S9WMQ1,0.005
A0A1P8AS82,0.005
Q8S8P7,0.005
Q3YIC1,0.005
A0A178W1U1,0.005
A0A5S9Y1R7,0.005
A0A178VV90,0.005
O82198,0.005
Q8H7H4,0.005
A0A1P8ANJ8,0.005
Q0WLU8,0.005
Q0WPA9,0.005
A0A5S9XTG1,0.005
A0A178VIS9,0.004
A0A654F7C5,0.004
Q9C6E0,0.004
Q9ZQF4,0.004
Q9LJ52,0.004
B0LQ56,0.004
A0A178W6H5,0.004
Q9M9D3,0.004
A0A178UAB1,0.004
B3H6U1,0.004
A0A178U7T7,0.004
Q9SKI9,0.004
B9DG94,0.004
A0A1P8BH06,0.004
A0A178WCH9,0.004
B0LYF6,0.004
Q8GY00,0.004
A0A5S9WJ38,0.004
Q8W481,0.004
A0A654E794,0.004
Q9FXX2,0.004
A0A654EXP1,0.004
A0A514YJ21,0.004
B0ZVZ4,0.004
A0A178W4V8,0.004
A0A7G2E7U0,0.004
A0A178WPJ7,0.004
A0A178VW60,0.004
A0A178V5H0,0.004
A0A7G2E7N5,0.004
B9DHR6,0.004
A0A654F0N4,0.004
A0A178W4Q2,0.004
A0A7G2E4N3,0.004
A0A654EI13,0.004
A0A5S9WVV4,0.004
A0A5S9WLF1,0.004
A0A178WNI4,0.004
O22259,0.004
A0A1P8BCY5,0.004
A0A7G2EX70,0.004
Q56Z46,0.004
A8MR08,0.004
Q2V3I3,0.004
A0A7G2F0M3,0.004
Q5Q0A0,0.004
F4JT33,0.004
A0A384KZ45,0.004
Q9LYG1,0.004
A0A178UBF3,0.004
A0A7G2EDA8,0.004
A0A384KBR4,0.004
Q8GY72,0.004
A0A5S9Y902,0.004
Q94K37,0.004
A0A178VER3,0.004
A0A178V440,0.004
Q8GYQ7,0.004
Q8GWI3,0.004
Q9ZQ28,0.004
A0A178W6S5,0.004
A0A654EJY7,0.004
A0A178VN29,0.004
A0A178VW74,0.004
A0A178W1Z9,0.004
A0A5S9WUS4,0.004
A0A1P8B5U7,0.004
A0A178WCB7,0.004
A0A178VGP0,0.004
Q9LZC0,0.004
A0A178UHP2,0.004
A0A5S9XAW5,0.004
Q9FIV8,0.004
Q9FN56,0.004
A0A1P8BHC5,0.004
Q9SZF8,0.004
F4I0M0,0.004
A0A5S9XZQ9,0.004
Q9SK15,0.004
A0A178VVL9,0.004
Q56XB7,0.004
Q9C8P3,0.004
A0A178W2P1,0.004
A0A178UTR4,0.004
A0A178V741,0.004
A0A1P8BAC5,0.004
A0A178UHI5,0.004
A0A7G2FE87,0.004
Q0WPL3,0.004
A0A7G2EMJ2,0.004
Q56WT1,0.004
A0A654EQZ1,0.004
A0A1P8APH0,0.004
A0A7G2EP28,0.004
A0A178VXG6,0.004
A0A178U9T0,0.004
A8MQN7,0.004
A0A5S9X4K4,0.004
A0A178UAK4,0.004
A0A178UPM7,0.004
A0A178UJQ4,0.004
O65262,0.004
A0A178V2S7,0.004
A0A178WI50,0.004
A0A178VVZ1,0.004
Q56ZN2,0.004
A0A1P8AX06,0.004
Q8GZG2,0.004
A0A5S9XVW7,0.004
A0A7G2E7Q4,0.004
Q8GUK3,0.004
B3H6P5,0.004
Q56Y07,0.004
A0A384KD29,0.004
A0A178WBM8,0.004
Q0WMC0,0.004
A0A178VL53,0.004
A0A178VT79,0.004
Q9LS12,0.004
A0A1U9X6V9,0.004
A0A178USL6,0.004
P93030,0.004
A0A178VIU6,0.004
Q84WL5,0.004
A0A178V3H5,0.004
Q9LR09,0.004
Q9FYB5,0.004
Q8LBB5,0.004
Q56WQ5,0.004
Q147J7,0.004
Q0WQZ2,0.004
A0A654EI83,0.004
A0A654FDZ2,0.004
Q5XVG5,0.004
A0A178UCN7,0.004
A0A178V9V4,0.004
A0A654EB42,0.004
A0A7G2EAL6,0.004
Q0WNB6,0.004
Q8RWP5,0.004
A0A1P8AUM5,0.004
A0A178W248,0.004
A0A178UTL1,0.004
A0A178VRT5,0.004
A0A178UF56,0.004
A0A7G2ETS4,0.004
A0A178WB48,0.004
A0A178UF51,0.004
A0A1I9LQA1,0.004
A0A7G2E5C7,0.004
A0A178WLB3,0.004
A0A178UDI7,0.004
A0A178UFC9,0.004
A0A654GA44,0.004
A0A7G2FE15,0.004
Q9LJ40,0.004
A0A178UWF5,0.004
Q9ZQN1,0.004
Q84VV3,0.004
A0A7G2E951,0.004
Q2V463,0.004
A0A7G2DTI6,0.004
A0A178VU90,0.004
A0A654FD59,0.004
A0A178UWU5,0.004
A0A384KX49,0.004
A0A178UEQ9,0.004
A0A178UMH9,0.004
A0A5S9Y675,0.004
A0A1P8ANV6,0.004
Q56Z28,0.004
A0A178VXG2,0.004
A0SVK2,0.004
A0MDV6,0.004
Q84WT6,0.004
A0A5S9WM23,0.004
A0A654ETX2,0.004
A0A178V6L2,0.004
A0A178VQJ2,0.004
A0A178WCV4,0.004
Q4PSR7,0.004
A0A178UKI4,0.004
Q4VNZ6,0.004
A0A1P8B0U6,0.004
A0A5S9WH92,0.004
Q8H1P0,0.004
A0A654E714,0.004
A0A7G2FIW6,0.004
A0A384L0L2,0.004
A0A178VLZ2,0.004
A0A178V8J7,0.004
A0A178U9D6,0.004
A8MR74,0.004
A0A1P8ANB3,0.004
A0A178UGJ9,0.004
Q570F1,0.004
A0A178WKZ2,0.004
Q9SMS2,0.004
Q9FPG5,0.004
A0MEZ6,0.004
A0A178UGN4,0.004
A0A178VYG2,0.004
A0A178WIL9,0.004
A0A178W865,0.004
A0A178UZU0,0.004
Q6NL29,0.004
Q3ZVD7,0.004
Q8L9M7,0.004
Q9M9Q7,0.004
A0A178U825,0.004
A0A178VZM1,0.004
Q5XV10,0.004
A0A068LKP7,0.004
A0A384LHC3,0.004
Q8VWQ4,0.004
A0A7G2DR56,0.004
Q0IGM2,0.004
A0A178W5X9,0.004
A0A178U6T1,0.003
Q9ZT50,0.003
A0A5S9XHJ6,0.003
A0A178UM05,0.003
Q681H4,0.003
Q9FGC9,0.003
Q570Q7,0.003
A0A654EED3,0.003
A0A178V189,0.003
A0A178UJM7,0.003
A0A5S9WND8,0.003
Q56WX0,0.003
A0A178W819,0.003
A0A654FMB8,0.003
F4JCM1,0.003
A0A654FQH5,0.003
A0A178V730,0.003
A0A5S9XP14,0.003
A0A178V509,0.003
A0A178WIK2,0.003
Q9STG2,0.003
A0A7G2EWI2,0.003
O23238,0.003
F4KIH4,0.003
A0A654GD46,0.003
Q2V304,0.003
A0A178W4K3,0.003
Q9C674,0.003
A0A178WBH2,0.003
F4JFZ4,0.003
A0A178U924,0.003
B0FVF9,0.003
A0A5S9VL93,0.003
Q56ZG6,0.003
A0A384K9E8,0.003
A0A654FCH7,0.003
A0A178UPE4,0.003
Q6NNK5,0.003
A0A1I9LNH1,0.003
A0A654EX12,0.003
A0A5S9XUR7,0.003
A0A1P8B7L4,0.003
A0A178V115,0.003
A0A7G2E376,0.003
A0A7G2F551,0.003
A0A654E8D3,0.003
A0A178UBJ4,0.003
Q9ASY8,0.003
Q56ZZ2,0.003
A0A178W735,0.003
A0A178UKS2,0.003
A0A7G2DRB0,0.003
Q38Q39,0.003
Q9LT07,0.003
Q8GXK1,0.003
A0A178UZR0,0.003
A0A178V9F8,0.003
Q682H0,0.003
Q94AX0,0.003
A0A178UXG7,0.003
A0A178UUL7,0.003
A5YYI1,0.003
Q9LZV8,0.003
A8MRI0,0.003
Q2V3K7,0.003
A0MDR9,0.003
Q3E8Z9,0.003
A0A178V2T5,0.003
A0A178UFW9,0.003
A0A1P8AQ86,0.003
A0A1I9LLB8,0.003
A0A1P8B3I2,0.003
A0A178WKL1,0.003
A0A178WDK7,0.003
Q84K40,0.003
Q94FQ6,0.003
A0A5S9XPP4,0.003
A0A1P8BA62,0.003
A0A178V2K5,0.003
A0A654G317,0.003
A0A178UMM8,0.003
A0A178UAA1,0.003
A0A384L3N8,0.003
A0A7G2E8P9,0.003
Q9SRM0,0.003
A0A178WIH9,0.003
Q9C7L1,0.003
C0Z366,0.003
A0A178VBR3,0.003
A0A1I9LM80,0.003
O65429,0.003
A0A5S9WL87,0.003
A0A178UXF4,0.003
A0A7G2ECX1,0.003
A0A7G2EJJ9,0.003
A0A7G2E0G9,0.003
A0A178V1T2,0.003
A0A178V3Y5,0.003
A0A178WL58,0.003
Q8GY52,0.003
A0A7G2ECA1,0.003
Q9C6E5,0.003
Q0WWH3,0.003
Q6DSU2,0.003
Q9FF07,0.003
F4J9Y1,0.003
Q56ZU7,0.003
Q9LJB1,0.003
Q2V334,0.003
A0A1P8B417,0.003
A0A178VV95,0.003
Q4VNZ5,0.003
A0A178VQK4,0.003
Q9C500,0.003
A0A1P8B8S8,0.003
F4JKF9,0.003
P0CAY7,0.003
A0A7G2FE22,0.003
A0A178UVD6,0.003
Q6NL28,0.003
O49510,0.003
Q8LC33,0.003
A0A7G2EGN8,0.003
A0A384LLH7,0.003
A0A7G2DVA1,0.003
A0A5S9WNT4,0.003
A0A178UVT0,0.003
Q9LP10,0.003
A0A178WMM9,0.003
A0A1P8BAQ7,0.003
A0A178U9Q6,0.003
A0A7G2E268,0.003
Q9SFV0,0.003
Q94AF1,0.003
Q9ZQJ2,0.003
A0A654E8U1,0.003
A0A178VI31,0.003
A8MR80,0.003
Q8LG39,0.003
Q9SIH8,0.003
A0A178VWA1,0.003
A0A178UZP1,0.003
F4ISY9,0.003
A0A178V9E9,0.003
A0A384KJZ2,0.003
A0A178U7H6,0.003
A8MQ92,0.003
A0A1P8B104,0.003
A0A7G2DWH2,0.003
A0A178UEM7,0.003
Q9LXM0,0.003
A0A7G2E7X5,0.003
A0A178VHF5,0.003
A0A178U6Q9,0.003
Q6S475,0.003
B3H5W3,0.003
A0A5S9WYT4,0.003
A0A178VKU2,0.003
A0A654G9B1,0.003
A0A178W1I8,0.003
A0A7G2EEH3,0.003
A0A654FMA7,0.003
Q9LQF6,0.003
A0A7G2F5V9,0.003
Q94AW5,0.003
A0A7G2DTC1,0.003
A0A178VTQ0,0.003
F4JGU4,0.003
A0MFS3,0.003
Q0WM63,0.003
A0A5S9XQZ1,0.003
A0A7G2F427,0.003
Q0WNN3,0.003
A0A7G2DZW8,0.003
A8MRH4,0.003
A0A178VY71,0.003
O22755,0.003
A0A7G2EIX5,0.003
A0A178V5U2,0.003
A0A7G2ECK4,0.003
A0A5S9WUA9,0.003
C0Z380,0.003
Q56ZS6,0.003
A0A654FBC9,0.003
A0A1P8BHH9,0.003
A0A7G2E504,0.003
A0A5S9XX12,0.003
F4HW05,0.003
F4JW68,0.003
Q8LCY3,0.003
C4B8C4,0.003
A0A178V7T7,0.003
F4KIP1,0.003
A0A1P8ATZ6,0.003
Q570F4,0.003
A0A178UIU3,0.003
Q0WTQ5,0.003
A0MDK9,0.003
A0A178V1T4,0.003
Q9XH23,0.003
O81458,0.003
A0A178VED9,0.003
A0A178WBS3,0.003
A0A654G767,0.003
O23641,0.003
A0A654FB78,0.003
O80697,0.003
B3H5H2,0.003
A0A178WKF1,0.003
C0J8R4,0.003
A0A7G2FDD7,0.003
A0A178VIE5,0.003
A0A178UFZ2,0.003
A0A178WFG1,0.003
A0A178UMG6,0.003
A0A178UUW0,0.003
O49450,0.003
A0A5S9XGT2,0.003
A0A178V2P3,0.003
P82773,0.003
A0A178USC4,0.003
A0A178V0Z4,0.003
Q7DM37,0.003
A0A178UXX3,0.003
A0A178URT2,0.003
A0A178VGB7,0.003
A0A1I9LSR0,0.003
F4JRD3,0.003
A0A1P8ARA1,0.003
A0A178VLW1,0.003
Q9FT46,0.003
A0A178VE97,0.003
F4IWT9,0.003
A0A178VVL4,0.003
A0A7G2DUK6,0.003
A0A7G2EXJ4,0.003
A0A178UIN2,0.003
A0A5S9WLP5,0.003
Q8LC59,0.003
A0A178U8B7,0.003
Q9LXF9,0.003
A0A2H1ZEF4,0.003
Q56YR6,0.003
A0A654FFU1,0.003
A0A7G2F6G8,0.003
A0A5S9XR04,0.003
Q0WQ91,0.003
A0A178UBH4,0.003
A0A178VA27,0.003
A0A5S9XR37,0.003
A0A178WLJ6,0.003
A0A178WJG2,0.003
A0A654G580,0.003
A8MQX3,0.003
A0A384KR51,0.003
Q3E8F8,0.003
Q9FJN2,0.003
A8MRV5,0.003
A0A178V2H7,0.003
A0A178UFR0,0.003
Q9LDU1,0.003
A0A178V630,0.002
A0JQ67,0.002
A0A384LN09,0.002
A0A7G2F0C9,0.002
A0A5S9YAG5,0.002
A0A1P8B8X1,0.002
E1A8U0,0.002
A0A7G2DTJ5,0.002
Q2V4I2,0.002
A0A654FC95,0.002
A8MRE3,0.002
A0A178WA11,0.002
A0A178VM13,0.002
Q8LFL5,0.002
A0A178VUG0,0.002
B9DHX9,0.002
O82636,0.002
A0A1P8BCN7,0.002
A0A5S9XQH0,0.002
A0A178UKT0,0.002
A0A178W1W0,0.002
A0A1P8ARS6,0.002
B3H428,0.002
A0A384KCV4,0.002
Q9ZQP3,0.002
Q9C919,0.002
A0A654ET49,0.002
B3H5W9,0.002
A0A178U711,0.002
A0MDP8,0.002
A0A178VZ60,0.002
Q84UH8,0.002
Q84X32,0.002
A0A1P8B7B4,0.002
Q1KS87,0.002
A0A178W5W3,0.002
F4I7G8,0.002
A0A654GEU2,0.002
A0A178V793,0.002
A0A178WN38,0.002
A0A654E9J3,0.002
Q9FHP2,0.002
Q1G3B9,0.002
A0A5S9WRF8,0.002
B3H649,0.002
A0A178V532,0.002
O82238,0.002
Q8H7H3,0.002
A0A2H1ZEP0,0.002
A0A654EHF1,0.002
F4K6E5,0.002
A0A1P8B1N9,0.002
O64702,0.002
Q9LJ59,0.002
A0A654F166,0.002
Q0WRA3,0.002
Q9SX22,0.002
B0ZVF3,0.002
Q8W455,0.002
Q2V3K2,0.002
F4IRD1,0.002
A0A178UA34,0.002
A0A1P8AT13,0.002
Q9SQZ9,0.002
A0A178W2D8,0.002
Q3E7Q8,0.002
A0A654EHQ1,0.002
Q9MAI2,0.002
C0Z2A0,0.002
A8MS73,0.002
C1PI67,0.002
A0A178VSJ2,0.002
A0A7G2E338,0.002
Q8RUH8,0.002
Q8RVC0,0.002
A0A654GF24,0.002
A0A7G2ET31,0.002
Q9FN58,0.002
A0A5S9WAG4,0.002
A0A5S9WXS2,0.002
A0A178UV72,0.002
Q6NLE9,0.002
F4HUY1,0.002
A0A7G2DYC9,0.002
A0A178VMH1,0.002
A0A178WNR0,0.002
Q9LM69,0.002
A0A5S9XXP7,0.002
A0A7G2EA13,0.002
A0A7G2EWC6,0.002
F4JI00,0.002
A0A654FM14,0.002
B3H6L3,0.002
A0A178UKE6,0.002
A0A178UMD8,0.002
Q9SRK0,0.002
Q9ZUP8,0.002
A0A178WRE7,0.002
A0A5S9XA77,0.002
A0A1P8B2A8,0.002
A0A5S9XQW7,0.002
A0A7G2E9X5,0.002
A0A7G2E1L3,0.002
Q9LS13,0.002
A0A178VZN8,0.002
Q8LAF5,0.002
A0A178UA75,0.002
Q9C7K2,0.002
A0A7G2EPC9,0.002
A0A178V8E3,0.002
Q8H130,0.002
C0SVM5,0.002
A0A178W557,0.002
F4ITZ0,0.002
A0A178VFW3,0.002
A0A178WEM4,0.002
A0A178WJQ2,0.002
A0A5S9Y6Z4,0.002
A0A178UK08,0.002
A0A1P8AXY6,0.002
F4JGI6,0.002
A0A178UI01,0.002
A0A1P8B602,0.002
A0A1P8AUK0,0.002
Q9LXN8,0.002
A0A178W492,0.002
A0A5S9STJ2,0.002
Q9SK67,0.002
A0A7G2F4N7,0.002
A0A178VJS1,0.002
A0A178WFJ5,0.002
A0A178UBS2,0.002
A0A1P8BD54,0.002
A0A178VU29,0.002
A0A1I9LQA0,0.002
Q9SZL4,0.002
A0A178UEN1,0.002
Q9LRQ3,0.002
A0A384KCL6,0.002
Q0WVQ8,0.002
A0A178VQ31,0.002
A0A178VXN9,0.002
Q56YR1,0.002
A0A5S9XDX6,0.002
Q8GWH5,0.002
A0A1P8BGM4,0.002
A0A178UK45,0.002
F4JG23,0.002
Q0WM84,0.002
Q0V817,0.002
A0A178URU6,0.002
A0A178VZ54,0.002
A0A178UC04,0.002
B9DG54,0.002
Q8LFL4,0.002
B0ZXL7,0.002
Q8GWZ1,0.002
A0A5S9S1E2,0.002
A0A178VFQ1,0.002
F4ISA8,0.002
B3H5J3,0.002
Q1G385,0.002
Q9SKC9,0.002
Q6NPH1,0.002
F4I861,0.002
A0MDN7,0.002
A0A178VM35,0.002
A0A5S9YBE7,0.002
A0A1P8B7Y6,0.002
A0A384LNK3,0.002
A0A654FM16,0.002
F4I1T8,0.002
A0A178UL07,0.002
Q5BPX4,0.002
Q9SD24,0.002
A0A5S9VMU8,0.002
F4IQQ9,0.002
P93293,0.002
A0A5S9XPK7,0.002
A0A178VU35,0.002
A8MQP4,0.002
A0A178WEY1,0.002
A0A7G2EZN6,0.002
A0A654F5R3,0.002
Q8LCS6,0.002
A0A7G2E0S9,0.002
A0A1P8AVK8,0.002
A0A178UAD5,0.002
A0A7G2FBP6,0.002
Q9LNH8,0.002
A0A178WJD6,0.002
Q9LG09,0.002
A0A5S9XT64,0.002
A0A178UTY1,0.002
F4IWB3,0.002
A0A654GAA5,0.002
A0A178VKF4,0.002
A0A5S9WZT5,0.002
A0A178VRS8,0.002
A0MFG1,0.002
A0A178VTN8,0.002
A0A384LMJ6,0.002
Q9ZVJ4,0.002
A8MQI8,0.002
A0A5S9X447,0.002
F4J3U4,0.002
A0A7G2EY38,0.002
A0A178W6Q7,0.002
Q9SG96,0.002
Q9FMY2,0.002
A0A178WLL4,0.002
A0A1P8B5R1,0.002
A0A5S9X5Y9,0.002
F4HV94,0.002
A0A1P8AXX7,0.002
A0A5S9Y545,0.002
A0A178UGE2,0.002
A0A178WP44,0.002
A0A178VMQ4,0.002
C0Z2Y1,0.002
A0A178VBE0,0.002
A0A178V306,0.002
A0A5S9XP51,0.002
A0A384L143,0.002
A0A654G1J8,0.002
A0A178WLN8,0.002
V9H1B0,0.002
A0A5S9WKU0,0.002
Q9FHM3,0.002
A0A178VTZ9,0.002
A0A178WN82,0.002
A0A7G2EA64,0.002
A0A178UAN8,0.002
Q9S9U2,0.002
A0A178V9P4,0.002
A0A178UUW8,0.002
A0A178VAY7,0.002
A0A178URV6,0.002
A0A178UHV2,0.002
A0A178WPA7,0.002
A0A178W4X9,0.002
A0A178UPQ6,0.002
A0A5S9Y1S2,0.002
Q9FNC9,0.002
A0A178VMC3,0.002
A0A178W3Q5,0.002
A0A178WN47,0.002
Q8LCX3,0.002
Q9FLC6,0.002
Q9C853,0.002
A0A1P8AQQ6,0.002
A0A1I9LM64,0.002
Q1G3Y4,0.002
A0A178W7Q3,0.002
A0A5S9WXV6,0.002
A0A7G2F8D4,0.002
A0A1P8AYJ3,0.002
A0A178WAP4,0.002
A0A178VQH4,0.002
A0A178WLN5,0.002
Q9XGZ3,0.002
A0A178W8P8,0.002
A0A384L7W8,0.002
A0A178UPH7,0.002
A0A384KK61,0.002
Q0WTG7,0.002
A0A1B1W4Z6,0.002
A0A1P8ANZ1,0.002
Q56ZI4,0.002
A0MEW2,0.002
A0A1B1W4V1,0.002
A0A178VNS7,0.002
A0A178UFD1,0.002
Q93ZF6,0.002
A0A178V3M5,0.002
A0A5S9XS69,0.002
F4JFZ5,0.002
G1C2W2,0.002
A0A7G2E734,0.002
A0A654ETC7,0.002
A0A5S9XTV7,0.002
A0A7G2E848,0.002
Q56XX9,0.002
A0A5S9WWJ7,0.002
A0A178UDL0,0.002
Q8L9W3,0.002
A0A654FLE5,0.002
F4I3B1,0.002
A0A7G2EZH8,0.002
A0A7G2EP26,0.002
F4KA31,0.002
F4I2G0,0.002
Q0WTE2,0.002
Q9C6F1,0.002
Q9FGJ6,0.002
Q9C960,0.002
A0A654GCW4,0.002
A0A178WFR4,0.002
A0A178W5E2,0.002
A0A654FFC1,0.002
Q7XJU1,0.002
A0A1I9LPJ9,0.002
A0MJU1,0.002
A0A178VN94,0.002
Q9LZ60,0.002
A0A1P8B6Q4,0.002
A0A5S9Y6M1,0.002
O64497,0.002
A0A178VQ96,0.002
Q9LS93,0.002
A0A654FX83,0.002
B9DHP4,0.002
A0A178VE66,0.002
A0A178VTZ1,0.002
A0A178WIA0,0.002
A0A654FDQ6,0.002
Q8GYU8,0.002
A0A178V669,0.002
A0A178WN14,0.002
A0MEI4,0.002
A0A178WAW7,0.002
Q84VN2,0.002
O82230,0.002
Q9TJZ1,0.002
Q0WS40,0.002
A0A178W9S4,0.002
O81461,0.002
A0A654GB09,0.002
A0A178UWQ8,0.002
A0A178VIH8,0.001
A0MFA2,0.001
A0A7G2F131,0.001
A0A654FQU5,0.001
A0A384L204,0.001
Q8LD31,0.001
B3H6W5,0.001
A0A178VAA2,0.001
A0A5S9XHF2,0.001
A0A178UWE5,0.001
A0A178WBJ3,0.001
A0MFD4,0.001
Q56Z93,0.001
Q56ZP3,0.001
A7J0T8,0.001
A0A178W9Q6,0.001
A0A178W0E3,0.001
A0A384LDW0,0.001
A0A178UEC1,0.001
Q9SDN0,0.001
A0A7G2EKD6,0.001
A0A7G2ENF5,0.001
C0Z2W4,0.001
Q0WTI8,0.001
F4J318,0.001
Q9SCS6,0.001
A0A5S9XGY8,0.001
A0A5S9X2D3,0.001
A0A178WJK5,0.001
Q94F23,0.001
A0A1P8BEB9,0.001
A0A7G2E994,0.001
A0A178UNM1,0.001
A0A178V3H7,0.001
A0A1P8B622,0.001
Q3EBM6,0.001
Q9MBG0,0.001
B3H5C2,0.001
Q84TF5,0.001
F4KEP8,0.001
Q9FKD8,0.001
P56774,0.001
A0MET4,0.001
A0A5S9WLP2,0.001
A0A178UJ75,0.001
A0A178VXU3,0.001
A0A178W0U3,0.001
A0A178V1M6,0.001
A0A178U7S5,0.001
Q6NKS6,0.001
A0A1P8B5V0,0.001
A0A178UX97,0.001
A0A1P8BHA3,0.001
A0A178V7C7,0.001
A0A1I9LTS9,0.001
Q570A8,0.001
A0A178W640,0.001
A0A7G2E2B2,0.001
A0A178WP24,0.001
Q9LFV0,0.001
A0A384L5D0,0.001
Q940N3,0.001
A0A178VFC0,0.001
A0A1P8AP84,0.001
A0A178UQ00,0.001
Q3E870,0.001
A0A654G5K0,0.001
Q9SSF4,0.001
Q9LVH7,0.001
A0A178W372,0.001
A0A5S9WPS5,0.001
F4I0N3,0.001
Q9LNQ1,0.001
Q4PSX1,0.001
A0A7G2EG67,0.001
A0A1P8AY68,0.001
A0A1P8AP81,0.001
A0A178U9Z6,0.001
Q56Z03,0.001
A0A178VCA6,0.001
A8MRF9,0.001
A0A384LGA5,0.001
Q9SI26,0.001
A0A5S9XDB7,0.001
A0A178WG85,0.001
A0A7G2E1K0,0.001
A0MFF9,0.001
A0A7G2EMF4,0.001
A0A178V4Y9,0.001
A0A1P8APJ2,0.001
Q9SUM9,0.001
Q9ZU51,0.001
A0A7G2F9Q2,0.001
Q8LF58,0.001
A0A178UC53,0.001
A0A5S9Y9Y8,0.001
G1C2Y6,0.001
A0A178V0E0,0.001
A0A178UKR6,0.001
A0A178V974,0.001
A0A178UF06,0.001
A0A1P8AR89,0.001
A0A7G2FLF7,0.001
F4J3V2,0.001
E1A9B0,0.001
A0A178UY82,0.001
A0A5S9VKR2,0.001
Q9LKU7,0.001
A0A178VNV1,0.001
A0A178V2F3,0.001
A0A178WDR0,0.001
O81208,0.001
Q8W1E2,0.001
Q8L8Y7,0.001
O49596,0.001
A0A178URD9,0.001
A0A178WN00,0.001
A0A178UYK5,0.001
F4HPB7,0.001
B3H7E0,0.001
A0MEP9,0.001
A0A7G2FD82,0.001
C0J8M8,0.001
Q8W1E8,0.001
A0A7G2EC51,0.001
A0A178VY72,0.001
A0A1I9LRR4,0.001
A0A384LII7,0.001
A0A7G2FDL0,0.001
Q39194,0.001
A0A178UEU9,0.001
Q2V309,0.001
A0A5S9XGU3,0.001
A0A178W2T7,0.001
A0A7G2FI92,0.001
Q9LIS4,0.001
Q1ECF9,0.001
A0A178VTX3,0.001
A0A384KJC1,0.001
A0A5S9XGZ2,0.001
A0A178UM50,0.001
A0A654ESD7,0.001
Q9SD78,0.001
A0A178W9Y1,0.001
A0A178WJL4,0.001
A0A7G2FD03,0.001
A0A2H1ZE15,0.001
A0A178UN96,0.001
O23262,0.001
Q0WSH4,0.001
Q8LG10,0.001
A0A178VSY1,0.001
A0A7G2EY57,0.001
A8MRX9,0.001
Q9ZV82,0.001
A0A654F6G1,0.001
A0A178VRK1,0.001
A0A178WBY4,0.001
A0A178WLZ4,0.001
A0A1P8AML8,0.001
A0A178UB70,0.001
A0MF54,0.001
A0A178VGK6,0.001
Q9FLH7,0.001
A0A178VFW6,0.001
A0A178W4Z2,0.001
A0A178WID4,0.001
Q9FY45,0.001
Q3ZVD1,0.001
A8MS03,0.001
A0A178VAJ1,0.001
A0A178VKN7,0.001
A0A7G2FAQ3,0.001
A0A1P8BAG8,0.001
Q8LCU9,0.001
A0A178UBL6,0.001
A0A178WGW0,0.001
A0A178VGH7,0.001
Q8RWM7,0.001
A0A178UTM7,0.001
A0A178V522,0.001
A0A178VGL6,0.001
A0A5S9XQA3,0.001
A0A178VVM7,0.001
A0A654F832,0.001
A0A178WIP3,0.001
A0A384KI47,0.001
A0A178VYI3,0.001
A0A178WER1,0.001
B3H6I0,0.001
A0A178UR31,0.001
F4JP00,0.001
A0A178V3L6,0.001
A0A5S9VCC0,0.001
A0A178UQ79,0.001
A0A178UH17,0.001
A0A178V0G6,0.001
A0A384KNU5,0.001
A0A178W893,0.001
F4KAQ2,0.001
A0A178UB60,0.001
F4KIN5,0.001
A0A178VR31,0.001
A0A5S9Y7V4,0.001
Q8VYT4,0.001
A0A178VZL7,0.001
A0A178W307,0.001
A0A7G2EJU4,0.001
Q9FKT7,0.001
C0Z2A2,0.001
A0A654ET57,0.001
A0A1P8BGJ9,0.001
Q9FNQ4,0.001
Q0WLW9,0.001
B0LQ77,0.001
Q94BV2,0.001
A0A7G2EF18,0.001
O81313,0.001
A0A178V8G9,0.001
A0A384LLP6,0.001
A0A654G494,0.001
A0A178UPS6,0.001
A0A178WKB0,0.001
A0A178WFS6,0.001
A0A178VG86,0.001
A0A178VZ86,0.001
Q9SWQ8,0.001
A0MEY9,0.001
A0A178W4P0,0.001
A0A7G2FQ26,0.001
A0A178VRP1,0.001
A0A178V0C3,0.001
A0A178WM56,0.001
Q9C843,0.001
Q43284,0.001
Q9LPB5,0.001
Q8LE83,0.001
A0MEZ8,0.001
A0A178V4S6,0.001
B9DHP1,0.001
A0A654FT56,0.001
A0A1P8AS98,0.001
Q0WKV6,0.001
A0A178VXQ7,0.001
A0A178UPS8,0.001
A0A178WB83,0.001
A0A178UE66,0.001
Q9CAH6,0.001
A0A1I9LNY7,0.001
A0A7G2EQQ5,0.001
Q9C819,0.001
A0A654GAE1,0.001
A0A178VSY7,0.001
A0A654F5D8,0.001
Q1G3U2,0.001
A0A178UG56,0.001
A0A178VKF8,0.001
Q56X22,0.001
A0A178U6Z0,0.001
A0A178UDU1,0.001
A0A178WB57,0.001
A0A5S9YBM0,0.001
A0A5S9YBY3,0.001
Q93VF4,0.001
A0A178VT38,0.001
A0A5S9Y1M8,0.001
A0A178UWW4,0.001
Q9LZR7,0.001
A0A178W7H8,0.001
A0A7G2EQ51,0.001
A0A1P8B4S7,0.001
F4I386,0.001
A0A178V0I6,0.001
Q9SGE2,0.001
A0A1P8B1I4,0.001
A0A178VXI9,0.001
A0A178W6I7,0.001
Q8W494,0.001
A0A178UGZ8,0.001
A0A384KQC7,0.001
A0A178VV29,0.001
A0A178VIF4,0.001
A0A178WKC4,0.001
A0A178UKH9,0.001
Q8RWP6,0.001
A0A178WML3,0.001
Q9S7A9,0.001
A0A178U871,0.001
A0A178WIJ6,0.001
A0A178UI33,0.001
A0A1P8BGD7,0.001
A0A384LKB8,0.001
A0A7G2ET01,0.001
F4KCW4,0.0
A0A178UY65,0.0
Q9LTK5,0.0
A0A1P8AVM6,0.0
A0A178VYW8,0.0
A0A1P8AV59,0.0
F4IWP7,0.0
A0A178WI80,0.0
A0A178VDD2,0.0
A0A384KZN9,0.0
A0A384KA05,0.0
A0A178UM02,0.0
A0A178WMG7,0.0
A0A1P8AR54,0.0
A0A1P8B5I7,0.0
Q9CAC5,0.0
F4IGY6,0.0
Q45GF9,0.0
Q56WD7,0.0
A0A654FM43,0.0
B0ZWT7,0.0
O64570,0.0
A0MDX6,0.0
Q9C5S0,0.0
A0A178W0N7,0.0
A0A178VRN6,0.0
A0A5S9X4A6,0.0
Q9LYW4,0.0
Q0WLY2,0.0
A0A5S9XH80,0.0
A0A178VQD6,0.0
