query_id,entry_type,annotation_score,status
A0A0L8VW27,Inactive/Deleted,0.0,Inactive
B3LGE0,UniProtKB/TrEMBL,1.0,Active
A0A6C1E405,UniProtKB/TrEMBL,2.0,Active
P25372,UniProtKB/Swiss-Prot,5.0,Active
A0A6C1DQD9,UniProtKB/TrEMBL,1.0,Active
B3LM82,UniProtKB/Swiss-Prot,2.0,Active
A0A6A5PUL8,Inactive/Deleted,0.0,Inactive
P0CF36,UniProtKB/Swiss-Prot,2.0,Active
A0A0L8VPU3,Inactive/Deleted,0.0,Inactive
G2WL32,UniProtKB/TrEMBL,1.0,Active
H0GWI8,UniProtKB/TrEMBL,1.0,Active
H0GRC1,UniProtKB/TrEMBL,1.0,Active
P39516,UniProtKB/Swiss-Prot,5.0,Active
A0A6C1DXB9,UniProtKB/TrEMBL,2.0,Active
B5VMU4,UniProtKB/TrEMBL,1.0,Active
H0GYW6,UniProtKB/TrEMBL,1.0,Active
A0A0L8RG75,Inactive/Deleted,0.0,Inactive
A0A6A5PYF6,Inactive/Deleted,0.0,Inactive
P0CF33,UniProtKB/Swiss-Prot,1.0,Active
A0A0L8VVD0,Inactive/Deleted,0.0,Inactive
J6EJA2,UniProtKB/TrEMBL,1.0,Active
P20606,UniProtKB/Swiss-Prot,5.0,Active
A0A6C1E652,UniProtKB/TrEMBL,1.0,Active
B5VQA8,UniProtKB/TrEMBL,1.0,Active
B5VHL4,UniProtKB/TrEMBL,1.0,Active
H0GVI3,UniProtKB/TrEMBL,1.0,Active
B5VK60,UniProtKB/TrEMBL,1.0,Active
A0A1S5VB53,UniProtKB/TrEMBL,1.0,Active
A0A6C1DY16,UniProtKB/TrEMBL,2.0,Active
A0A0L8VT48,Inactive/Deleted,0.0,Inactive
J6EDA1,UniProtKB/TrEMBL,1.0,Active
A0A6C1DMR5,UniProtKB/TrEMBL,2.0,Active
A0A0L8RQ72,Inactive/Deleted,0.0,Inactive
P32445,UniProtKB/Swiss-Prot,5.0,Active
A0A0L8RCM3,Inactive/Deleted,0.0,Inactive
J4U474,UniProtKB/TrEMBL,1.0,Active
Q3E833,UniProtKB/Swiss-Prot,5.0,Active
A0A0L8VHE1,Inactive/Deleted,0.0,Inactive
Q8J0J2,UniProtKB/TrEMBL,1.0,Active
A0A6L0Y9Y5,Inactive/Deleted,0.0,Inactive
H0GRB6,UniProtKB/TrEMBL,1.0,Active
A0A6A5Q1I9,Inactive/Deleted,0.0,Inactive
C7GLF0,UniProtKB/TrEMBL,2.0,Active
A0A6C1DYC8,UniProtKB/TrEMBL,1.0,Active
B5VGA7,UniProtKB/TrEMBL,1.0,Active
A6ZMT7,UniProtKB/TrEMBL,1.0,Active
A0A0L8RHR6,Inactive/Deleted,0.0,Inactive
N1P4L4,UniProtKB/TrEMBL,2.0,Active
A0A6C1E301,UniProtKB/TrEMBL,1.0,Active
A0A6C1DZL8,UniProtKB/TrEMBL,1.0,Active
A0A6C1DYL7,UniProtKB/TrEMBL,1.0,Active
A0A6A5PVE9,Inactive/Deleted,0.0,Inactive
H0GNV2,UniProtKB/TrEMBL,1.0,Active
P0CF21,UniProtKB/Swiss-Prot,2.0,Active
P38291,UniProtKB/Swiss-Prot,5.0,Active
B5VQC7,UniProtKB/TrEMBL,2.0,Active
A0A126KAM7,UniProtKB/TrEMBL,1.0,Active
B5VNJ1,UniProtKB/TrEMBL,1.0,Active
A0A6C1DW63,UniProtKB/TrEMBL,2.0,Active
A0A6C1E893,UniProtKB/TrEMBL,2.0,Active
P0C1V3,UniProtKB/Swiss-Prot,1.0,Active
A0A6C1E527,UniProtKB/TrEMBL,1.0,Active
A0A6A5PWN2,Inactive/Deleted,0.0,Inactive
B5VTC9,UniProtKB/TrEMBL,1.0,Active
A0A0L8VPC0,Inactive/Deleted,0.0,Inactive
A0A650F0M6,UniProtKB/TrEMBL,1.0,Active
G2WD80,UniProtKB/TrEMBL,1.0,Active
B5VPT9,UniProtKB/TrEMBL,1.0,Active
B5VEB6,UniProtKB/TrEMBL,3.0,Active
A6ZVL3,UniProtKB/Swiss-Prot,1.0,Active
A0A6C1DMI1,UniProtKB/TrEMBL,1.0,Active
A0A0L8VPH2,Inactive/Deleted,0.0,Inactive
A0A0L8RE65,Inactive/Deleted,0.0,Inactive
A0A6A5Q3Z6,Inactive/Deleted,0.0,Inactive
A0A6C1E1K0,UniProtKB/TrEMBL,1.0,Active
Q1ET05,UniProtKB/TrEMBL,1.0,Active
P19211,UniProtKB/Swiss-Prot,5.0,Active
A0A6C1E2X6,UniProtKB/TrEMBL,1.0,Active
A0A6A5Q4T2,Inactive/Deleted,0.0,Inactive
A0A0L8RDP5,Inactive/Deleted,0.0,Inactive
A0A6C1EGV0,UniProtKB/TrEMBL,2.0,Active
A0A0L8VM38,Inactive/Deleted,0.0,Inactive
A0A0L8RNG5,Inactive/Deleted,0.0,Inactive
N1P2Q1,UniProtKB/TrEMBL,1.0,Active
A0A0L8RBZ3,Inactive/Deleted,0.0,Inactive
A0A6C1DTH4,UniProtKB/TrEMBL,2.0,Active
A0A0L8RBC9,Inactive/Deleted,0.0,Inactive
B5VT36,UniProtKB/TrEMBL,1.0,Active
A0A0L8VM83,Inactive/Deleted,0.0,Inactive
H0GQR7,UniProtKB/TrEMBL,1.0,Active
A7A153,UniProtKB/TrEMBL,1.0,Active
A0A0L8RCH0,Inactive/Deleted,0.0,Inactive
B2BX19,UniProtKB/TrEMBL,1.0,Active
G2WHF5,UniProtKB/TrEMBL,1.0,Active
A0A0H3WHX1,UniProtKB/TrEMBL,1.0,Active
A0A6A5PZD5,Inactive/Deleted,0.0,Inactive
A0A0L8VQD1,Inactive/Deleted,0.0,Inactive
A0A6C1DRT7,UniProtKB/TrEMBL,2.0,Active
A0A6C1EGI4,UniProtKB/TrEMBL,1.0,Active
A7A0H8,UniProtKB/TrEMBL,1.0,Active
N1P949,UniProtKB/TrEMBL,1.0,Active
B5VLY3,UniProtKB/TrEMBL,1.0,Active
A0A0L8VVR6,Inactive/Deleted,0.0,Inactive
B5VHF7,UniProtKB/TrEMBL,1.0,Active
J6EF31,UniProtKB/TrEMBL,2.0,Active
A0A6C1DMG0,UniProtKB/TrEMBL,2.0,Active
A0A6C1EJ52,UniProtKB/TrEMBL,1.0,Active
A0A0L8VPG4,Inactive/Deleted,0.0,Inactive
B5VDQ6,UniProtKB/TrEMBL,1.0,Active
N1PA95,UniProtKB/TrEMBL,2.0,Active
J8TWV2,UniProtKB/TrEMBL,1.0,Active
B5VSC7,UniProtKB/TrEMBL,2.0,Active
A0A0L8VH73,Inactive/Deleted,0.0,Inactive
B5VET9,UniProtKB/TrEMBL,1.0,Active
H0GFH8,UniProtKB/TrEMBL,2.0,Active
G2WNR5,UniProtKB/TrEMBL,1.0,Active
A0A0L8VIG0,Inactive/Deleted,0.0,Inactive
A0A0L8VSA9,Inactive/Deleted,0.0,Inactive
A0A6C1EE55,UniProtKB/TrEMBL,1.0,Active
A0A1X9PYF7,UniProtKB/TrEMBL,1.0,Active
A0A0B4VJK5,UniProtKB/TrEMBL,1.0,Active
A0A0L8RAE0,Inactive/Deleted,0.0,Inactive
P56628,UniProtKB/Swiss-Prot,4.0,Active
A0A0L8RNL7,Inactive/Deleted,0.0,Inactive
A0A0L8RGI7,Inactive/Deleted,0.0,Inactive
A0A6C1ECI4,UniProtKB/TrEMBL,3.0,Active
H0H2E0,UniProtKB/TrEMBL,1.0,Active
J8QB60,UniProtKB/TrEMBL,2.0,Active
A0A0L8R9T0,Inactive/Deleted,0.0,Inactive
A0A0L8VP20,Inactive/Deleted,0.0,Inactive
A0A0L8VNR8,Inactive/Deleted,0.0,Inactive
A0A0L8RKR8,Inactive/Deleted,0.0,Inactive
A0A0L8RF80,Inactive/Deleted,0.0,Inactive
A0A6C1DVZ1,UniProtKB/TrEMBL,1.0,Active
A6ZRS1,UniProtKB/TrEMBL,1.0,Active
A0A0L8RDR4,Inactive/Deleted,0.0,Inactive
N1P0Z5,UniProtKB/TrEMBL,1.0,Active
H0GRU6,UniProtKB/TrEMBL,3.0,Active
J8TH93,UniProtKB/TrEMBL,1.0,Active
A0A0L8RPH0,Inactive/Deleted,0.0,Inactive
A0A6A5PUT0,Inactive/Deleted,0.0,Inactive
B3LRG8,UniProtKB/TrEMBL,2.0,Active
A0A0L8VRN7,Inactive/Deleted,0.0,Inactive
H0GV02,UniProtKB/TrEMBL,2.0,Active
J6EPV5,UniProtKB/TrEMBL,2.0,Active
J5RR02,UniProtKB/TrEMBL,1.0,Active
J5PTJ0,UniProtKB/TrEMBL,1.0,Active
A0A6C1E1V9,UniProtKB/TrEMBL,1.0,Active
B5VEC6,UniProtKB/TrEMBL,1.0,Active
B5VEU4,UniProtKB/TrEMBL,3.0,Active
C7GUQ0,UniProtKB/TrEMBL,2.0,Active
H0H1Z1,UniProtKB/TrEMBL,1.0,Active
G2WEH2,UniProtKB/TrEMBL,2.0,Active
B5VKB9,UniProtKB/TrEMBL,1.0,Active
P53732,UniProtKB/Swiss-Prot,5.0,Active
B3LFN2,UniProtKB/TrEMBL,2.0,Active
A0A6A5PUE0,Inactive/Deleted,0.0,Inactive
A0A0L8VJI3,Inactive/Deleted,0.0,Inactive
A6ZWW0,UniProtKB/TrEMBL,2.0,Active
J4TSA0,UniProtKB/TrEMBL,1.0,Active
P0CE85,UniProtKB/Swiss-Prot,2.0,Active
A0A0L8VGQ9,Inactive/Deleted,0.0,Inactive
E7LTG2,UniProtKB/Swiss-Prot,1.0,Active
A6ZUW4,UniProtKB/TrEMBL,1.0,Active
A0A0L8REU5,Inactive/Deleted,0.0,Inactive
A0A6C1DWL6,UniProtKB/TrEMBL,1.0,Active
A0A0L8VKX5,Inactive/Deleted,0.0,Inactive
C7GTQ9,UniProtKB/TrEMBL,1.0,Active
B5VPJ6,UniProtKB/TrEMBL,2.0,Active
A0A6C1DPP8,UniProtKB/TrEMBL,2.0,Active
A0A0L8VHL3,Inactive/Deleted,0.0,Inactive
C7GX92,UniProtKB/TrEMBL,1.0,Active
A6ZL57,UniProtKB/Swiss-Prot,3.0,Active
G2WKK3,UniProtKB/TrEMBL,1.0,Active
A0A0L8RQ33,Inactive/Deleted,0.0,Inactive
A0A0L8RG12,Inactive/Deleted,0.0,Inactive
A0A0L8RIB5,Inactive/Deleted,0.0,Inactive
A0A0L8RJ09,Inactive/Deleted,0.0,Inactive
A0A0L8RL24,Inactive/Deleted,0.0,Inactive
A0A6C1E7T8,UniProtKB/TrEMBL,2.0,Active
Q05676,UniProtKB/Swiss-Prot,3.0,Active
C7GXQ3,UniProtKB/TrEMBL,1.0,Active
A0A6C1DPI9,UniProtKB/TrEMBL,2.0,Active
Q04341,UniProtKB/Swiss-Prot,3.0,Active
A0A6C1DS99,UniProtKB/TrEMBL,1.0,Active
A0A6C1DS09,UniProtKB/TrEMBL,1.0,Active
G2WD90,UniProtKB/TrEMBL,1.0,Active
A0A0L8VFK8,Inactive/Deleted,0.0,Inactive
A0A6C1EH55,UniProtKB/TrEMBL,1.0,Active
A0A6C1DS54,UniProtKB/TrEMBL,2.0,Active
H1AB67,UniProtKB/TrEMBL,1.0,Active
B3LLK1,UniProtKB/TrEMBL,2.0,Active
A0A0L8RLR2,Inactive/Deleted,0.0,Inactive
C8ZDE0,UniProtKB/TrEMBL,1.0,Active
A0A6C1DSR1,UniProtKB/TrEMBL,1.0,Active
A0A6A5PRZ0,Inactive/Deleted,0.0,Inactive
A0A6C1DPT2,UniProtKB/TrEMBL,2.0,Active
D3XDB7,UniProtKB/TrEMBL,1.0,Active
P41908,UniProtKB/Swiss-Prot,2.0,Active
Q12055,UniProtKB/Swiss-Prot,5.0,Active
A0A6C1E1T5,UniProtKB/TrEMBL,2.0,Active
C7GJN7,UniProtKB/TrEMBL,1.0,Active
A0A0L8VQK5,Inactive/Deleted,0.0,Inactive
A0A6A5PYS6,Inactive/Deleted,0.0,Inactive
B5VS24,UniProtKB/TrEMBL,1.0,Active
A0A6A5PV18,Inactive/Deleted,0.0,Inactive
A0A6C1E586,UniProtKB/TrEMBL,2.0,Active
H0GCU7,UniProtKB/TrEMBL,2.0,Active
B5VJM7,UniProtKB/TrEMBL,1.0,Active
A0A6C1DYS6,UniProtKB/TrEMBL,1.0,Active
B5VKD2,UniProtKB/TrEMBL,2.0,Active
Q8J1N7,UniProtKB/TrEMBL,1.0,Active
A6ZSJ4,UniProtKB/TrEMBL,1.0,Active
A0A0L8VG50,Inactive/Deleted,0.0,Inactive
A6ZX72,UniProtKB/TrEMBL,1.0,Active
B7X701,UniProtKB/TrEMBL,1.0,Active
A6ZRF7,UniProtKB/TrEMBL,1.0,Active
A0A6C1E682,UniProtKB/TrEMBL,1.0,Active
E9P983,UniProtKB/TrEMBL,1.0,Active
H0GL34,UniProtKB/TrEMBL,1.0,Active
A0A0L8RP25,Inactive/Deleted,0.0,Inactive
G2WCB0,UniProtKB/TrEMBL,1.0,Active
B5VEY8,UniProtKB/TrEMBL,1.0,Active
A0A0L8VST0,Inactive/Deleted,0.0,Inactive
H0H012,UniProtKB/TrEMBL,1.0,Active
A0A6C1E9H7,UniProtKB/TrEMBL,1.0,Active
A0A6A5PZ28,Inactive/Deleted,0.0,Inactive
G2WFY6,UniProtKB/TrEMBL,1.0,Active
N1P1K9,UniProtKB/TrEMBL,2.0,Active
N1PAQ6,UniProtKB/TrEMBL,1.0,Active
A0A6C1E5Y5,UniProtKB/TrEMBL,1.0,Active
A0A0L8RG65,Inactive/Deleted,0.0,Inactive
J6EPK0,UniProtKB/TrEMBL,1.0,Active
B5VSB8,UniProtKB/TrEMBL,1.0,Active
A0A0L8VVR4,Inactive/Deleted,0.0,Inactive
A0A0L8VIX9,Inactive/Deleted,0.0,Inactive
J5PES2,UniProtKB/TrEMBL,1.0,Active
A0A0L8RFR4,Inactive/Deleted,0.0,Inactive
A0A6C1DTA1,UniProtKB/TrEMBL,2.0,Active
B5VRI9,UniProtKB/TrEMBL,1.0,Active
B5VM10,UniProtKB/TrEMBL,1.0,Active
Q8J1N8,UniProtKB/TrEMBL,1.0,Active
A0A0L8RGT1,Inactive/Deleted,0.0,Inactive
A0A6C1DTC1,UniProtKB/TrEMBL,1.0,Active
H0H0P1,UniProtKB/TrEMBL,2.0,Active
A6ZPY5,UniProtKB/TrEMBL,2.0,Active
Q3E743,UniProtKB/Swiss-Prot,1.0,Active
A0A6A5PWS8,Inactive/Deleted,0.0,Inactive
A6ZWJ7,UniProtKB/TrEMBL,2.0,Active
B5VJC1,UniProtKB/TrEMBL,1.0,Active
H0GVW4,UniProtKB/TrEMBL,2.0,Active
Q02429,UniProtKB/TrEMBL,1.0,Active
A0A6A5Q0V7,Inactive/Deleted,0.0,Inactive
A7A0L0,UniProtKB/TrEMBL,2.0,Active
J4TYV6,UniProtKB/TrEMBL,2.0,Active
B5VP96,UniProtKB/TrEMBL,1.0,Active
G2W9V1,UniProtKB/TrEMBL,1.0,Active
A0A0L8RPA7,Inactive/Deleted,0.0,Inactive
B5VPB4,UniProtKB/TrEMBL,1.0,Active
B5VFV4,UniProtKB/TrEMBL,1.0,Active
B3LHR2,UniProtKB/TrEMBL,1.0,Active
Q874K5,UniProtKB/TrEMBL,1.0,Active
O42831,UniProtKB/Swiss-Prot,2.0,Active
A0A0L8RJK3,Inactive/Deleted,0.0,Inactive
H0GQF8,UniProtKB/TrEMBL,1.0,Active
A0A6A5Q6N6,Inactive/Deleted,0.0,Inactive
C7GJ30,UniProtKB/TrEMBL,2.0,Active
A0A0L8VNQ3,Inactive/Deleted,0.0,Inactive
B5VQK0,UniProtKB/TrEMBL,1.0,Active
Q08826,UniProtKB/Swiss-Prot,5.0,Active
B5VSG5,UniProtKB/TrEMBL,1.0,Active
G2WFL1,UniProtKB/TrEMBL,1.0,Active
A0A0L8VVB2,Inactive/Deleted,0.0,Inactive
B5VMV2,UniProtKB/TrEMBL,1.0,Active
N1P7S7,UniProtKB/TrEMBL,1.0,Active
B5VG58,UniProtKB/TrEMBL,1.0,Active
E9PA38,UniProtKB/TrEMBL,2.0,Active
J8QAJ7,UniProtKB/TrEMBL,2.0,Active
A0A6C1EFJ0,UniProtKB/TrEMBL,1.0,Active
A6ZX76,UniProtKB/TrEMBL,1.0,Active
A0A0L8VJN1,Inactive/Deleted,0.0,Inactive
B5LYQ1,UniProtKB/TrEMBL,1.0,Active
P46984,UniProtKB/Swiss-Prot,5.0,Active
A0A0L8VH46,Inactive/Deleted,0.0,Inactive
H0GTE4,UniProtKB/TrEMBL,1.0,Active
A0A0L8VIF6,Inactive/Deleted,0.0,Inactive
A0A6C1DQ40,UniProtKB/TrEMBL,1.0,Active
A0A0L8RFD4,Inactive/Deleted,0.0,Inactive
A0A6C1E1Q5,UniProtKB/TrEMBL,1.0,Active
A0A6C1EAL0,UniProtKB/TrEMBL,1.0,Active
A0A6C1E3B7,UniProtKB/TrEMBL,1.0,Active
A0A6C1DXF7,UniProtKB/TrEMBL,1.0,Active
B5VQK9,UniProtKB/TrEMBL,1.0,Active
A0A0L8RFP2,Inactive/Deleted,0.0,Inactive
B5VQ91,UniProtKB/TrEMBL,1.0,Active
Q3E846,UniProtKB/Swiss-Prot,5.0,Active
H0H2E2,UniProtKB/TrEMBL,1.0,Active
A0A0L8RC09,Inactive/Deleted,0.0,Inactive
G2WFU1,UniProtKB/TrEMBL,1.0,Active
J6ENP6,UniProtKB/TrEMBL,1.0,Active
B2NIG5,UniProtKB/TrEMBL,1.0,Active
C8Z5T5,UniProtKB/TrEMBL,1.0,Active
A0A6C1ECV0,UniProtKB/TrEMBL,2.0,Active
H0H2F0,UniProtKB/TrEMBL,1.0,Active
A0A6C1E6N4,UniProtKB/TrEMBL,3.0,Active
A0A0L8REI1,Inactive/Deleted,0.0,Inactive
B3LI34,UniProtKB/TrEMBL,1.0,Active
A0A6C1E2C3,UniProtKB/TrEMBL,1.0,Active
A0A0L8RE14,Inactive/Deleted,0.0,Inactive
A6ZKS2,UniProtKB/TrEMBL,2.0,Active
C7GP53,UniProtKB/TrEMBL,1.0,Active
N1P7I0,UniProtKB/TrEMBL,2.0,Active
J6EEZ8,UniProtKB/TrEMBL,1.0,Active
A0A0L8RKB1,Inactive/Deleted,0.0,Inactive
J6EKD3,UniProtKB/TrEMBL,1.0,Active
A0A6C1EB38,UniProtKB/TrEMBL,1.0,Active
J5PDG0,UniProtKB/TrEMBL,1.0,Active
A0A6C1EEW9,UniProtKB/TrEMBL,2.0,Active
Q876E8,UniProtKB/TrEMBL,1.0,Active
A0A6C1EAP8,UniProtKB/TrEMBL,2.0,Active
G2WNU7,UniProtKB/TrEMBL,1.0,Active
A0A0L8RCV9,Inactive/Deleted,0.0,Inactive
A0A0L8RC65,Inactive/Deleted,0.0,Inactive
A0A0L8RCW3,Inactive/Deleted,0.0,Inactive
A0A6C1DLU8,UniProtKB/TrEMBL,1.0,Active
Q8TGU6,UniProtKB/Swiss-Prot,1.0,Active
A0A6A5Q656,Inactive/Deleted,0.0,Inactive
D3W8Q5,UniProtKB/TrEMBL,1.0,Active
C7GJJ1,UniProtKB/TrEMBL,2.0,Active
A0A6C1DVJ8,UniProtKB/TrEMBL,2.0,Active
B5VHU0,UniProtKB/TrEMBL,1.0,Active
N1P8P8,UniProtKB/TrEMBL,1.0,Active
A0A6C1DP30,UniProtKB/TrEMBL,1.0,Active
A0A6C1DX88,UniProtKB/TrEMBL,2.0,Active
A0A0L8RGQ8,Inactive/Deleted,0.0,Inactive
A0A6C1E524,UniProtKB/TrEMBL,1.0,Active
A0A6C1DQR9,UniProtKB/TrEMBL,2.0,Active
B3LIP4,UniProtKB/TrEMBL,1.0,Active
C8Z3V3,UniProtKB/TrEMBL,1.0,Active
H0H1N8,UniProtKB/TrEMBL,2.0,Active
B3LPV4,UniProtKB/TrEMBL,1.0,Active
B3LTA7,UniProtKB/TrEMBL,1.0,Active
A0A0L8VN02,Inactive/Deleted,0.0,Inactive
H0GN17,UniProtKB/TrEMBL,1.0,Active
A6ZVX6,UniProtKB/TrEMBL,1.0,Active
A0A0L8RGP1,Inactive/Deleted,0.0,Inactive
H0GSI0,UniProtKB/TrEMBL,2.0,Active
B5VFK6,UniProtKB/TrEMBL,1.0,Active
A0A0L8RFN4,Inactive/Deleted,0.0,Inactive
A0A0L8VIC5,Inactive/Deleted,0.0,Inactive
H0H077,UniProtKB/TrEMBL,2.0,Active
H0H2D9,UniProtKB/TrEMBL,2.0,Active
W8PD50,UniProtKB/TrEMBL,1.0,Active
B5VHS0,UniProtKB/TrEMBL,1.0,Active
A0A0L8RCA2,Inactive/Deleted,0.0,Inactive
A6ZQD4,UniProtKB/TrEMBL,1.0,Active
P40042,UniProtKB/Swiss-Prot,2.0,Active
A0A0L8RAF7,Inactive/Deleted,0.0,Inactive
A0A0L8RH52,Inactive/Deleted,0.0,Inactive
A0A6C1E2M4,UniProtKB/TrEMBL,1.0,Active
A0A6C1E2P9,UniProtKB/TrEMBL,1.0,Active
A0A6C1DMJ6,UniProtKB/TrEMBL,1.0,Active
H0GKC0,UniProtKB/TrEMBL,1.0,Active
H0H125,UniProtKB/TrEMBL,1.0,Active
A0A0L8RID1,Inactive/Deleted,0.0,Inactive
A0A0L8RL56,Inactive/Deleted,0.0,Inactive
A0A0L8RET8,Inactive/Deleted,0.0,Inactive
B3LKP5,UniProtKB/TrEMBL,1.0,Active
A0A0H3WJ97,UniProtKB/TrEMBL,1.0,Active
A0A6C1EGX0,UniProtKB/TrEMBL,2.0,Active
G2WGG1,UniProtKB/TrEMBL,1.0,Active
H0GTV8,UniProtKB/TrEMBL,2.0,Active
G2W999,UniProtKB/TrEMBL,2.0,Active
G3G411,UniProtKB/TrEMBL,2.0,Active
H0GNU8,UniProtKB/TrEMBL,2.0,Active
H0H1R8,UniProtKB/TrEMBL,1.0,Active
B5VEJ2,UniProtKB/TrEMBL,1.0,Active
H0GSB8,UniProtKB/TrEMBL,1.0,Active
A0SQ78,UniProtKB/TrEMBL,1.0,Active
A0A0L8RNV0,Inactive/Deleted,0.0,Inactive
A0A6C1DZ91,UniProtKB/TrEMBL,1.0,Active
N1NVJ9,UniProtKB/TrEMBL,2.0,Active
C7GK56,UniProtKB/TrEMBL,2.0,Active
H1AB72,UniProtKB/TrEMBL,1.0,Active
A0A0L8REQ3,Inactive/Deleted,0.0,Inactive
H0GVM4,UniProtKB/TrEMBL,1.0,Active
H0GQX3,UniProtKB/TrEMBL,1.0,Active
A0A0L8RNX0,Inactive/Deleted,0.0,Inactive
C8Z5U3,UniProtKB/TrEMBL,1.0,Active
G2WCA9,UniProtKB/TrEMBL,1.0,Active
A0A6C1E5Q7,UniProtKB/TrEMBL,2.0,Active
A0A6A5Q162,Inactive/Deleted,0.0,Inactive
A0A8A5L5A3,UniProtKB/TrEMBL,2.0,Active
A0A0L8RHC7,Inactive/Deleted,0.0,Inactive
A0A0L8VN43,Inactive/Deleted,0.0,Inactive
N1P1Q3,UniProtKB/TrEMBL,1.0,Active
B5VF29,UniProtKB/TrEMBL,1.0,Active
H0GQD2,UniProtKB/TrEMBL,1.0,Active
J6EKW5,UniProtKB/TrEMBL,1.0,Active
W8PUL5,UniProtKB/TrEMBL,1.0,Active
H0GJ14,UniProtKB/TrEMBL,1.0,Active
A0A0L8VVT8,Inactive/Deleted,0.0,Inactive
V9GZG4,UniProtKB/TrEMBL,1.0,Active
H0GVY5,UniProtKB/TrEMBL,1.0,Active
P40515,UniProtKB/Swiss-Prot,5.0,Active
A0A6C1EGR2,UniProtKB/TrEMBL,1.0,Active
A0A6C1DWC3,UniProtKB/TrEMBL,2.0,Active
A0A0L8VHW8,Inactive/Deleted,0.0,Inactive
A0A0L8VS18,Inactive/Deleted,0.0,Inactive
A6ZZI3,UniProtKB/TrEMBL,1.0,Active
P0C5Q0,UniProtKB/Swiss-Prot,1.0,Active
A0A6C1E762,UniProtKB/TrEMBL,1.0,Active
B5VMY3,UniProtKB/TrEMBL,1.0,Active
B3LSH1,UniProtKB/TrEMBL,1.0,Active
A0A6C1E5D7,UniProtKB/TrEMBL,3.0,Active
A0A0L8VLC9,Inactive/Deleted,0.0,Inactive
A0A6C1E0U2,UniProtKB/TrEMBL,1.0,Active
P04037,UniProtKB/Swiss-Prot,5.0,Active
P40185,UniProtKB/Swiss-Prot,4.0,Active
A0A6C1EET4,UniProtKB/TrEMBL,2.0,Active
B5VLN0,UniProtKB/TrEMBL,2.0,Active
A0A6C1E7F3,UniProtKB/TrEMBL,1.0,Active
A0A6C1EAZ3,UniProtKB/TrEMBL,1.0,Active
A0A0L8RF31,Inactive/Deleted,0.0,Inactive
A0A0L8RBF3,Inactive/Deleted,0.0,Inactive
A0A6A5PU90,Inactive/Deleted,0.0,Inactive
Q3E7B6,UniProtKB/Swiss-Prot,5.0,Active
A0A0L8VLL5,Inactive/Deleted,0.0,Inactive
G2WCL5,UniProtKB/TrEMBL,1.0,Active
H0GLU6,UniProtKB/TrEMBL,1.0,Active
A6ZLZ2,UniProtKB/TrEMBL,2.0,Active
B5VG32,UniProtKB/TrEMBL,1.0,Active
H0GQG5,UniProtKB/TrEMBL,1.0,Active
A0A1D8GYH1,UniProtKB/TrEMBL,2.0,Active
A0A096ZM56,UniProtKB/TrEMBL,1.0,Active
P39989,UniProtKB/Swiss-Prot,1.0,Active
J6ED95,UniProtKB/TrEMBL,1.0,Active
Q876E9,UniProtKB/TrEMBL,1.0,Active
E9P9B7,UniProtKB/TrEMBL,2.0,Active
A0A0L8VMA3,Inactive/Deleted,0.0,Inactive
B3LKT0,UniProtKB/TrEMBL,2.0,Active
B3LUF0,UniProtKB/TrEMBL,1.0,Active
A0A6C1DPQ4,UniProtKB/TrEMBL,2.0,Active
N1P6M8,UniProtKB/TrEMBL,1.0,Active
B5VJF3,UniProtKB/TrEMBL,1.0,Active
H0GYS6,UniProtKB/TrEMBL,2.0,Active
C8ZEM0,UniProtKB/TrEMBL,1.0,Active
A6ZTA6,UniProtKB/TrEMBL,1.0,Active
A6ZYE5,UniProtKB/TrEMBL,1.0,Active
D3UEL4,UniProtKB/TrEMBL,1.0,Active
P38264,UniProtKB/Swiss-Prot,5.0,Active
Q3E834,UniProtKB/Swiss-Prot,4.0,Active
B5VJU9,UniProtKB/TrEMBL,1.0,Active
B5VET2,UniProtKB/TrEMBL,1.0,Active
A0A0L8RDD1,Inactive/Deleted,0.0,Inactive
A0A6C1E006,UniProtKB/TrEMBL,1.0,Active
A0A6C1E4Y6,UniProtKB/TrEMBL,1.0,Active
A0A6C1EJ02,UniProtKB/TrEMBL,2.0,Active
P56508,UniProtKB/Swiss-Prot,3.0,Active
B3LPT8,UniProtKB/TrEMBL,2.0,Active
B5VFK4,UniProtKB/TrEMBL,1.0,Active
A0A0L8VMM4,Inactive/Deleted,0.0,Inactive
N1P7T7,UniProtKB/TrEMBL,1.0,Active
J6EDV1,UniProtKB/TrEMBL,1.0,Active
H1AB59,UniProtKB/TrEMBL,2.0,Active
A0A650F0L2,UniProtKB/TrEMBL,1.0,Active
A0A6C1ECH6,UniProtKB/TrEMBL,1.0,Active
A0A0L8VSM3,Inactive/Deleted,0.0,Inactive
P02400,UniProtKB/Swiss-Prot,5.0,Active
Q8TGT1,UniProtKB/Swiss-Prot,1.0,Active
B3LP86,UniProtKB/TrEMBL,1.0,Active
H0GH21,UniProtKB/TrEMBL,1.0,Active
B3LMQ3,UniProtKB/TrEMBL,1.0,Active
B5VMA0,UniProtKB/TrEMBL,1.0,Active
A0A6A5PYP0,Inactive/Deleted,0.0,Inactive
H0GCY1,UniProtKB/TrEMBL,1.0,Active
A0A0L8RM69,Inactive/Deleted,0.0,Inactive
G2WAE9,UniProtKB/TrEMBL,2.0,Active
A0A0L8RMB4,Inactive/Deleted,0.0,Inactive
B3LKF3,UniProtKB/TrEMBL,1.0,Active
A0A6C1EBZ3,UniProtKB/TrEMBL,1.0,Active
A6ZV22,UniProtKB/TrEMBL,2.0,Active
A0A6C1EA33,UniProtKB/TrEMBL,1.0,Active
C8ZGA9,UniProtKB/TrEMBL,1.0,Active
A6ZTS9,UniProtKB/TrEMBL,1.0,Active
H0GT55,UniProtKB/TrEMBL,1.0,Active
P25296,UniProtKB/Swiss-Prot,5.0,Active
A0A1W5RRI6,UniProtKB/TrEMBL,1.0,Active
H0GFL2,UniProtKB/TrEMBL,1.0,Active
H0GNY6,UniProtKB/TrEMBL,1.0,Active
A6ZMD0,UniProtKB/Swiss-Prot,2.0,Active
H0GSV7,UniProtKB/TrEMBL,1.0,Active
A0A6A5PTX2,Inactive/Deleted,0.0,Inactive
P05319,UniProtKB/Swiss-Prot,5.0,Active
A6ZT08,UniProtKB/TrEMBL,1.0,Active
P0C5N1,UniProtKB/Swiss-Prot,1.0,Active
Q1ET04,UniProtKB/TrEMBL,1.0,Active
J5RNR3,UniProtKB/TrEMBL,1.0,Active
P38317,UniProtKB/Swiss-Prot,1.0,Active
A0A0L8RGA4,Inactive/Deleted,0.0,Inactive
P06104,UniProtKB/Swiss-Prot,5.0,Active
A0A0X9V1J3,UniProtKB/TrEMBL,1.0,Active
A0A0L8RMU6,Inactive/Deleted,0.0,Inactive
J6EQD9,UniProtKB/TrEMBL,1.0,Active
A0A0L8RE55,Inactive/Deleted,0.0,Inactive
C5I8J9,UniProtKB/TrEMBL,1.0,Active
A0A6A5Q1K7,Inactive/Deleted,0.0,Inactive
A0A6C1EEP6,UniProtKB/TrEMBL,1.0,Active
G2WCG8,UniProtKB/TrEMBL,1.0,Active
E9P9V1,UniProtKB/TrEMBL,1.0,Active
C7GSV8,UniProtKB/TrEMBL,2.0,Active
B5VPD1,UniProtKB/TrEMBL,1.0,Active
A0A6C1E7F2,UniProtKB/TrEMBL,1.0,Active
B5VFN7,UniProtKB/TrEMBL,1.0,Active
Q3E790,UniProtKB/Swiss-Prot,4.0,Active
B3LJI4,UniProtKB/TrEMBL,2.0,Active
A0A6C1E965,UniProtKB/TrEMBL,2.0,Active
Q3E814,UniProtKB/Swiss-Prot,1.0,Active
G2WP62,UniProtKB/TrEMBL,1.0,Active
A0A0L8REL8,Inactive/Deleted,0.0,Inactive
A0A6C1E1V5,UniProtKB/TrEMBL,1.0,Active
H0GWA7,UniProtKB/TrEMBL,1.0,Active
B5VJ13,UniProtKB/TrEMBL,1.0,Active
C8ZAV7,UniProtKB/TrEMBL,1.0,Active
Q12016,UniProtKB/Swiss-Prot,4.0,Active
A0A0L8VN44,Inactive/Deleted,0.0,Inactive
A0A0L8VH67,Inactive/Deleted,0.0,Inactive
A0A6C1DQH8,UniProtKB/TrEMBL,1.0,Active
A0A6C1DUQ6,UniProtKB/TrEMBL,2.0,Active
A0A023PID0,UniProtKB/TrEMBL,2.0,Active
A0A0L8VKJ5,Inactive/Deleted,0.0,Inactive
B3LTJ6,UniProtKB/TrEMBL,1.0,Active
J6EFR2,UniProtKB/TrEMBL,1.0,Active
H0GVN6,UniProtKB/TrEMBL,2.0,Active
E9P9W8,UniProtKB/TrEMBL,1.0,Active
P33308,UniProtKB/Swiss-Prot,5.0,Active
B5VS31,UniProtKB/TrEMBL,1.0,Active
B5VNS5,UniProtKB/TrEMBL,1.0,Active
A7A1N9,UniProtKB/TrEMBL,1.0,Active
A0A0L8VJR5,Inactive/Deleted,0.0,Inactive
H9NBG4,UniProtKB/TrEMBL,2.0,Active
A6ZRU4,UniProtKB/TrEMBL,1.0,Active
A0A0L8VI43,Inactive/Deleted,0.0,Inactive
J6EIQ4,UniProtKB/TrEMBL,1.0,Active
A0A6A5PWK9,Inactive/Deleted,0.0,Inactive
P36141,UniProtKB/Swiss-Prot,3.0,Active
B7X6Z7,UniProtKB/TrEMBL,1.0,Active
A0A6C1E184,UniProtKB/TrEMBL,1.0,Active
A0A0L8RLW0,Inactive/Deleted,0.0,Inactive
J4TUU0,UniProtKB/TrEMBL,1.0,Active
J8PVH2,UniProtKB/TrEMBL,1.0,Active
A0A0L8RMQ7,Inactive/Deleted,0.0,Inactive
A0A0L8RCG1,Inactive/Deleted,0.0,Inactive
A0A0L8VKC6,Inactive/Deleted,0.0,Inactive
A0A6C1DYH8,UniProtKB/TrEMBL,2.0,Active
A0A6C1DTT5,UniProtKB/TrEMBL,2.0,Active
B5VM33,UniProtKB/TrEMBL,1.0,Active
A0A0L8VUZ5,Inactive/Deleted,0.0,Inactive
A0A6C1E3Z1,UniProtKB/TrEMBL,1.0,Active
B5VTK4,UniProtKB/TrEMBL,1.0,Active
Q8TGM2,UniProtKB/Swiss-Prot,1.0,Active
H0GHA4,UniProtKB/TrEMBL,1.0,Active
H0GNZ6,UniProtKB/TrEMBL,2.0,Active
G2WP73,UniProtKB/TrEMBL,1.0,Active
B3LNP0,UniProtKB/TrEMBL,1.0,Active
C7GIU6,UniProtKB/TrEMBL,1.0,Active
A0A0L8RLP4,Inactive/Deleted,0.0,Inactive
A0A6A5PSB2,Inactive/Deleted,0.0,Inactive
A0A0L8VUC3,Inactive/Deleted,0.0,Inactive
H0GVF7,UniProtKB/TrEMBL,2.0,Active
A0A6C1DSM8,UniProtKB/TrEMBL,2.0,Active
J8TX93,UniProtKB/TrEMBL,1.0,Active
A0A6C1EBQ1,UniProtKB/TrEMBL,1.0,Active
A0A0L8VNW3,Inactive/Deleted,0.0,Inactive
A0A0L8VGV5,Inactive/Deleted,0.0,Inactive
H0GIE5,UniProtKB/TrEMBL,2.0,Active
N1P4B3,UniProtKB/TrEMBL,1.0,Active
P07635,UniProtKB/Swiss-Prot,3.0,Active
C7GLB0,UniProtKB/TrEMBL,3.0,Active
C8ZBM1,UniProtKB/TrEMBL,1.0,Active
A0A0L8VLT8,Inactive/Deleted,0.0,Inactive
B5VDV2,UniProtKB/TrEMBL,1.0,Active
B5VLM3,UniProtKB/TrEMBL,1.0,Active
A0A6C1DTY1,UniProtKB/TrEMBL,1.0,Active
B5VSD9,UniProtKB/TrEMBL,3.0,Active
A0A6C1DY96,UniProtKB/TrEMBL,1.0,Active
J5PGV5,UniProtKB/TrEMBL,2.0,Active
A0A6C1DS10,UniProtKB/TrEMBL,2.0,Active
P22289,UniProtKB/Swiss-Prot,5.0,Active
B5VS66,UniProtKB/TrEMBL,1.0,Active
A0A023PJU7,UniProtKB/TrEMBL,2.0,Active
C7GSI6,UniProtKB/Swiss-Prot,2.0,Active
A0A0L8R9W8,Inactive/Deleted,0.0,Inactive
A0A0L8R9G1,Inactive/Deleted,0.0,Inactive
B3LU92,UniProtKB/TrEMBL,1.0,Active
P0C5M7,UniProtKB/Swiss-Prot,1.0,Active
D2XZ09,UniProtKB/TrEMBL,1.0,Active
P38214,UniProtKB/Swiss-Prot,1.0,Active
C8Z6E7,UniProtKB/TrEMBL,1.0,Active
C8ZBY0,UniProtKB/TrEMBL,2.0,Active
H0GZ10,UniProtKB/TrEMBL,1.0,Active
A0A6C1DN40,UniProtKB/TrEMBL,2.0,Active
J5PVA5,UniProtKB/TrEMBL,1.0,Active
A0A0L8VN53,Inactive/Deleted,0.0,Inactive
A0A6C1DP53,UniProtKB/TrEMBL,2.0,Active
A0A6C1DPW1,UniProtKB/TrEMBL,2.0,Active
A0A0L8RIE9,Inactive/Deleted,0.0,Inactive
J6ED62,UniProtKB/TrEMBL,1.0,Active
X5CPE8,UniProtKB/TrEMBL,2.0,Active
B3LRX6,UniProtKB/TrEMBL,1.0,Active
A0A0L8VH74,Inactive/Deleted,0.0,Inactive
Q3E820,UniProtKB/Swiss-Prot,1.0,Active
A0A6C1E1D8,UniProtKB/TrEMBL,1.0,Active
A0A1D8GYK0,UniProtKB/TrEMBL,1.0,Active
H0GQC6,UniProtKB/TrEMBL,1.0,Active
A0A6C1DXZ9,UniProtKB/TrEMBL,1.0,Active
B3LU16,UniProtKB/TrEMBL,2.0,Active
B3LIK8,UniProtKB/TrEMBL,1.0,Active
H0GSF7,UniProtKB/TrEMBL,2.0,Active
H0GV14,UniProtKB/TrEMBL,1.0,Active
C8Z864,UniProtKB/TrEMBL,1.0,Active
A0A6A5PRS1,Inactive/Deleted,0.0,Inactive
A6ZY36,UniProtKB/TrEMBL,1.0,Active
B5VGG6,UniProtKB/TrEMBL,1.0,Active
Q8TGT2,UniProtKB/Swiss-Prot,1.0,Active
H0GM88,UniProtKB/TrEMBL,1.0,Active
B3LU72,UniProtKB/TrEMBL,1.0,Active
H0H0B4,UniProtKB/TrEMBL,1.0,Active
B3LMD0,UniProtKB/TrEMBL,1.0,Active
A0A0L8RDT0,Inactive/Deleted,0.0,Inactive
B3LP87,UniProtKB/TrEMBL,1.0,Active
P32472,UniProtKB/Swiss-Prot,5.0,Active
A0A0L8RG71,Inactive/Deleted,0.0,Inactive
C7GVY0,UniProtKB/TrEMBL,1.0,Active
A0A6C1E5Y2,UniProtKB/TrEMBL,2.0,Active
C7GLJ2,UniProtKB/TrEMBL,1.0,Active
A0A0L8RI08,Inactive/Deleted,0.0,Inactive
B5VRA6,UniProtKB/TrEMBL,1.0,Active
A0A6C1DW04,UniProtKB/TrEMBL,1.0,Active
J6EBW0,UniProtKB/TrEMBL,2.0,Active
A6ZLA5,UniProtKB/TrEMBL,2.0,Active
H0GX50,UniProtKB/TrEMBL,2.0,Active
A0A0L8RD48,Inactive/Deleted,0.0,Inactive
A0A0L8RPL5,Inactive/Deleted,0.0,Inactive
H0GL14,UniProtKB/TrEMBL,1.0,Active
A0A6A5Q2E5,Inactive/Deleted,0.0,Inactive
J4TUX7,UniProtKB/TrEMBL,2.0,Active
A0A0L8VPI8,Inactive/Deleted,0.0,Inactive
A6ZYB5,UniProtKB/TrEMBL,1.0,Active
B5VKU2,UniProtKB/TrEMBL,1.0,Active
A0A6C1E143,UniProtKB/TrEMBL,1.0,Active
A0A0L8VTS2,Inactive/Deleted,0.0,Inactive
A0A6L0YJM0,Inactive/Deleted,0.0,Inactive
H0GQY8,UniProtKB/TrEMBL,1.0,Active
A0A6C1ECL1,UniProtKB/TrEMBL,3.0,Active
H0GZS5,UniProtKB/TrEMBL,1.0,Active
E9P9X6,UniProtKB/TrEMBL,1.0,Active
C7GTQ7,UniProtKB/TrEMBL,1.0,Active
D3UF93,UniProtKB/TrEMBL,1.0,Active
B5VSC2,UniProtKB/TrEMBL,1.0,Active
A0A0L8RNG1,Inactive/Deleted,0.0,Inactive
A0A0L8VQ75,Inactive/Deleted,0.0,Inactive
A0A0L8RKX8,Inactive/Deleted,0.0,Inactive
P0C5N0,UniProtKB/Swiss-Prot,1.0,Active
A6ZLG9,UniProtKB/TrEMBL,1.0,Active
B5VJY5,UniProtKB/TrEMBL,2.0,Active
H0GWG8,UniProtKB/TrEMBL,1.0,Active
A7A296,UniProtKB/TrEMBL,1.0,Active
A0A6A5PQ26,Inactive/Deleted,0.0,Inactive
A0A0L8RLA0,Inactive/Deleted,0.0,Inactive
A0A6A5PRU2,Inactive/Deleted,0.0,Inactive
A0A6C1DKF8,UniProtKB/TrEMBL,1.0,Active
H0GZU3,UniProtKB/TrEMBL,1.0,Active
B5VK82,UniProtKB/TrEMBL,1.0,Active
H0GVT7,UniProtKB/TrEMBL,1.0,Active
H0GX08,UniProtKB/TrEMBL,1.0,Active
G2WA90,UniProtKB/TrEMBL,1.0,Active
A0A0L8RNA1,Inactive/Deleted,0.0,Inactive
A0A0L8RCG8,Inactive/Deleted,0.0,Inactive
C8Z6A5,UniProtKB/TrEMBL,2.0,Active
A0A6C1E4A5,UniProtKB/TrEMBL,2.0,Active
A0A6C1E7V0,UniProtKB/TrEMBL,1.0,Active
D6C7H1,UniProtKB/TrEMBL,2.0,Active
A0A6C1E3C1,UniProtKB/TrEMBL,2.0,Active
H0GH45,UniProtKB/TrEMBL,2.0,Active
C5I8G0,UniProtKB/TrEMBL,1.0,Active
C7GQ83,UniProtKB/TrEMBL,2.0,Active
C8ZH81,UniProtKB/TrEMBL,1.0,Active
A0A6A5Q6R8,Inactive/Deleted,0.0,Inactive
A0A023PXQ9,UniProtKB/Swiss-Prot,1.0,Active
A0A6C1DKY4,UniProtKB/TrEMBL,1.0,Active
A0A0L8RDI7,Inactive/Deleted,0.0,Inactive
A0A0L8VRW9,Inactive/Deleted,0.0,Inactive
A0A0L8RAW4,Inactive/Deleted,0.0,Inactive
H0GRY3,UniProtKB/TrEMBL,1.0,Active
A6ZTS4,UniProtKB/TrEMBL,1.0,Active
A0A6C1EH86,UniProtKB/TrEMBL,1.0,Active
A0A0L8VLA0,Inactive/Deleted,0.0,Inactive
B3RHQ0,UniProtKB/TrEMBL,1.0,Active
P0C5M2,UniProtKB/Swiss-Prot,1.0,Active
A0A6C1DNE2,UniProtKB/TrEMBL,1.0,Active
B8ZJH1,UniProtKB/TrEMBL,1.0,Active
H0GVG1,UniProtKB/TrEMBL,2.0,Active
P53937,UniProtKB/Swiss-Prot,4.0,Active
A0A1W5RRB4,UniProtKB/TrEMBL,1.0,Active
G2WF67,UniProtKB/TrEMBL,1.0,Active
P0CF20,UniProtKB/Swiss-Prot,2.0,Active
A0A6C1DPZ5,UniProtKB/TrEMBL,2.0,Active
B5VR03,UniProtKB/TrEMBL,1.0,Active
J6EPW5,UniProtKB/TrEMBL,2.0,Active
Q9HFY0,UniProtKB/TrEMBL,1.0,Active
H0H0W9,UniProtKB/TrEMBL,2.0,Active
B3LIJ1,UniProtKB/TrEMBL,2.0,Active
A0A0L8RDQ6,Inactive/Deleted,0.0,Inactive
B5VRQ9,UniProtKB/TrEMBL,1.0,Active
H0H0U3,UniProtKB/TrEMBL,2.0,Active
A0A6C1EFB2,UniProtKB/TrEMBL,1.0,Active
A0A0L8RI75,Inactive/Deleted,0.0,Inactive
B3LUM0,UniProtKB/TrEMBL,1.0,Active
A0A0L8RL08,Inactive/Deleted,0.0,Inactive
C8ZGU2,UniProtKB/TrEMBL,1.0,Active
A2N620,UniProtKB/TrEMBL,1.0,Active
A0A0L8RAI7,Inactive/Deleted,0.0,Inactive
G2WNP1,UniProtKB/TrEMBL,1.0,Active
P04912,UniProtKB/Swiss-Prot,5.0,Active
Q3E765,UniProtKB/Swiss-Prot,1.0,Active
J6EER3,UniProtKB/TrEMBL,1.0,Active
A0A6C1EEF3,UniProtKB/TrEMBL,1.0,Active
J4U287,UniProtKB/TrEMBL,2.0,Active
A0A0L8RAQ4,Inactive/Deleted,0.0,Inactive
A0A0L8VH40,Inactive/Deleted,0.0,Inactive
A0A6C1E7B3,UniProtKB/TrEMBL,1.0,Active
J8Q5A1,UniProtKB/TrEMBL,1.0,Active
A0A0L8RM38,Inactive/Deleted,0.0,Inactive
A0A6C1E7R8,UniProtKB/TrEMBL,1.0,Active
A6ZZV2,UniProtKB/TrEMBL,2.0,Active
B3LIC1,UniProtKB/Swiss-Prot,2.0,Active
P47089,UniProtKB/Swiss-Prot,4.0,Active
A0A7I9BQ25,Inactive/Deleted,0.0,Inactive
A0A0L8VSJ4,Inactive/Deleted,0.0,Inactive
A0A6C1EAI6,UniProtKB/TrEMBL,1.0,Active
P0CL23,UniProtKB/Swiss-Prot,1.0,Active
G2WMW2,UniProtKB/TrEMBL,1.0,Active
A0A6C1EEH1,UniProtKB/TrEMBL,2.0,Active
C7GM20,UniProtKB/TrEMBL,2.0,Active
B3LFU5,UniProtKB/Swiss-Prot,2.0,Active
A0A6C1EFS1,UniProtKB/TrEMBL,1.0,Active
P0C5L8,UniProtKB/Swiss-Prot,1.0,Active
H0GQJ9,UniProtKB/TrEMBL,1.0,Active
H0GQJ1,UniProtKB/TrEMBL,1.0,Active
A0A6C1E2J5,UniProtKB/TrEMBL,2.0,Active
A0A0L8RGQ0,Inactive/Deleted,0.0,Inactive
N1P6E8,UniProtKB/TrEMBL,1.0,Active
N1P6M2,UniProtKB/TrEMBL,1.0,Active
H0GIV9,UniProtKB/TrEMBL,1.0,Active
A0A0L8RM21,Inactive/Deleted,0.0,Inactive
J8LIF2,UniProtKB/TrEMBL,1.0,Active
A0A6C1E5G1,UniProtKB/TrEMBL,2.0,Active
H0GWI6,UniProtKB/TrEMBL,1.0,Active
A0A0L8VWJ3,Inactive/Deleted,0.0,Inactive
O14467,UniProtKB/Swiss-Prot,5.0,Active
H0H065,UniProtKB/TrEMBL,1.0,Active
C8Z677,UniProtKB/TrEMBL,1.0,Active
A0A0L8VL99,Inactive/Deleted,0.0,Inactive
H0GGC4,UniProtKB/TrEMBL,1.0,Active
A6ZQU4,UniProtKB/TrEMBL,1.0,Active
A0A6C1DUL5,UniProtKB/TrEMBL,1.0,Active
Q92317,UniProtKB/Swiss-Prot,5.0,Active
A0A0L8REK3,Inactive/Deleted,0.0,Inactive
S6BQ21,UniProtKB/TrEMBL,1.0,Active
A0A6A5PY76,Inactive/Deleted,0.0,Inactive
C8Z6B8,UniProtKB/TrEMBL,1.0,Active
H0GIG7,UniProtKB/TrEMBL,1.0,Active
A6ZQB9,UniProtKB/TrEMBL,1.0,Active
B5VDW3,UniProtKB/TrEMBL,2.0,Active
P37263,UniProtKB/Swiss-Prot,4.0,Active
A0A0L8RKG4,Inactive/Deleted,0.0,Inactive
J6EPR2,UniProtKB/TrEMBL,1.0,Active
A0A6C1E3A6,UniProtKB/TrEMBL,1.0,Active
B5VQT3,UniProtKB/TrEMBL,1.0,Active
H0GWN0,UniProtKB/TrEMBL,1.0,Active
C8ZGC3,UniProtKB/TrEMBL,2.0,Active
A0A6C1E1J3,UniProtKB/TrEMBL,1.0,Active
H0GYI6,UniProtKB/TrEMBL,1.0,Active
B5VJ64,UniProtKB/TrEMBL,1.0,Active
A0A0L8VVC2,Inactive/Deleted,0.0,Inactive
G2WFU2,UniProtKB/TrEMBL,1.0,Active
A0A6A5PTU2,Inactive/Deleted,0.0,Inactive
A0A6C1DQM7,UniProtKB/TrEMBL,1.0,Active
C7GIM7,UniProtKB/TrEMBL,1.0,Active
G2WC49,UniProtKB/TrEMBL,1.0,Active
E9P8R9,UniProtKB/TrEMBL,2.0,Active
C8ZGE4,UniProtKB/Swiss-Prot,2.0,Active
H0H2Q9,UniProtKB/TrEMBL,2.0,Active
B5VN41,UniProtKB/TrEMBL,1.0,Active
A0A6L1BD70,Inactive/Deleted,0.0,Inactive
B3LH01,UniProtKB/TrEMBL,1.0,Active
A0A0L8VKM8,Inactive/Deleted,0.0,Inactive
A0A6C1DR40,UniProtKB/TrEMBL,1.0,Active
G2WBR6,UniProtKB/TrEMBL,1.0,Active
H0GSK9,UniProtKB/TrEMBL,1.0,Active
A0A6C1DMT1,UniProtKB/TrEMBL,2.0,Active
H0GPY5,UniProtKB/TrEMBL,2.0,Active
H0GKX6,UniProtKB/TrEMBL,1.0,Active
J6ECB4,UniProtKB/TrEMBL,1.0,Active
A0A0L8RIE4,Inactive/Deleted,0.0,Inactive
A0A0L8RQ44,Inactive/Deleted,0.0,Inactive
I1Z688,UniProtKB/TrEMBL,1.0,Active
H0GYJ4,UniProtKB/TrEMBL,1.0,Active
Q6Q5X2,UniProtKB/Swiss-Prot,3.0,Active
A6ZV84,UniProtKB/TrEMBL,2.0,Active
A0A0L8VPF3,Inactive/Deleted,0.0,Inactive
G2WLT6,UniProtKB/TrEMBL,1.0,Active
P25626,UniProtKB/Swiss-Prot,4.0,Active
A0A0L8VM44,Inactive/Deleted,0.0,Inactive
B5VSC1,UniProtKB/TrEMBL,1.0,Active
A0A6C1DNX9,UniProtKB/TrEMBL,1.0,Active
B5VT89,UniProtKB/TrEMBL,1.0,Active
Q12169,UniProtKB/Swiss-Prot,1.0,Active
J5PHQ4,UniProtKB/TrEMBL,1.0,Active
A0A0L8VNF3,Inactive/Deleted,0.0,Inactive
A0A0L8VUK3,Inactive/Deleted,0.0,Inactive
C7GLR4,UniProtKB/TrEMBL,1.0,Active
E9P9U9,UniProtKB/TrEMBL,1.0,Active
B5VRD5,UniProtKB/TrEMBL,1.0,Active
G2HKF5,UniProtKB/TrEMBL,1.0,Active
C8ZJ36,UniProtKB/TrEMBL,1.0,Active
P33328,UniProtKB/Swiss-Prot,5.0,Active
A0A0L8VTJ3,Inactive/Deleted,0.0,Inactive
H0GFA7,UniProtKB/TrEMBL,1.0,Active
A0A0L8RID2,Inactive/Deleted,0.0,Inactive
J6EKI5,UniProtKB/TrEMBL,1.0,Active
E9PA76,UniProtKB/TrEMBL,1.0,Active
A7A1T1,UniProtKB/Swiss-Prot,2.0,Active
A0A6A5PXF5,Inactive/Deleted,0.0,Inactive
H0H0Q4,UniProtKB/TrEMBL,1.0,Active
A0A0L8VUP6,Inactive/Deleted,0.0,Inactive
G2WND4,UniProtKB/TrEMBL,1.0,Active
A0A6C1E9U1,UniProtKB/TrEMBL,1.0,Active
E9PA41,UniProtKB/TrEMBL,1.0,Active
B3LQ85,UniProtKB/TrEMBL,2.0,Active
B5VSB7,UniProtKB/TrEMBL,1.0,Active
A0A0L8RM32,Inactive/Deleted,0.0,Inactive
Q876C5,UniProtKB/TrEMBL,1.0,Active
H0GCC4,UniProtKB/TrEMBL,1.0,Active
B3LKX6,UniProtKB/TrEMBL,1.0,Active
A0A0L8RP04,Inactive/Deleted,0.0,Inactive
A0A6C1DXS2,UniProtKB/TrEMBL,1.0,Active
A0A0L8VQ35,Inactive/Deleted,0.0,Inactive
B5VK51,UniProtKB/TrEMBL,1.0,Active
B5VSX5,UniProtKB/TrEMBL,1.0,Active
A0A0L8RNZ8,Inactive/Deleted,0.0,Inactive
B5VN25,UniProtKB/TrEMBL,1.0,Active
A0A6A5PW82,Inactive/Deleted,0.0,Inactive
A6ZTC7,UniProtKB/TrEMBL,1.0,Active
A0A6C1DW77,UniProtKB/TrEMBL,2.0,Active
C7GTT7,UniProtKB/TrEMBL,1.0,Active
Q9ZZW2,UniProtKB/Swiss-Prot,1.0,Active
B5VSL1,UniProtKB/TrEMBL,1.0,Active
Q8TGS2,UniProtKB/Swiss-Prot,1.0,Active
A0A0L8VG53,Inactive/Deleted,0.0,Inactive
C8Z8G7,UniProtKB/TrEMBL,1.0,Active
A0A6A5Q3A0,Inactive/Deleted,0.0,Inactive
C7GL79,UniProtKB/TrEMBL,2.0,Active
J5P6N0,UniProtKB/TrEMBL,1.0,Active
C8Z915,UniProtKB/TrEMBL,1.0,Active
Q876H7,UniProtKB/TrEMBL,2.0,Active
A0A6C1DWF1,UniProtKB/TrEMBL,1.0,Active
S6BPA5,UniProtKB/TrEMBL,1.0,Active
B5VJH7,UniProtKB/TrEMBL,1.0,Active
E9P9W3,UniProtKB/TrEMBL,1.0,Active
E9PA16,UniProtKB/TrEMBL,1.0,Active
A0A0L8RGY5,Inactive/Deleted,0.0,Inactive
A0A0L8RE36,Inactive/Deleted,0.0,Inactive
A6ZR11,UniProtKB/TrEMBL,1.0,Active
A0A0L8R9N6,Inactive/Deleted,0.0,Inactive
H0GV34,UniProtKB/TrEMBL,2.0,Active
A0A0L8RI06,Inactive/Deleted,0.0,Inactive
A0A6C1DT52,UniProtKB/TrEMBL,1.0,Active
B5VQ14,UniProtKB/TrEMBL,1.0,Active
B3LU49,UniProtKB/TrEMBL,2.0,Active
A0A6C1EAB0,UniProtKB/TrEMBL,1.0,Active
A6ZY35,UniProtKB/TrEMBL,1.0,Active
A0A7I9F8F9,Inactive/Deleted,0.0,Inactive
E9PA43,UniProtKB/TrEMBL,1.0,Active
A6ZRT4,UniProtKB/TrEMBL,1.0,Active
A0A6A5PUV8,Inactive/Deleted,0.0,Inactive
G2WPJ5,UniProtKB/TrEMBL,1.0,Active
A0A0L8VII7,Inactive/Deleted,0.0,Inactive
B3LI61,UniProtKB/TrEMBL,1.0,Active
H0GES1,UniProtKB/TrEMBL,2.0,Active
A0A6C1DRI0,UniProtKB/TrEMBL,1.0,Active
C8ZGJ2,UniProtKB/TrEMBL,1.0,Active
H0GQI1,UniProtKB/TrEMBL,3.0,Active
H1AB57,UniProtKB/TrEMBL,1.0,Active
J5S7A4,UniProtKB/TrEMBL,1.0,Active
A0A0L8RPI3,Inactive/Deleted,0.0,Inactive
H0GUS8,UniProtKB/TrEMBL,2.0,Active
C8Z5G4,UniProtKB/TrEMBL,2.0,Active
B2NII9,UniProtKB/TrEMBL,1.0,Active
A0A0L8RK40,Inactive/Deleted,0.0,Inactive
C8Z473,UniProtKB/TrEMBL,1.0,Active
A0A023PZL2,UniProtKB/Swiss-Prot,1.0,Active
A0A0L8VIA3,Inactive/Deleted,0.0,Inactive
H0GX67,UniProtKB/TrEMBL,1.0,Active
E9P9U0,UniProtKB/TrEMBL,1.0,Active
Q08997,UniProtKB/TrEMBL,1.0,Active
A7A0X8,UniProtKB/Swiss-Prot,2.0,Active
A0A0L8RFH8,Inactive/Deleted,0.0,Inactive
A0A6C1DZC8,UniProtKB/TrEMBL,1.0,Active
A0A0L8RAE1,Inactive/Deleted,0.0,Inactive
B3LUS7,UniProtKB/TrEMBL,1.0,Active
A0A6A5PWP4,Inactive/Deleted,0.0,Inactive
B3LR69,UniProtKB/TrEMBL,2.0,Active
C8Z4Z1,UniProtKB/TrEMBL,1.0,Active
A0A0L8VI18,Inactive/Deleted,0.0,Inactive
B5VIU5,UniProtKB/TrEMBL,1.0,Active
A0A0L8VPG6,Inactive/Deleted,0.0,Inactive
O94742,UniProtKB/Swiss-Prot,5.0,Active
A6ZMB8,UniProtKB/TrEMBL,1.0,Active
J8TY79,UniProtKB/TrEMBL,1.0,Active
A0A6C1E4S4,UniProtKB/TrEMBL,2.0,Active
N1P9M7,UniProtKB/TrEMBL,1.0,Active
B5VPW3,UniProtKB/TrEMBL,1.0,Active
H0GE37,UniProtKB/TrEMBL,1.0,Active
B3LMQ9,UniProtKB/TrEMBL,2.0,Active
A0A0L8RBM4,Inactive/Deleted,0.0,Inactive
A0A0L8REF3,Inactive/Deleted,0.0,Inactive
A0A0L8VR64,Inactive/Deleted,0.0,Inactive
A0A0L8VMI9,Inactive/Deleted,0.0,Inactive
A0A6C1E2P3,UniProtKB/TrEMBL,1.0,Active
A0A0L8VUK5,Inactive/Deleted,0.0,Inactive
A0A6L1A009,Inactive/Deleted,0.0,Inactive
Q8TGL2,UniProtKB/Swiss-Prot,1.0,Active
A0A0L8RHM0,Inactive/Deleted,0.0,Inactive
H0GV61,UniProtKB/TrEMBL,1.0,Active
A6ZVA4,UniProtKB/TrEMBL,1.0,Active
H0GZG4,UniProtKB/TrEMBL,1.0,Active
H0GUU1,UniProtKB/TrEMBL,1.0,Active
A0A0L8VSX4,Inactive/Deleted,0.0,Inactive
A0A0L8REC5,Inactive/Deleted,0.0,Inactive
H0GJC4,UniProtKB/TrEMBL,1.0,Active
B5VJV6,UniProtKB/TrEMBL,1.0,Active
A0A0L8VS21,Inactive/Deleted,0.0,Inactive
E9P9T5,UniProtKB/TrEMBL,1.0,Active
A0A0L8RNK5,Inactive/Deleted,0.0,Inactive
A0A0L8VG27,Inactive/Deleted,0.0,Inactive
J8TGW8,UniProtKB/TrEMBL,1.0,Active
A0A0L8RAK2,Inactive/Deleted,0.0,Inactive
A0A6C1EIM0,UniProtKB/TrEMBL,1.0,Active
A0A6C1E3A7,UniProtKB/TrEMBL,2.0,Active
Q876E7,UniProtKB/TrEMBL,1.0,Active
A0A0L8RFS0,Inactive/Deleted,0.0,Inactive
A0A0L8RGJ3,Inactive/Deleted,0.0,Inactive
C8Z537,UniProtKB/TrEMBL,2.0,Active
A0A6A5PYG7,Inactive/Deleted,0.0,Inactive
A0A0L8VNU7,Inactive/Deleted,0.0,Inactive
A0A0L8RIY3,Inactive/Deleted,0.0,Inactive
A0A6C1DM37,UniProtKB/TrEMBL,1.0,Active
A0A6A5Q4J5,Inactive/Deleted,0.0,Inactive
A0A0L8RD95,Inactive/Deleted,0.0,Inactive
A0A0L8RGB9,Inactive/Deleted,0.0,Inactive
A0A0L8RQ51,Inactive/Deleted,0.0,Inactive
A0A0L8VNX4,Inactive/Deleted,0.0,Inactive
J5PS22,UniProtKB/TrEMBL,1.0,Active
A0A6C1ECS2,UniProtKB/TrEMBL,1.0,Active
A0A6C1EFL2,UniProtKB/TrEMBL,1.0,Active
T2D1C0,UniProtKB/TrEMBL,2.0,Active
J6EGD5,UniProtKB/TrEMBL,1.0,Active
A0A0L8VNS4,Inactive/Deleted,0.0,Inactive
A0A6C1E4L0,UniProtKB/TrEMBL,2.0,Active
J5S2I4,UniProtKB/TrEMBL,1.0,Active
G2WM51,UniProtKB/TrEMBL,2.0,Active
A0A6A5Q4J4,Inactive/Deleted,0.0,Inactive
B5VGU5,UniProtKB/TrEMBL,1.0,Active
P47138,UniProtKB/Swiss-Prot,4.0,Active
C7GRS7,UniProtKB/Swiss-Prot,2.0,Active
A6ZXJ8,UniProtKB/TrEMBL,2.0,Active
E9PAD6,UniProtKB/TrEMBL,1.0,Active
A0A6A5Q0A9,Inactive/Deleted,0.0,Inactive
B3LGG2,UniProtKB/TrEMBL,1.0,Active
Q9HFG3,UniProtKB/TrEMBL,1.0,Active
B3LRF7,UniProtKB/TrEMBL,2.0,Active
H0GRH7,UniProtKB/TrEMBL,2.0,Active
B5VMR9,UniProtKB/TrEMBL,1.0,Active
B3LHN3,UniProtKB/TrEMBL,1.0,Active
A0A0L8RIT8,Inactive/Deleted,0.0,Inactive
G2WII1,UniProtKB/TrEMBL,2.0,Active
A0A6A5PW85,Inactive/Deleted,0.0,Inactive
A0A0L8RLQ1,Inactive/Deleted,0.0,Inactive
A0A0L8RM37,Inactive/Deleted,0.0,Inactive
P53139,UniProtKB/Swiss-Prot,3.0,Active
H0GWY4,UniProtKB/TrEMBL,1.0,Active
A6ZMK7,UniProtKB/Swiss-Prot,2.0,Active
H0H113,UniProtKB/TrEMBL,2.0,Active
A0A0L8RBV3,Inactive/Deleted,0.0,Inactive
A0A6A5PV29,Inactive/Deleted,0.0,Inactive
P46986,UniProtKB/Swiss-Prot,1.0,Active
A0A0L8VG14,Inactive/Deleted,0.0,Inactive
J5PKB0,UniProtKB/TrEMBL,1.0,Active
B3LU26,UniProtKB/TrEMBL,1.0,Active
B3LKM9,UniProtKB/TrEMBL,1.0,Active
H0GJD0,UniProtKB/TrEMBL,1.0,Active
Q08498,UniProtKB/Swiss-Prot,2.0,Active
A0A6C1DTH1,UniProtKB/TrEMBL,2.0,Active
B5VQJ8,UniProtKB/TrEMBL,1.0,Active
A0A0L8RFB5,Inactive/Deleted,0.0,Inactive
B5VIU3,UniProtKB/TrEMBL,3.0,Active
B3LTN4,UniProtKB/TrEMBL,1.0,Active
B3LJN9,UniProtKB/Swiss-Prot,2.0,Active
P07249,UniProtKB/Swiss-Prot,5.0,Active
B5VPF5,UniProtKB/TrEMBL,2.0,Active
H0GW33,UniProtKB/TrEMBL,1.0,Active
A6ZX84,UniProtKB/TrEMBL,1.0,Active
H0GSW9,UniProtKB/TrEMBL,1.0,Active
P40325,UniProtKB/Swiss-Prot,5.0,Active
B5VPB6,UniProtKB/TrEMBL,1.0,Active
G2WJF7,UniProtKB/TrEMBL,1.0,Active
A0A6C1E323,UniProtKB/TrEMBL,2.0,Active
A0A6C1E223,UniProtKB/TrEMBL,1.0,Active
A6ZML8,UniProtKB/Swiss-Prot,3.0,Active
B5VQ67,UniProtKB/TrEMBL,2.0,Active
A0A6C1EG14,UniProtKB/TrEMBL,2.0,Active
A0A6C1DRG5,UniProtKB/TrEMBL,2.0,Active
Q03096,UniProtKB/Swiss-Prot,5.0,Active
D3W8P6,UniProtKB/TrEMBL,1.0,Active
P40993,UniProtKB/Swiss-Prot,5.0,Active
B5VK22,UniProtKB/TrEMBL,1.0,Active
A0A0H3WH82,UniProtKB/TrEMBL,1.0,Active
E9P8L2,UniProtKB/TrEMBL,1.0,Active
B5VNX8,UniProtKB/TrEMBL,2.0,Active
B3LNQ6,UniProtKB/TrEMBL,1.0,Active
J5PPC9,UniProtKB/TrEMBL,1.0,Active
C8ZDD7,UniProtKB/TrEMBL,2.0,Active
H0GEE9,UniProtKB/TrEMBL,2.0,Active
P53880,UniProtKB/Swiss-Prot,1.0,Active
B5VRK4,UniProtKB/TrEMBL,1.0,Active
A0A6A5PXG9,Inactive/Deleted,0.0,Inactive
C7GWU4,UniProtKB/TrEMBL,2.0,Active
H0GCI3,UniProtKB/TrEMBL,1.0,Active
C7GSL1,UniProtKB/TrEMBL,1.0,Active
P00425,UniProtKB/Swiss-Prot,4.0,Active
H0GYL0,UniProtKB/TrEMBL,1.0,Active
A0A0L8VJR1,Inactive/Deleted,0.0,Inactive
N1PAL3,UniProtKB/TrEMBL,1.0,Active
B3LI95,UniProtKB/TrEMBL,2.0,Active
G2WNQ3,UniProtKB/TrEMBL,2.0,Active
H0GWU8,UniProtKB/TrEMBL,1.0,Active
H0GWQ9,UniProtKB/TrEMBL,2.0,Active
A0A0L8R9U5,Inactive/Deleted,0.0,Inactive
A0A0L8VS41,Inactive/Deleted,0.0,Inactive
H0GZ02,UniProtKB/TrEMBL,2.0,Active
G2WN66,UniProtKB/TrEMBL,1.0,Active
A0A0L8VIW1,Inactive/Deleted,0.0,Inactive
H0GK05,UniProtKB/TrEMBL,1.0,Active
G2WFA0,UniProtKB/TrEMBL,1.0,Active
H0GRY5,UniProtKB/TrEMBL,1.0,Active
C8ZCH3,UniProtKB/TrEMBL,2.0,Active
P38728,UniProtKB/Swiss-Prot,2.0,Active
A0A6C1EIQ2,UniProtKB/TrEMBL,1.0,Active
J8TR95,UniProtKB/TrEMBL,1.0,Active
A0A6C1DXR6,UniProtKB/TrEMBL,1.0,Active
A0A6C1E4M1,UniProtKB/TrEMBL,1.0,Active
A0A0L8RAF3,Inactive/Deleted,0.0,Inactive
H0GCB7,UniProtKB/TrEMBL,1.0,Active
A0A6C1DVH9,UniProtKB/TrEMBL,2.0,Active
A0A0L8VG16,Inactive/Deleted,0.0,Inactive
H0GXW1,UniProtKB/TrEMBL,1.0,Active
A0A6A5Q059,Inactive/Deleted,0.0,Inactive
A0A0L8VND4,Inactive/Deleted,0.0,Inactive
Q9HFX6,UniProtKB/TrEMBL,1.0,Active
A0A6C1E694,UniProtKB/TrEMBL,2.0,Active
H0GYU7,UniProtKB/TrEMBL,1.0,Active
Q9HFF7,UniProtKB/TrEMBL,2.0,Active
B5VI60,UniProtKB/TrEMBL,1.0,Active
A6ZRV0,UniProtKB/TrEMBL,1.0,Active
H9TYW8,UniProtKB/TrEMBL,1.0,Active
A0A6C1DV79,UniProtKB/TrEMBL,2.0,Active
B5VTN7,UniProtKB/TrEMBL,1.0,Active
B5VE34,UniProtKB/TrEMBL,1.0,Active
B5VGJ4,UniProtKB/TrEMBL,2.0,Active
A0A6C1DU72,UniProtKB/TrEMBL,1.0,Active
A0A0L8RCL4,Inactive/Deleted,0.0,Inactive
G2WPF0,UniProtKB/TrEMBL,1.0,Active
A0A6C1EGG3,UniProtKB/TrEMBL,1.0,Active
A0A0L8RL69,Inactive/Deleted,0.0,Inactive
A6ZLD4,UniProtKB/Swiss-Prot,2.0,Active
J4TVV6,UniProtKB/TrEMBL,1.0,Active
A0A1A8YG78,UniProtKB/TrEMBL,1.0,Active
A0A6C1DMG7,UniProtKB/TrEMBL,1.0,Active
B5VDJ9,UniProtKB/TrEMBL,2.0,Active
A6ZTI5,UniProtKB/TrEMBL,1.0,Active
H0H2Q7,UniProtKB/TrEMBL,1.0,Active
C7GT65,UniProtKB/TrEMBL,2.0,Active
B3LSS6,UniProtKB/TrEMBL,1.0,Active
H0GBU3,UniProtKB/TrEMBL,1.0,Active
A0A0L8RGW5,Inactive/Deleted,0.0,Inactive
J8Q5I0,UniProtKB/TrEMBL,1.0,Active
B5VJZ4,UniProtKB/TrEMBL,1.0,Active
G2WNI2,UniProtKB/TrEMBL,1.0,Active
H0GW96,UniProtKB/TrEMBL,2.0,Active
A0A0L8VSH9,Inactive/Deleted,0.0,Inactive
A0A6C1E6V3,UniProtKB/TrEMBL,1.0,Active
C7GQB0,UniProtKB/TrEMBL,2.0,Active
G2WMW3,UniProtKB/TrEMBL,1.0,Active
A0A6A5PT44,Inactive/Deleted,0.0,Inactive
H0GKL7,UniProtKB/TrEMBL,1.0,Active
H0GPL3,UniProtKB/TrEMBL,1.0,Active
A0A6C1DMF1,UniProtKB/TrEMBL,1.0,Active
A0A0H3WJA9,UniProtKB/TrEMBL,1.0,Active
A0A0L8VQU4,Inactive/Deleted,0.0,Inactive
A0A6C1E2R3,UniProtKB/TrEMBL,1.0,Active
A0A0L8RJH2,Inactive/Deleted,0.0,Inactive
H0GH93,UniProtKB/TrEMBL,1.0,Active
A0A7T1F0U0,UniProtKB/TrEMBL,1.0,Active
B3LKY3,UniProtKB/TrEMBL,2.0,Active
P22354,UniProtKB/Swiss-Prot,4.0,Active
J6EES3,UniProtKB/TrEMBL,1.0,Active
P25601,UniProtKB/Swiss-Prot,1.0,Active
A0A6C1DYZ2,UniProtKB/TrEMBL,2.0,Active
A0A0L8VI19,Inactive/Deleted,0.0,Inactive
H0GTV1,UniProtKB/TrEMBL,2.0,Active
G2WFT4,UniProtKB/TrEMBL,1.0,Active
A0A0L8RNK7,Inactive/Deleted,0.0,Inactive
P39726,UniProtKB/Swiss-Prot,5.0,Active
A0A6C1E3I7,UniProtKB/TrEMBL,2.0,Active
N1P9F0,UniProtKB/TrEMBL,2.0,Active
A0A6C1EI99,UniProtKB/TrEMBL,2.0,Active
A0A0L8VKP0,Inactive/Deleted,0.0,Inactive
A0A6C1EH28,UniProtKB/TrEMBL,1.0,Active
A0A0L8RDB7,Inactive/Deleted,0.0,Inactive
P36078,UniProtKB/Swiss-Prot,3.0,Active
A0A6C1DRS4,UniProtKB/TrEMBL,1.0,Active
B5VEU8,UniProtKB/TrEMBL,1.0,Active
A0A6C1DYA5,UniProtKB/TrEMBL,1.0,Active
A0A6A5PTZ4,Inactive/Deleted,0.0,Inactive
A0A0L8RJ43,Inactive/Deleted,0.0,Inactive
C8Z592,UniProtKB/TrEMBL,1.0,Active
A0A6C1EE96,UniProtKB/TrEMBL,2.0,Active
A0A1D8GYH2,UniProtKB/TrEMBL,1.0,Active
A0A6C1DQY6,UniProtKB/TrEMBL,2.0,Active
A0A0L8RN96,Inactive/Deleted,0.0,Inactive
P53062,UniProtKB/Swiss-Prot,4.0,Active
H0GQH0,UniProtKB/TrEMBL,1.0,Active
A0A6C1E0S4,UniProtKB/TrEMBL,1.0,Active
N1P948,UniProtKB/TrEMBL,2.0,Active
J5RVV2,UniProtKB/TrEMBL,1.0,Active
J8THY6,UniProtKB/TrEMBL,2.0,Active
G2WBH0,UniProtKB/TrEMBL,2.0,Active
B5VSI0,UniProtKB/TrEMBL,1.0,Active
B3LMX2,UniProtKB/TrEMBL,2.0,Active
A0A0L8VKL6,Inactive/Deleted,0.0,Inactive
B3LRX8,UniProtKB/TrEMBL,2.0,Active
H0GU44,UniProtKB/TrEMBL,1.0,Active
B5VS91,UniProtKB/TrEMBL,1.0,Active
P87272,UniProtKB/Swiss-Prot,1.0,Active
A0A6C1EEM9,UniProtKB/TrEMBL,2.0,Active
B3LSY2,UniProtKB/TrEMBL,2.0,Active
A0A6C1E439,UniProtKB/TrEMBL,2.0,Active
G2WKS0,UniProtKB/TrEMBL,1.0,Active
A0A0L8RIQ9,Inactive/Deleted,0.0,Inactive
B5VT22,UniProtKB/TrEMBL,2.0,Active
A0A0N6X227,UniProtKB/TrEMBL,2.0,Active
A0A6C1DZ99,UniProtKB/TrEMBL,1.0,Active
B5VQT5,UniProtKB/TrEMBL,1.0,Active
H0GUV7,UniProtKB/TrEMBL,2.0,Active
B5VDT3,UniProtKB/TrEMBL,2.0,Active
A0A6C1E189,UniProtKB/TrEMBL,1.0,Active
G2WBS2,UniProtKB/TrEMBL,2.0,Active
I3ZR75,UniProtKB/TrEMBL,1.0,Active
J4TWB1,UniProtKB/TrEMBL,2.0,Active
A0A6C1DTQ0,UniProtKB/TrEMBL,1.0,Active
P38192,UniProtKB/Swiss-Prot,2.0,Active
N1P8G5,UniProtKB/TrEMBL,1.0,Active
H0GPJ5,UniProtKB/TrEMBL,1.0,Active
A0A6C1EG54,UniProtKB/TrEMBL,2.0,Active
I3ZR74,UniProtKB/TrEMBL,1.0,Active
H0GXH6,UniProtKB/TrEMBL,2.0,Active
A0A0L8RMG3,Inactive/Deleted,0.0,Inactive
Q03772,UniProtKB/Swiss-Prot,4.0,Active
A0A0L8RPN3,Inactive/Deleted,0.0,Inactive
G2W8P1,UniProtKB/TrEMBL,1.0,Active
A0A0L8RCC2,Inactive/Deleted,0.0,Inactive
E2QC18,UniProtKB/TrEMBL,1.0,Active
A0A6C1EG41,UniProtKB/TrEMBL,1.0,Active
A0A6C1DW10,UniProtKB/TrEMBL,2.0,Active
A0A0L8VT18,Inactive/Deleted,0.0,Inactive
B5VG52,UniProtKB/TrEMBL,1.0,Active
Q9C1A2,UniProtKB/TrEMBL,1.0,Active
C7GRW4,UniProtKB/TrEMBL,2.0,Active
A0A0L8VHV0,Inactive/Deleted,0.0,Inactive
G2WEQ5,UniProtKB/TrEMBL,2.0,Active
B3LP84,UniProtKB/TrEMBL,1.0,Active
A0A0L8RG20,Inactive/Deleted,0.0,Inactive
B5VEV7,UniProtKB/TrEMBL,1.0,Active
B5VPE7,UniProtKB/TrEMBL,1.0,Active
A6ZY50,UniProtKB/Swiss-Prot,2.0,Active
A0A6C1DXJ4,UniProtKB/TrEMBL,1.0,Active
A0A0L8VSZ5,Inactive/Deleted,0.0,Inactive
B5VFU0,UniProtKB/TrEMBL,1.0,Active
A6ZQZ3,UniProtKB/TrEMBL,1.0,Active
H0GTM4,UniProtKB/TrEMBL,1.0,Active
A0A6C1ED92,UniProtKB/TrEMBL,1.0,Active
A0A0L8RC59,Inactive/Deleted,0.0,Inactive
A0A0L8REB6,Inactive/Deleted,0.0,Inactive
C7GTK7,UniProtKB/TrEMBL,2.0,Active
A0A0L8RLZ6,Inactive/Deleted,0.0,Inactive
A0A0L8RN71,Inactive/Deleted,0.0,Inactive
B5VIK2,UniProtKB/TrEMBL,1.0,Active
A0A0L8RHE6,Inactive/Deleted,0.0,Inactive
E9PA22,UniProtKB/TrEMBL,1.0,Active
B5VTL0,UniProtKB/TrEMBL,1.0,Active
Q03937,UniProtKB/Swiss-Prot,4.0,Active
C8ZHE9,UniProtKB/TrEMBL,1.0,Active
A0A6C1EC75,UniProtKB/TrEMBL,1.0,Active
A0A0L8VME9,Inactive/Deleted,0.0,Inactive
H0GSC5,UniProtKB/TrEMBL,1.0,Active
H0GRF0,UniProtKB/TrEMBL,3.0,Active
A0A6C1EBS2,UniProtKB/TrEMBL,1.0,Active
A0A6C1E8Z6,UniProtKB/TrEMBL,1.0,Active
Q876J7,UniProtKB/TrEMBL,1.0,Active
J5PH73,UniProtKB/TrEMBL,1.0,Active
A0A6C1DVX0,UniProtKB/TrEMBL,1.0,Active
H0GTA6,UniProtKB/TrEMBL,2.0,Active
B5VIY6,UniProtKB/TrEMBL,1.0,Active
A0A0H3WJ69,UniProtKB/TrEMBL,1.0,Active
C7GRT2,UniProtKB/TrEMBL,1.0,Active
A0A0L8RMH9,Inactive/Deleted,0.0,Inactive
B5VIP8,UniProtKB/TrEMBL,1.0,Active
B5VIJ5,UniProtKB/TrEMBL,1.0,Active
A0A0L8VSZ9,Inactive/Deleted,0.0,Inactive
H0GXP9,UniProtKB/TrEMBL,1.0,Active
B5VGI8,UniProtKB/TrEMBL,1.0,Active
J8PYS9,UniProtKB/TrEMBL,1.0,Active
A0A6C1E0Q8,UniProtKB/TrEMBL,1.0,Active
A0A0L8VW85,Inactive/Deleted,0.0,Inactive
G2WJQ7,UniProtKB/TrEMBL,1.0,Active
A0A6C1ED23,UniProtKB/TrEMBL,1.0,Active
A0A0L8VGB0,Inactive/Deleted,0.0,Inactive
G8EXD3,UniProtKB/TrEMBL,1.0,Active
B5VHX9,UniProtKB/TrEMBL,1.0,Active
A0A0L8VKT8,Inactive/Deleted,0.0,Inactive
B5VTE9,UniProtKB/TrEMBL,1.0,Active
B5VFB3,UniProtKB/TrEMBL,1.0,Active
A0A6A5PWV4,Inactive/Deleted,0.0,Inactive
H0GR17,UniProtKB/TrEMBL,2.0,Active
E9PA23,UniProtKB/TrEMBL,1.0,Active
A0A6C1DZK9,UniProtKB/TrEMBL,2.0,Active
J6ED15,UniProtKB/TrEMBL,1.0,Active
A0A6C1E3X6,UniProtKB/TrEMBL,1.0,Active
N1NYB1,UniProtKB/TrEMBL,1.0,Active
H0GJC8,UniProtKB/TrEMBL,1.0,Active
P47094,UniProtKB/Swiss-Prot,2.0,Active
