./pda/tophits/relax_7t03_A_0004.pdb	1.1233690049402745	0.6715386182487122	0.8934783536366917	0.17327246703709442	0.5162618017540669	0.2050708507603608	0.3864338348077682	19.342767295597483
./pda/tophits/relax_6r5z_A_0006.pdb	1.112294469363708	0.7092337408919227	0.9949090707613016	0.15978252759645087	0.7336987074509619	0.18955085852338638	0.3947008291306773	18.29591836734694
./pda/tophits/relax_8d9o_A_0006.pdb	0.6395811460609645	0.28097904041907623	0.48299038584697745	0.06476006468031104	0.6390341906823943	0.17538146762741016	0.6369851170349383	30.819699499165274
./pda/tophits/relax_2n8w_A_0004.pdb	1.07465806193611	0.6743624946639624	0.8658603797213736	0.18091699838233577	0.5976588563077998	0.21899135882593368	0.3977632568365302	14.466453674121405
./pda/tophits/relax_7qwb_A_0001.pdb	1.2545948989762266	1.0048845393611554	0.40054344932471153	0.10874780049254024	0.9029941772232288	0.45108175973379694	0.3931683487547041	3.4444444444444446
./pda/tophits/relax_8bfe_A_0002.pdb	1.2224945576823625	0.9667854752581567	0.256822375900282	0.07949719305519573	0.8693430754541972	0.4440080917027751	0.3984812049575999	3.490566037735849
./pda/tophits/relax_8adx_A_0005.pdb	0.9293708512498295	0.44790985812569517	0.9289301120119677	0.15953193468189372	0.34999036979267956	0.16409426337900845	0.5350077914902244	36.3801652892562
./pda/tophits/relax_4lpu_A_0001.pdb	0.8584768196801285	0.5335690499019087	0.7437483215632351	0.12253064821174463	0.7388354006113516	0.21761287933158602	0.5313904337595904	26.727777777777778
./pda/tophits/relax_4qkr_A_0006.pdb	1.2729926240705758	0.8812996686786985	1.24709887388945	0.20352009511735714	0.5907702498978746	0.17306531182817844	0.3835627507437715	30.482573726541556
./pda/tophits/relax_8a51_A_0001.pdb	1.1618667156527005	0.9169438714244392	0.41562097411063886	0.11211908057434151	0.8973866596019638	0.412372916096982	0.3983369484046485	3.522727272727273
./pda/tophits/relax_4ndl_A_0006.pdb	1.516849664965228	1.5768808472385931	0.941107584291223	0.20860374447005392	0.7767101264251594	0.27431637731400893	0.10415352389077684	8.75257731958763
./pda/tophits/relax_5kba_A_0006.pdb	0.945922025688241	0.5564797864015019	0.8665300593607121	0.1531056217565974	0.635508156747489	0.19359436793616583	0.4980787993453315	17.296819787985864
./pda/tophits/relax_7fao_A_0003.pdb	1.1094876541519438	0.6383441944214702	0.7552098516262105	0.12000274558547533	0.8294488666895662	0.19872272567000682	0.34689543335214457	18.783882783882785
./pda/tophits/relax_8h7c_A_0001.pdb	0.7962137305584619	0.48905727773900903	0.4535761489898057	0.0699371439423908	0.6685145270363231	0.2653213441875429	0.5910970886646554	12.590697674418605
./pda/tophits/relax_5up1_A_0005.pdb	1.0743456861203802	0.7296443834591172	0.8728763208174664	0.2023864652180165	0.6652581410154869	0.25717032155515007	0.37522870435295036	15.184615384615384
./pda/tophits/relax_1n0r_A_0003.pdb	1.1814771428525537	0.8498062999661247	1.1141363091652983	0.20224000125236774	0.6852184118819491	0.20059437714057146	0.4033193533641849	17.038901601830663
./pda/tophits/relax_7vty_A_0004.pdb	1.236107746725467	0.8480684375108694	1.0122825436238239	0.18378380934031094	0.5339281730278128	0.20191367163987572	0.2777915978988704	21.739776951672862
./pda/tophits/relax_4yy5_A_0005.pdb	1.1851237308771696	0.8553986895291665	0.8820054835488721	0.12710606541511887	0.7161236377458609	0.19542557295518714	0.33462046574531096	15.810035842293907
./pda/tophits/relax_1qys_A_0002.pdb	1.1412457475912394	0.6876995590022774	0.7550644778969697	0.12733965517348358	0.8282997957619885	0.20302623924481245	0.32649095061239475	18.71217712177122
./pda/tophits/relax_3tdm_A_0001.pdb	1.0057834368568077	0.5957019988436993	0.9418710334208006	0.17573932145947546	0.4902826108393977	0.1916423720837553	0.43402958269484687	18.80758807588076
./pda/tophits/relax_4gvw_A_0004.pdb	0.9160515852028845	0.4255226055287466	0.8797938890916991	0.14746936533569885	0.3683931398434146	0.16090926655753407	0.5237346416375525	39.40087463556851
./pda/tophits/relax_4n6t_A_0002.pdb	1.1297289201320162	0.7488901670089069	1.0542106568246887	0.22539389370021806	0.5098553133953009	0.21807681912592594	0.29712756988478195	18.228699551569505
./pda/tophits/relax_6x1k_A_0002.pdb	0.9764643532007742	0.5495028525553363	0.972925447168447	0.16419780205645898	0.3384284165654313	0.17744265972388437	0.4873689788350118	27.599378881987576
./pda/tophits/relax_2xen_A_0005.pdb	1.2424029713154263	0.9412962030550952	1.1626714041351744	0.25634208191557223	0.4358396871805638	0.21620318419941742	0.2755825109951446	15.037671232876713
./pda/tophits/relax_5kwd_A_0001.pdb	0.944654201456529	0.565207515732571	0.8796526480142473	0.15737878847416403	0.6510519710487087	0.19331711040979924	0.4997420702829216	16.85146804835924
./pda/tophits/relax_3q7w_A_0006.pdb	1.2478246468366951	0.8546733240217295	1.222494873214235	0.19948798096296544	0.5808958681824732	0.17327743403358603	0.3824154294310568	30.185792349726775
./pda/tophits/relax_2n4e_A_0005.pdb	1.0297923895211645	0.6077670634447576	0.8672248880446942	0.15564979981684102	0.6451789813592682	0.19877023679890604	0.4293482603132467	18.977859778597786
./pda/tophits/relax_1u2u_A_0005.pdb	1.4384147173211623	1.0878446690377397	0.531381737131698	0.1765589664859252	0.8598947775458132	0.44024481543352967	0.38785945504581043	3.48
./pda/tophits/relax_8ka7_A_0006.pdb	1.0555443376435847	0.6196812761894737	0.9151881232138707	0.15505696685575543	0.5872677349636316	0.1850369083305363	0.3871471704596594	33.46610169491525
./pda/tophits/relax_5izs_A_0005.pdb	0.9084559218337892	0.5347089395884156	0.4613878974578979	0.09970378333800252	0.5864969405451457	0.27536430974051246	0.5264554703847789	12.05524861878453
./pda/tophits/relax_8tnc_A_0004.pdb	0.7997620444320579	0.3991943424279841	0.5099865726677039	0.07436336414601882	0.8062465296835201	0.18903997473146988	0.5342307136907836	19.81111111111111
./pda/tophits/relax_6nz3_A_0005.pdb	0.6165985387757529	0.3910380247461845	0.30586944028855323	0.05925167859848059	0.6297534517378968	0.32744672150520804	0.6939802625686543	6.88
./pda/tophits/relax_7sq5_A_0004.pdb	0.8995587010275188	0.4728034551060437	0.7553682600487209	0.0923525206260493	0.42700645366269097	0.1738477080371016	0.5422332602877705	23.03399433427762
./pda/tophits/relax_8oyw_A_0005.pdb	0.8675501500802462	0.3981373255406454	0.7180579617218144	0.09952710455264042	0.5299506605086852	0.16101479599360408	0.5438601696371883	23.812844036697246
./pda/tophits/relax_2lnd_A_0001.pdb	1.1521245254955417	0.6728495683925475	0.867891786680288	0.16117956633832273	0.6939925864927897	0.18989936354582473	0.3945829449740692	30.600609756097562
./pda/tophits/relax_3p6j_A_0004.pdb	1.307870371385651	0.889543159066672	1.2991079040479538	0.21863760266226734	0.5490472045208795	0.17201054337112073	0.39265056653431313	27.577656675749317
./pda/tophits/relax_3wwb_A_0005.pdb	1.0736798785909138	0.7028554196562423	0.9496684600611984	0.19854959055132718	0.6667475159143268	0.2181632467581037	0.32367099908464	17.199029126213592
./pda/tophits/relax_5l33_A_0001.pdb	1.0750630518847109	0.6227678133433467	0.8175648964145965	0.12895357367560678	0.7829605317898919	0.18635811821751386	0.36339901276544073	21.624584717607974
./pda/tophits/relax_6tjb_A_0002.pdb	1.1899790990964236	0.9735758338808208	1.039529721903282	0.2840055394614134	0.6289064417545192	0.3061697765409021	0.27508257849114276	12.318840579710145
./pda/tophits/relax_2jvf_A_0003.pdb	1.120646807422846	0.6605160039679642	0.7933114150520408	0.1396873047536187	0.793568617099363	0.19519028376542988	0.3583168743535455	18.452380952380953
./pda/tophits/relax_6w70_A_0005.pdb	0.8872517789822825	0.48533214237105077	0.5991109525711815	0.0819008777620868	0.7687244523775856	0.1866861170074858	0.4801712376241084	17.08695652173913
./pda/tophits/relax_8prf_A_0003.pdb	1.1840155337791352	0.8074261194345648	1.0495961249580694	0.23469957630639907	0.6668766789817726	0.21859584343324145	0.2551871241214488	16.61111111111111
./pda/tophits/relax_7q3j_A_0003.pdb	1.1413439200128563	0.7488585765097127	0.8918319182024275	0.1693645052674445	0.6885240078344839	0.20552284341268132	0.3167121051203717	22.663967611336034
./pda/tophits/relax_2mra_A_0006.pdb	0.9589812506437007	0.5051826007432263	0.7638907228688824	0.12860998972911197	0.7026667020690021	0.187035484645332	0.44921937978870746	23.573208722741434
./pda/tophits/relax_4ky3_A_0001.pdb	0.8422602916282628	0.4057087996487018	0.6783191907288697	0.10422237310120941	0.6850944060232905	0.17738349003151305	0.537663145100043	32.75460122699386
./pda/tophits/relax_3o4a_A_0004.pdb	1.2553173311778612	0.8516175795213133	1.2317953748153392	0.2086358733750957	0.5659880964345203	0.17348200156321422	0.3844804657105721	29.186629526462397
./pda/tophits/relax_6nyk_A_0005.pdb	0.6922176547346361	0.41593181305921983	0.3594469874229387	0.073551460564887	0.6462192278326752	0.2937823794288868	0.6239101131517054	8.455399061032864
./pda/tophits/relax_8pr9_A_0003.pdb	1.1259625761738377	0.769924886593454	1.0122724380341621	0.2261067868330266	0.6334673249710694	0.22632641582402938	0.31490036643609176	17.546728971962615
./pda/tophits/relax_8prl_A_0001.pdb	1.1364750016354734	0.794513022626537	1.0287392458546751	0.22375092739918467	0.6279145198522326	0.22726355468621348	0.32779957724211106	17.973333333333333
./pda/tophits/relax_7bpm_A_0003.pdb	1.2239531491392555	0.8466932059101577	0.876699912545749	0.16412498641305331	0.758107023789735	0.22605172935852996	0.3089848813299229	16.690821256038646
./pda/tophits/relax_3vcd_A_0005.pdb	0.8496784385228525	0.40897562168355217	0.8233854484100964	0.1519057177955375	0.38905193145897	0.17874695082129674	0.5560933771759209	29.605105105105107
./pda/tophits/relax_7bqs_A_0005.pdb	1.1351105607761984	0.6497492251925786	0.8983228229679939	0.16084375494937686	0.5962747518139252	0.19135422213835643	0.4265969110313446	22.597368421052632
./pda/tophits/relax_1rh4_A_0002.pdb	1.10663115027889	0.8584183726551093	0.19342292967273828	0.05445315180434356	0.9270698442390958	0.43263259782850766	0.4408400479213627	3.4915254237288136
./pda/tophits/relax_2mi7_A_0001.pdb	1.2439420050038597	0.8705725810678094	0.8555240587792552	0.16037583261978322	0.6853349535369119	0.24360289988235012	0.31816537569367853	13.418994413407821
./pda/tophits/relax_8fje_A_0004.pdb	1.0075034855500715	0.63068126315337	0.8497374825103684	0.10304205678103061	0.6479405887066307	0.1753056200318284	0.523127066888806	18.00872093023256
./pda/tophits/relax_8k8f_A_0001.pdb	0.8898544381831442	0.4026571757605514	0.7545758262668921	0.11027089318348311	0.5855475670824671	0.16099984701869263	0.5209672735372887	33.24414715719063
./pda/tophits/relax_8d9p_A_0005.pdb	0.6317931061591955	0.27659808395801855	0.4817114965199932	0.05938988795576119	0.6423859532376	0.1711044234290687	0.6423774870213115	28.613636363636363
./pda/tophits/relax_8h7e_A_0004.pdb	0.7935904052371314	0.49001892218515175	0.44723179273384567	0.0688777375993845	0.6717165899144024	0.26506338319525885	0.5906760891523998	13.454545454545455
./pda/tophits/relax_8kc4_A_0004.pdb	0.8449388486722944	0.4029820567697221	0.6474855825089592	0.08930424389318392	0.6705144941009753	0.17351986719731297	0.5193186887149344	15.075892857142858
./pda/tophits/relax_4fzp_A_0006.pdb	1.1413294951830686	0.7746543541503652	0.9635525159154471	0.20053415938285243	0.42420701926693977	0.23526700038932669	0.36841877677166607	15.740088105726873
./pda/tophits/relax_5od9_A_0003.pdb	1.10534194662302	0.712482360922263	0.8191530535011166	0.12015842624584123	0.7215882547302847	0.19261935132325694	0.34769990969853476	14.948818897637794
./pda/tophits/relax_8fin_A_0006.pdb	0.8852409752150335	0.414457192096082	0.5796820319055898	0.09033775222980181	0.8020006094504831	0.18047694800498637	0.5187560270560374	18.888198757763973
./pda/tophits/relax_3o4b_A_0001.pdb	1.253721636367572	0.8508960776791133	1.224004625811411	0.20821078310188595	0.5778380022314037	0.1744638311410648	0.3837052936490122	29.174515235457065
./pda/tophits/relax_7q1t_A_0002.pdb	1.2402766989965872	0.9869915719712479	0.22234558960736378	0.06761727845191266	0.9241424083506224	0.44601612472162566	0.4024673582358408	3.490566037735849
./pda/tophits/relax_6w90_A_0003.pdb	0.941974710992874	0.5277872307513997	0.7920590381060097	0.10805562053925594	0.6696975764495916	0.17798581780263517	0.4942009795828777	24.4683908045977
./pda/tophits/relax_8tnd_A_0003.pdb	0.7998950325364943	0.39993063739861806	0.5099232851892211	0.07338997699446895	0.8062398811654843	0.189644067674789	0.5340188160166649	20.180616740088105
./pda/tophits/relax_6vga_A_0001.pdb	1.1215135208705376	0.6761809066724912	0.7553411455477153	0.13706976918841923	0.819421170636985	0.20112043440376687	0.3536405673856593	26.06413994169096
./pda/tophits/relax_6ny8_A_0004.pdb	0.6588510971769069	0.4358527507926781	0.3478824876542069	0.06407795316469722	0.6345732962990943	0.3336592327854304	0.6950794202098677	6.192708333333333
./pda/tophits/relax_3r48_A_0001.pdb	1.2071508161848807	0.9413382552435392	0.2586473056197901	0.08838402158028054	0.8024956260089849	0.45026901509718015	0.41194639650075265	3.5272727272727273
./pda/tophits/relax_6tjd_A_0005.pdb	1.0725341066334582	0.6951625911456443	1.0489245545186543	0.15435181890292524	0.6412250033332823	0.17861652749901083	0.5226360346514056	18.857699805068226
./pda/tophits/relax_4ydw_A_0003.pdb	0.9077318653272992	0.5085616371313165	0.83787748741178	0.1507463362078989	0.5362844821226643	0.1929295646778778	0.5023907148629984	16.501824817518248
./pda/tophits/relax_1jmb_A_0002.pdb	1.2949556610546922	1.0599496078462098	0.6176451074710028	0.1652546828674722	0.7963182319887869	0.3121790391566699	0.3014021971191149	9.198198198198199
./pda/tophits/relax_2mq8_A_0003.pdb	0.9162138753010314	0.4818431809085003	0.6304330871023149	0.11106657119686872	0.8465314627651496	0.20960793219560034	0.48268106050961596	31.321543408360128
./pda/tophits/relax_7uwz_A_0006.pdb	1.1028947548914474	0.7596863043904241	0.8464850123269818	0.16949425536700158	0.8043808374179796	0.23996433395954408	0.31502854840521277	15.251851851851852
./pda/tophits/relax_5j0k_A_0003.pdb	0.9546006741228243	0.5697701466947941	0.4570009991016864	0.09010149521471325	0.6996824764907394	0.2797818115117886	0.50613261349589	12.486187845303867
./pda/tophits/relax_4pww_A_0002.pdb	1.1759345817638693	0.7491332680188667	0.8133347188511812	0.1448111783244186	0.7896036607825817	0.2090618731428887	0.3100716446908542	23.525862068965516
./pda/tophits/relax_8vxs_A_0001.pdb	1.2562131179559355	1.4212601728179437	0.828729639985551	0.43988765163420607	0.5310155214175948	0.5553382377989962	0.10223463986241187	3.4782608695652173
./pda/tophits/relax_1ovv_A_0005.pdb	1.2945135052682146	1.076624796797426	0.6321404098729533	0.17284475769584257	0.7823086524255233	0.31878977549550286	0.29971630145656775	9.380530973451327
./pda/tophits/relax_2hyz_A_0003.pdb	1.2784880019786402	0.9343015871617797	1.1422774326086869	0.1454365863228724	0.6790940183476822	0.22107010981903613	0.5199606103368605	12.035955056179775
./pda/tophits/relax_2n8i_A_0003.pdb	1.0706396672687544	0.6810181895241446	0.9148917720542624	0.17218895860088204	0.49731736947359345	0.21108786713029928	0.4088436295429558	12.172932330827068
./pda/tophits/relax_5j0j_A_0005.pdb	1.0056062059674056	0.6243127158170246	0.5881644681871024	0.1453849804534473	0.33589257563666447	0.292584111919623	0.4894752218202611	11.805882352941177
./pda/tophits/relax_5op3_A_0005.pdb	0.9275118942955242	0.5334117042204483	0.865222815698016	0.15316821628421604	0.5567355858898952	0.1903414379524943	0.5083896279939211	16.340186915887852
./pda/tophits/relax_2xee_A_0001.pdb	0.9907748593571858	0.6052793517840656	0.9383331570373245	0.1688283224761696	0.6395032928157157	0.19210186224236037	0.4961065613331689	16.823741007194243
./pda/tophits/relax_6nuk_A_0006.pdb	0.9900505169325127	0.5406516874689793	0.6767169573218242	0.09858408258649938	0.8470270801872822	0.19760582887795594	0.4630344663157935	27.09282700421941
./pda/tophits/relax_4u3h_A_0002.pdb	0.9677524220064365	0.5345020910724428	0.7588313796285298	0.14620380536530894	0.787283026873363	0.20885477395191676	0.42122775305251325	33.88811188811189
./pda/tophits/relax_7n1k_A_0005.pdb	1.257250171890361	1.0062328945720327	0.7683644146178239	0.16196777255339123	0.7111955805780756	0.2597769402256722	0.2546790392825335	12.420382165605096
./pda/tophits/relax_6ypi_A_0001.pdb	1.1120200559779856	0.7402149289597421	0.7956514400564036	0.1142708562205078	0.7253991764544763	0.20220216669007676	0.3646752883296566	11.910313901345292
./pda/tophits/relax_5if6_A_0003.pdb	0.9786481396392748	0.5203670453789391	0.9753538752817918	0.1746285161057577	0.32943418102854066	0.17646802234944062	0.47043745234694734	28.58776595744681
./pda/tophits/relax_1xof_A_0001.pdb	1.36101102627205	1.3951187280531456	0.8628741240310567	0.3734982369338058	0.5119855205604026	0.4785000591645825	0.17469116036379295	3.967741935483871
./pda/tophits/relax_5cwj_A_0001.pdb	0.9573487012453217	0.5461467223303118	0.7150812801113243	0.10077372780604409	0.8239015899254551	0.18406150938059562	0.5116904371300806	16.398916967509024
./pda/tophits/relax_2bkg_A_0006.pdb	0.9162638984208449	0.5208464205691011	0.8620551235774503	0.15923575712797738	0.5172723648188788	0.19312489667057733	0.49813674378513734	16.752327746741155
./pda/tophits/relax_3ra3_A_0001.pdb	1.2874109017535793	1.0795531943497647	0.3002406692974714	0.10717221052913975	0.8488397007646787	0.4502291153170301	0.3636310328263957	3.5319148936170213
./pda/tophits/relax_5cwl_A_0005.pdb	0.9542611083482229	0.5312788765786228	0.7244385116124553	0.10290530098802514	0.8129798143424862	0.18244585257591558	0.5304467775613904	17.88702290076336
./pda/tophits/relax_5ieo_A_0004.pdb	1.0863026127526632	0.6582663284922509	1.0331788601828684	0.18999180139204438	0.3799060656973878	0.18065482683947562	0.4219415556323514	23.823353293413174
./pda/tophits/relax_2lhg_A_0003.pdb	1.3131397267558318	1.129104964738009	1.1760560515463594	0.35216906063772	0.38571157773019205	0.28585347206303247	0.22328080758639268	11.797385620915033
./pda/tophits/relax_7dko_A_0004.pdb	1.2227141320659018	0.8303122461796347	0.9910406003595963	0.2215816748307597	0.5358315965593551	0.2242352694185909	0.3108452393017659	27.92387543252595
./pda/tophits/relax_4uos_A_0001.pdb	0.8406263386201347	0.3800008346417796	0.6622782423245246	0.06769642057872327	0.6679295996776349	0.1732224073552316	0.6308531201814592	30.823223570190642
./pda/tophits/relax_6naf_A_0006.pdb	0.9620988225619709	0.5769994601565522	0.5445463434878407	0.1243119518579555	0.4293854140855343	0.2909454223844952	0.5090633502695701	12.684782608695652
./pda/tophits/relax_8fjg_A_0002.pdb	1.0304047644452803	0.5963297314606861	0.6716527817527748	0.08714384314211174	0.781358554772396	0.18443630054452698	0.42675949158678383	16.26923076923077
./pda/tophits/relax_5bvl_A_0004.pdb	1.0330322462657084	0.6228843020974985	0.858401555210777	0.11502937635253897	0.7278095502560199	0.17117632212995024	0.5212826605788756	26.658692185007975
./pda/tophits/relax_5kpe_A_0003.pdb	0.9444580459932664	0.49758111458615056	0.7570392947405814	0.12075172112343943	0.7335686389752952	0.18851951300389314	0.46689086944870095	22.43452380952381
./pda/tophits/relax_5vte_A_0001.pdb	1.2228018872156883	0.9835811604478243	0.21969199185734	0.07310306008835872	0.9175476990012998	0.4459394272711534	0.38515237535855423	3.48
./pda/tophits/relax_7udo_A_0004.pdb	1.2922681766649744	0.9264889349088924	1.1587849989618944	0.11050155821658661	0.6971183446736282	0.17351635707379764	0.5522156252763729	15.51607142857143
./pda/tophits/relax_2n2u_A_0001.pdb	1.1450749142916326	0.7749077703152152	0.7799350454623083	0.15389358586593188	0.8210926139745784	0.22538878291918704	0.3300353673647818	20.526315789473685
./pda/tophits/relax_3vjf_A_0004.pdb	0.7091762318254654	0.4406102105463277	0.3878228583381906	0.032350443818223884	0.8456416187785333	0.260810450125122	0.6682575504555407	4.512820512820513
./pda/tophits/relax_8u5a_A_0003.pdb	0.9171026045174446	0.4649642729220785	0.7529558003705211	0.1082633040653158	0.5073366283869579	0.1731546074830092	0.519998731298858	24.344827586206897
./pda/tophits/relax_5jqz_A_0004.pdb	1.02063786249275	0.6183181281521706	0.5868070449420485	0.13858851435480146	0.6691307163195906	0.28128034885564296	0.5030713800506317	11.966101694915254
./pda/tophits/relax_7p12_A_0005.pdb	1.1930533615465009	0.8624660129593048	1.1022160662881706	0.1194753892490228	0.614337852100963	0.16597267537881663	0.5372293628890883	26.32569558101473
./pda/tophits/relax_1u0i_A_0001.pdb	1.3960324070489396	1.2742233232027984	0.5446910125771526	0.20351421448778922	0.8346731911750443	0.4964167417958072	0.24698326097960766	3.4705882352941178
./pda/tophits/relax_8vl4_A_0001.pdb	1.1156054132279591	0.6929934772688201	0.9154901913234595	0.15787620438216074	0.5633080599950502	0.1932440653437134	0.367558216525554	14.290657439446367
./pda/tophits/relax_7kbq_A_0006.pdb	0.9765424447319572	0.5248600289435498	0.7845133644197948	0.111297406530161	0.7666858285235485	0.1736036286409499	0.5197171814061042	16.975683890577507
./pda/tophits/relax_1na3_A_0002.pdb	1.2388968471541226	0.9496441861435881	0.7717277258420562	0.15457384627515602	0.8099898309829308	0.24037644725196614	0.307760088626293	11.919117647058824
./pda/tophits/relax_3ltd_A_0001.pdb	1.078600797272331	0.7749366547772489	1.0391613170390153	0.253614416898281	0.3695860195066664	0.2635163908812771	0.38649305309028925	16.15568862275449
./pda/tophits/relax_7q3k_A_0003.pdb	1.1403961633015562	0.6986890424881774	1.0009311829950538	0.17985059543007054	0.5562442608853576	0.1844396217490823	0.34100094085431715	23.79672131147541
./pda/tophits/relax_6fp9_A_0001.pdb	0.8761527084768159	0.46595065244388756	0.8124904287621522	0.1409802462500267	0.5470406873585666	0.18667225772086382	0.541062154544325	16.465635738831615
./pda/tophits/relax_7qwd_A_0002.pdb	1.2539282298710621	0.9604338460026173	0.40999344951608163	0.10246179293080825	0.9152651630592278	0.44820176662746025	0.41194634561127974	3.4468085106382977
./pda/tophits/relax_6kos_A_0003.pdb	0.6864606359090394	0.36484556270621293	0.3367014731254782	0.040891442586490474	0.8233759951469348	0.2587211521383262	0.6684830297002191	4.321608040201005
./pda/tophits/relax_1ovr_A_0001.pdb	1.267762827052436	1.0091084142310833	0.5827344164295347	0.13035206155695	0.8287344539810751	0.30450541257157154	0.3071640719778966	9.169642857142858
./pda/tophits/relax_5tgy_A_0003.pdb	0.9950927284025475	0.5773102271200438	0.7023870189736906	0.09780859228043963	0.720937969221487	0.18319484439856007	0.4252128271575298	15.341216216216216
./pda/tophits/relax_2wqh_A_0006.pdb	1.3034773722553106	0.988906632340745	1.0163381787521868	0.158469020696192	0.7366298981663951	0.23025671641696052	0.40975089825026434	11.76086956521739
./pda/tophits/relax_6o35_A_0003.pdb	0.6828100536758098	0.36989205494790045	0.4177280436532361	0.07278892883462296	0.5584522125485742	0.26366339200668415	0.6257876127458369	13.047619047619047
./pda/tophits/relax_8ao1_A_0006.pdb	0.9239341327380639	0.5208471692097694	0.8816837157877125	0.14273158874567907	0.5285465425515579	0.18727722993216717	0.4859317661640784	22.71698113207547
./pda/tophits/relax_4d8h_A_0004.pdb	1.2502445922972605	0.8636954026324335	1.2299110430520663	0.20261218814006912	0.5607372664653462	0.1750931878958317	0.38705917106837806	29.417582417582416
./pda/tophits/relax_7jh6_A_0004.pdb	0.7911023687724095	0.39693364152261545	0.6356825749650293	0.06482010990557839	0.6008739284721529	0.17042352051118068	0.6122608525152773	23.150300601202403
./pda/tophits/relax_8e0l_A_0005.pdb	0.8391045705173626	0.40807581894431544	0.5586978982206892	0.08150170650620298	0.7805256465548291	0.1877908101959779	0.5451284023031716	17.841726618705035
./pda/tophits/relax_7lmx_A_0006.pdb	1.2564340458491716	0.8712781050002928	0.7976863053087857	0.15182693047489834	0.8470343051870551	0.2224958759672414	0.25704923570326094	23.965346534653467
./pda/tophits/relax_7tal_A_0003.pdb	0.7179026372613669	0.3112794403450867	0.6498056378309103	0.09889437946884226	0.4608421900887656	0.170074794007726	0.6305200014984199	24.92374350086655
./pda/tophits/relax_4kyz_A_0003.pdb	0.8252249710104491	0.3928248087183481	0.6788024239685206	0.10717808275109324	0.6494214727661964	0.1782171475504454	0.5592822504408792	33.18093385214008
./pda/tophits/relax_3t4f_A_0001.pdb	0.8797281372281855	0.783078351017223	0.7174973180912269	0.19598477010104715	0.0	0.4578294284930217	0.5777624813892565	0.0
./pda/tophits/relax_6w6x_A_0004.pdb	0.9009398651535342	0.49236031459920804	0.6115434815023648	0.08371438885954442	0.76523930538424	0.18744917789145157	0.4739953584998082	17.456284153005466
./pda/tophits/relax_5j73_A_0006.pdb	0.9169386037503618	0.5572029720412651	0.42184201166505503	0.07413281066887713	0.7493691561212733	0.2704428620397192	0.5090432499464922	11.39080459770115
./pda/tophits/relax_2mbm_A_0003.pdb	0.9000670410621687	0.46282168466582807	0.7147761608500514	0.10763518109644539	0.7601532687042472	0.18488819395259326	0.4905700794928142	21.969072164948454
./pda/tophits/relax_5cwd_A_0002.pdb	1.17938245466781	0.7375709379379026	1.0225827566098433	0.15612138997610936	0.6901188013166417	0.19097893998057042	0.4907003998604581	20.586666666666666
./pda/tophits/relax_8d07_A_0002.pdb	1.1597963952740873	0.8411182299744141	0.746533761102746	0.1445879477416609	0.6167217971552929	0.25363070868471727	0.34443846191606786	10.35064935064935
./pda/tophits/relax_8d09_A_0001.pdb	1.2929864766614891	0.9637756186073414	0.9394544631205984	0.1880007445991707	0.513935464268095	0.2475949829949069	0.2931520733639438	11.837349397590362
./pda/tophits/relax_3ww7_A_0001.pdb	1.099462696402462	0.7327671441604999	1.0093883304718687	0.21981927455437394	0.6071048431192174	0.2186403512928696	0.31879186040903756	17.64485981308411
./pda/tophits/relax_8a3j_A_0003.pdb	1.2636497535397073	1.203117723473405	0.33019939369209905	0.12681795161453277	0.8527506872889801	0.47586669215997646	0.27476175217426874	3.4871794871794872
./pda/tophits/relax_6c2v_A_0003.pdb	1.0886233995379675	0.6205429045862192	0.8029268271564621	0.14042039060064374	0.7878734825375104	0.19240065192478062	0.40853249907777134	20.644886363636363
./pda/tophits/relax_8fih_A_0005.pdb	0.9770774111844629	0.5769522725858585	0.7423432587268058	0.18890890823123505	0.36573634635128077	0.26312356685460414	0.4810446877909167	25.380165289256198
./pda/tophits/relax_2l69_A_0006.pdb	1.0111789247613234	0.508528321262594	0.7297219171227937	0.10351320385931548	0.7945031589399539	0.16624496256648608	0.466271916479094	27.35890410958904
./pda/tophits/relax_7bqb_A_0005.pdb	1.070165670133378	0.6389600341248601	0.8165089757217567	0.12872602087178653	0.6815924545059333	0.18569480137627192	0.4091554321523866	26.29268292682927
./pda/tophits/relax_6w47_A_0002.pdb	inf	inf	inf	0.16331506656399078	0.0	0.4611864225432874	0.6158876430197151	0.0
./pda/tophits/relax_1uw1_A_0003.pdb	1.1205280355503398	0.8323776725284998	1.0923740243022757	0.26567333474580807	0.355730347861418	0.2626195988834368	0.36891514111140095	16.140243902439025
./pda/tophits/relax_8c3e_A_0002.pdb	1.361835765608721	1.250787008597356	0.760317598206294	0.18316904120011834	0.7650203061821256	0.2839639711787339	0.19376832093400512	12.529032258064516
./pda/tophits/relax_8k7z_A_0005.pdb	0.9956526215696638	0.48850546992024896	0.9117561123148357	0.13865032519689474	0.4211226959044251	0.1612866992980576	0.49312812500979797	34.327022375215144
./pda/tophits/relax_8qaf_A_0003.pdb	1.206177535886191	0.8320912260116076	0.631960089374318	0.17380107061321498	0.3421303526685499	0.32673012552853925	0.40438323785674285	11.936305732484076
./pda/tophits/relax_2n35_A_0003.pdb	1.3849556056418961	1.1902410756382062	0.9873120903892041	0.2310121777027543	0.6401254757998754	0.27643491360647143	0.21191543850023947	10.079365079365079
./pda/tophits/relax_8f54_A_0003.pdb	1.3774833845885726	1.1381438338118983	0.9377815129365201	0.19201797897203476	0.6674593210368435	0.2342480420168104	0.21011946562030562	11.385026737967914
./pda/tophits/relax_3p6i_A_0003.pdb	1.2899063506753883	0.8765458201598149	1.28538369145201	0.2178702624644377	0.5283631550847655	0.1728104421009696	0.3995504610685531	33.649595687331534
./pda/tophits/relax_2n76_A_0003.pdb	0.9174473623180004	0.48021600081182	0.6342698443206026	0.10735980629845157	0.8512466120447798	0.2092421831248883	0.489527507140533	30.810169491525425
./pda/tophits/relax_3q7y_A_0005.pdb	1.2791157215546862	0.8889230849423804	1.2553804511978284	0.2032618986395922	0.5764217170625183	0.1744687429506396	0.38947365866094047	30.134615384615383
./pda/tophits/relax_6czh_A_0003.pdb	1.0273465997846147	0.5518294436286957	0.924079627761986	0.16587999537571665	0.6716643518063694	0.18738694439303763	0.3652861405846784	24.016393442622952
./pda/tophits/relax_4j7w_A_0002.pdb	0.9040646301676649	0.5095889369304804	0.8341895310656201	0.15011895809843728	0.563413305432654	0.1911293049586071	0.5033811365082499	16.496336996336996
./pda/tophits/relax_6y06_A_0006.pdb	0.9386791387084352	0.47395399750368067	0.7786843768585064	0.11342292474598156	0.4472125623991619	0.18995707756567243	0.4983749076711807	18.94888178913738
./pda/tophits/relax_3ltb_A_0005.pdb	1.0793563645667665	0.7761646135218112	1.0410338424316659	0.25454849526447854	0.3665648851603186	0.26283071517554174	0.38430286364423816	16.294117647058822
./pda/tophits/relax_7bqr_A_0001.pdb	0.9776329401098893	0.4963694497112873	0.7586099907509658	0.12759349031882677	0.6172764020420651	0.18552137764589008	0.47279432931117554	21.72639225181598
./pda/tophits/relax_7bqc_A_0004.pdb	0.9110854591738355	0.4810276689512867	0.7074972059708969	0.10049585113521498	0.7184279322190236	0.18446676033889792	0.5175039008857757	22.118380062305295
./pda/tophits/relax_4yxy_A_0002.pdb	1.273804638310888	1.0091858104074245	1.0290798782127353	0.1824575324485652	0.6357281126678904	0.22722545065065114	0.354352085944278	10.849264705882353
./pda/tophits/relax_6czg_A_0002.pdb	0.9962910031174551	0.5321979053308888	0.9046069857273864	0.16494726853064978	0.6420523473723572	0.18728366638219543	0.396943624631516	26.79591836734694
./pda/tophits/relax_6xr2_A_0001.pdb	1.0552436938671492	0.6113034007796129	0.8505659889688701	0.10659760604658108	0.7401443223152108	0.1913557989327237	0.5615514443137128	16.647668393782382
./pda/tophits/relax_4lpx_A_0005.pdb	0.8281440290150456	0.51946502265294	0.694167045296059	0.11215104676243948	0.7821841303498919	0.22532149255387265	0.5707826378797093	26.882022471910112
./pda/tophits/relax_3lta_A_0003.pdb	1.078525008792985	0.7707056523680469	1.0385621211709863	0.2496202597321124	0.3658936446859826	0.26348923321232104	0.3849793483689464	16.125
./pda/tophits/relax_4oxw_A_0006.pdb	1.0319556026628587	0.5995458781338212	0.938743322440526	0.15396630290199995	0.522463365330288	0.18701583963071386	0.4229172171625932	21.333333333333332
./pda/tophits/relax_2jua_A_0002.pdb	1.2008634436037096	0.7001814873116364	0.9064060387120794	0.17878021298676952	0.5051977891377506	0.19748212124256492	0.37608806295459246	19.373287671232877
./pda/tophits/relax_8jvt_A_0006.pdb	1.1474622496399651	0.8698771453222423	0.8941405553593477	0.20088858487462502	0.7715044656697105	0.26141738051494684	0.26275927125597204	19.5
./pda/tophits/relax_2qyj_A_0006.pdb	0.9865564194572508	0.5986988303063777	0.937866254422182	0.17183862000261757	0.6366523866102592	0.19244902727926577	0.49481452470491555	16.444652908067543
./pda/tophits/relax_5cwk_A_0003.pdb	1.0176299750190152	0.6296385617420722	0.8555847944703486	0.10375966919173171	0.7339663559325608	0.19556373214347791	0.5780912568292065	14.575085324232083
./pda/tophits/relax_8jvv_A_0001.pdb	1.1794446738190558	0.9421220908995075	0.9153748330095097	0.21544733411018074	0.7777301900819351	0.2683103773601594	0.2329269458571576	19.01769911504425
./pda/tophits/relax_2jst_A_0003.pdb	1.1549068579986286	0.7579473120604703	0.712667447936094	0.16220368977723346	0.7540101538224832	0.2820414446289075	0.4304084856371505	12.992700729927007
./pda/tophits/relax_7mcc_A_0005.pdb	1.172981459018799	0.8328808700503532	1.0751633148044109	0.11990376026153247	0.6200951312463299	0.1720178337894538	0.5729214593336945	27.105960264900663
./pda/tophits/relax_5j0i_A_0006.pdb	0.9905916151802263	0.5970946206932204	0.5308137560146221	0.12130759917424698	0.5154602770584104	0.2776450219728688	0.5002072177306484	11.815642458100559
./pda/tophits/relax_6xwi_A_0006.pdb	1.2722746403966931	0.9845787628602938	1.022039151751009	0.22583499124209366	0.570957737730339	0.232908788115949	0.27864772166718366	15.368421052631579
./pda/tophits/relax_2kik_A_0004.pdb	1.3618824258588127	1.071295576310224	0.8376086407733379	0.1918420944304293	0.842107481253083	0.3046543206554659	0.3265677880824315	8.317307692307692
./pda/tophits/relax_8vt8_A_0001.pdb	1.2835656083302953	1.4909250752056926	0.9550093341386686	0.5594665779175786	0.37601393341561595	0.6319114542573574	0.08734394263852384	3.473684210526316
./pda/tophits/relax_4l8i_A_0005.pdb	0.8383577030668621	0.4191471154819422	0.5411898817811488	0.08500632121039092	0.6521775771031479	0.20830142865511247	0.5375333114420383	19.033783783783782
./pda/tophits/relax_5tpj_A_0006.pdb	0.9725359012783057	0.5177951892546273	0.7315971133769951	0.10751584510239641	0.799017162997878	0.17534517962077234	0.4252081654512869	25.235955056179776
./pda/tophits/relax_5vju_A_0001.pdb	0.6260621039355216	0.27067390863813995	0.4773791024719794	0.06206362530693069	0.6451471460993969	0.1740364630873971	0.646181011228572	30.948453608247423
./pda/tophits/relax_8d05_A_0001.pdb	1.1475174826801722	0.8056856273204545	0.8697633180211831	0.20443916573217336	0.7734522208226695	0.26820391289264905	0.29335474790412047	17.462585034013607
./pda/tophits/relax_5cwf_A_0004.pdb	1.0411514376289832	0.5900113303514906	0.8595682373688337	0.13236421687337183	0.6796374818468689	0.17234592842208224	0.5044025833969067	20.56259659969088
./pda/tophits/relax_7dns_A_0004.pdb	1.1349604069749455	0.8110617312394233	0.8018187203877601	0.12325134331529752	0.7152849830012795	0.22949159237091843	0.42954140410387487	11.881057268722467
./pda/tophits/relax_8sjf_A_0002.pdb	1.0000932829636444	0.5840654933499698	0.7437599153740599	0.14225531310996886	0.6278390288038997	0.20742615787842483	0.40736825271013133	20.144200626959247
./pda/tophits/relax_5eil_A_0002.pdb	0.9746863671280748	0.6102069791400049	0.8825862829281226	0.14787792724981677	0.7001084838273847	0.19285257579275716	0.5007830909164463	16.75729927007299
./pda/tophits/relax_6ohh_A_0002.pdb	0.9610200203174878	0.5108584240247684	0.8892409414310413	0.15852101727244478	0.6132140221978934	0.18387063779888596	0.4377619873894156	26.857881136950905
./pda/tophits/relax_8ek4_A_0003.pdb	0.7625774303213047	0.357373779301434	0.49542901728715066	0.07132196253326303	0.5973757103566013	0.20430103430262667	0.5952052480523438	22.47658402203857
./pda/tophits/relax_7vu4_A_0004.pdb	1.0536734330911341	0.6184771586366924	0.9320082869753944	0.1566211582116577	0.5201571744077687	0.18110571299701778	0.4127662916071835	25.47112462006079
./pda/tophits/relax_8e0n_A_0006.pdb	0.9125175433084246	0.5080308043512651	0.685858265540863	0.08924636890872403	0.7499693583709219	0.18949362559236607	0.5657137613870565	16.953924914675767
./pda/tophits/relax_7vql_A_0003.pdb	1.0815469411190488	0.6295391499068466	0.9727782306195112	0.16069757426422815	0.5085608238856603	0.17840460794010032	0.40106137456774454	25.641744548286603
./pda/tophits/relax_4yy2_A_0001.pdb	1.1858700079949722	0.8498951208947657	0.8877727961073882	0.12266191485425595	0.7096575185842307	0.19476954018733014	0.34401474880703886	15.442105263157895
./pda/tophits/relax_7sq4_A_0006.pdb	0.9199282123529464	0.7221115399690112	0.42544362101682487	0.05619610788098281	0.8372209062767969	0.35561615698728716	0.5181263667916671	3.7011494252873565
./pda/tophits/relax_3u29_A_0001.pdb	0.9135383040716066	0.823576520423385	0.7650510891562303	0.1935122744830904	0.0	0.4518605544724126	0.5750502222059588	0.0
./pda/tophits/relax_8d03_A_0006.pdb	1.3745301478673868	1.193156597417932	1.1045115102132967	0.25925013209526077	0.5001754303938161	0.24315866237611222	0.18864375461240163	13.344632768361581
./pda/tophits/relax_4lpv_A_0004.pdb	0.8228311133151105	0.5152955408923587	0.7059047576127068	0.11839736192242586	0.7598819710103775	0.22158208986352446	0.5600942576539135	27.06111111111111
./pda/tophits/relax_5cw9_A_0005.pdb	0.9184278353778867	0.4879110919660105	0.7528501528657464	0.10163554488255876	0.692854024265785	0.17786928106746372	0.5215948944843591	42.92307692307692
./pda/tophits/relax_1n0q_A_0006.pdb	1.2473267665875634	0.9906642717056574	1.1335108016745603	0.237653646592403	0.600178798744154	0.21960674191951965	0.2583297718149623	16.072607260726073
./pda/tophits/relax_8bl6_A_0005.pdb	1.0818060404328371	0.7116725034733781	1.0269980530703167	0.13786571212088133	0.5977449302032642	0.1755046240241963	0.4739704320402215	30.02970297029703
./pda/tophits/relax_3ltc_A_0003.pdb	1.0779307294774025	0.7710988077175156	1.0373782180551696	0.24989952318024763	0.36680530521885624	0.2625701279540494	0.3851654840593506	16.263157894736842
./pda/tophits/relax_7qwa_A_0001.pdb	1.2501906190559662	0.9752225007057953	0.3880527236120083	0.09869661356016311	0.9133411265482858	0.44541574912278914	0.409412888506617	3.4468085106382977
./pda/tophits/relax_5trv_A_0005.pdb	0.993019514582089	0.5344139188013104	0.7345838785360268	0.10338693175928076	0.8144690534571916	0.17712325012322586	0.42035075920184484	23.59090909090909
./pda/tophits/relax_5j0l_A_0003.pdb	0.8837792953645177	0.5156039297323787	0.7035670578914036	0.10420068698861769	0.43351861761905053	0.21658542540561312	0.5769595802249027	25.012953367875646
./pda/tophits/relax_1lt1_A_0003.pdb	1.2427807002641542	0.9916348179153968	0.5899224437040164	0.1276945163846309	0.815596447970938	0.3031987012027578	0.3078044046591195	9.169642857142858
./pda/tophits/relax_3o4c_A_0002.pdb	1.2348989323774582	0.8265154990925301	1.2101875061014669	0.20199576300334576	0.5611630609066168	0.17220384279340883	0.39263978291998136	29.027624309392266
./pda/tophits/relax_6czj_A_0005.pdb	1.0133490839163708	0.5261304504383839	0.8716089186143678	0.1516647891177573	0.7250648305295678	0.18474646060679295	0.37170539982957845	25.134615384615383
./pda/tophits/relax_8vpt_A_0001.pdb	1.2605783757857894	1.4443284100555667	0.8553261917558855	0.47344994159445614	0.5289770605416335	0.5875718244827628	0.09089470060211433	3.4761904761904763
./pda/tophits/relax_2lci_A_0004.pdb	1.0245943528976666	0.5299846382989467	0.7708419023499576	0.11668936149593323	0.7610915982396913	0.1723843113537358	0.4569766389995522	29.529255319148938
./pda/tophits/relax_8a85_A_0003.pdb	0.9055589882332815	0.4360646892656856	0.8967689740076079	0.1485679662968971	0.38717251276662223	0.16534124336379324	0.5424617799283116	36.0
./pda/tophits/relax_5oou_A_0005.pdb	0.8925676760047255	0.485521908732809	0.8250113244990499	0.14358565469076462	0.5623736537952956	0.185051184276717	0.5197615286815419	17.630742049469966
./pda/tophits/relax_8ah9_A_0006.pdb	0.9855645518654469	0.5021559837358982	0.8981401687116566	0.15778713568206798	0.6454659330865001	0.1850662682375852	0.40354820350254333	27.47826086956522
./pda/tophits/relax_8jvu_A_0003.pdb	1.2496271782900197	1.0384072789330088	0.9787815904372263	0.24844037405497496	0.7822123775246312	0.27845190901828015	0.19401650980083562	18.935185185185187
./pda/tophits/relax_6x9z_A_0005.pdb	1.0338724428493569	0.6027466655669278	1.029732460740289	0.18991267673697623	0.42363865382585497	0.1851577887646478	0.42049582400209023	27.39509536784741
./pda/tophits/relax_7vqv_A_0005.pdb	1.0311445971182718	0.601988667075145	0.9172901248610182	0.15503918571568348	0.5169291262904939	0.18204042971684034	0.4208688394738067	25.665562913907284
./pda/tophits/relax_2ln3_A_0002.pdb	1.1318632155761432	0.7369432177870924	0.8485056649004161	0.1645918920386813	0.7405606512027272	0.2097418636105749	0.3179192938777661	18.97685185185185
./pda/tophits/relax_3vb8_A_0001.pdb	0.9249840831726455	0.4732733169763716	0.9009637856117736	0.1547047673702504	0.39522660674312643	0.1699115217117663	0.5201473120759477	31.756380510440835
./pda/tophits/relax_7bww_A_0001.pdb	1.125998660655563	0.7514636869142299	0.7908317847754295	0.11398785519700083	0.7511324171901732	0.20147483251886325	0.37999137225420626	13.081896551724139
./pda/tophits/relax_4qks_A_0005.pdb	1.2670734437871507	0.8819293429105812	1.2388854950528003	0.19763310144088386	0.5948498789250515	0.17342716483371362	0.3918997496501619	29.21763085399449
./pda/tophits/relax_5j7d_A_0006.pdb	1.2130721493544379	0.7900242328930984	1.1076718542000874	0.20283891971751275	0.4486228948671972	0.18651220360048165	0.3644233491445788	24.530944625407166
./pda/tophits/relax_6vzx_A_0001.pdb	0.8808663539140628	0.7833006571536242	0.7186130621716074	0.19618243136851085	0.0	0.4513703350793451	0.5806489226506839	0.0
./pda/tophits/relax_7ah0_A_0005.pdb	1.2524702026579282	0.7615425875298136	0.9991056353528672	0.13675023904182032	0.4627304443934926	0.18047196071286295	0.4140056812211605	12.326771653543307
./pda/tophits/relax_7ot7_A_0004.pdb	0.9503913871936454	0.5457262900591031	0.7422659153305119	0.10785183350459107	0.7405891948544144	0.17069048767930825	0.5291760428645829	27.725984251968505
./pda/tophits/relax_6w3w_A_0005.pdb	1.1858916093760772	0.7786305234950504	1.1189095480558007	0.20344768786382755	0.4560903185035748	0.18334769306969828	0.36809176696453344	21.788961038961038
./pda/tophits/relax_8b45_A_0001.pdb	1.2295545842920095	0.9791794298086206	0.29955949031488077	0.0794751372053588	0.8988670020105193	0.43955675675477696	0.36262488715514485	3.489795918367347
./pda/tophits/relax_7uwy_A_0003.pdb	1.3259902731397561	1.137785167150214	0.970464402292058	0.22313391901367105	0.7729455092446182	0.24062949803062683	0.1384326966486883	17.788235294117648
./pda/tophits/relax_2o6n_A_0002.pdb	inf	inf	inf	0.06030259005741544	0.8634720502932494	0.4456522471906548	0.4540059019509686	3.4915254237288136
./pda/tophits/relax_6nxm_A_0001.pdb	0.6407419893707624	0.4329399568067691	0.3267826638570697	0.05549854888849451	0.6337590707143498	0.330009252223522	0.6978192860531879	6.917948717948718
./pda/tophits/relax_6v8e_A_0005.pdb	1.0303469655853206	0.6803091630711066	0.7491033523119096	0.12444751654624422	0.7444590735410297	0.22260374565526017	0.4586488045521938	12.015706806282722
./pda/tophits/relax_8vp7_A_0001.pdb	1.2834605558516536	1.4884348982492623	0.9507876593466053	0.569154529111835	0.39827070867415115	0.6232644737366453	0.08607683146552682	3.473684210526316
./pda/tophits/relax_2jre_A_0004.pdb	0.9479180524463262	0.5328366368073643	0.89531591316398	0.1528727430530724	0.48614712513925057	0.1877142916278707	0.46820559591021516	30.980392156862745
./pda/tophits/relax_2lr2_A_0002.pdb	1.1316529898619812	0.8207385591936834	0.9393066961780716	0.19376213488067046	0.5193031459141491	0.23208261820800177	0.3756718974268518	18.519553072625698
./pda/tophits/relax_2mr6_A_0001.pdb	1.0600044163957631	0.560949328695027	0.7865319874984591	0.12953874556040454	0.7693005565165328	0.17644849344050487	0.414152442319064	30.729306487695748
./pda/tophits/relax_7qdj_A_0001.pdb	1.1344765015746394	1.1833004312428312	0.6544000430826235	0.2662591810973163	0.6709898669570741	0.49947491005494776	0.19049413289214856	3.4838709677419355
./pda/tophits/relax_5iep_A_0001.pdb	1.0764587062477498	0.644053965525872	1.028995013596608	0.182236153517515	0.3679698088583685	0.17913330540449288	0.43301944730095915	23.985207100591715
./pda/tophits/relax_8ch0_A_0004.pdb	1.273132863325453	0.9305522391619394	1.1373815689829039	0.14251229240265087	0.6815083527392122	0.21949389384345658	0.5240830083467071	11.673515981735159
./pda/tophits/relax_7bqd_A_0005.pdb	1.1629920465219523	0.7393247481927774	0.9177665205041011	0.17342007690568262	0.641352716660505	0.21484234162977656	0.4088051591909025	31.08294930875576
./pda/tophits/relax_6egc_A_0005.pdb	0.9897326176952103	0.493307369821217	0.7446065679392535	0.08012609563762792	0.6624231132194927	0.1764990165880713	0.5346337517154705	23.283410138248847
./pda/tophits/relax_8jvy_A_0001.pdb	1.1621752130924436	0.9359717207078242	0.9976873087383277	0.22695365399705497	0.6998964489179307	0.26983089768576723	0.26646374180330495	16.755102040816325
./pda/tophits/relax_2mn4_A_0003.pdb	1.0999844414078712	0.7215657688471874	0.8094022757107171	0.10027465531676798	0.761538215803211	0.1821901668539483	0.3919388693659948	11.425742574257425
./pda/tophits/relax_8kcj_A_0002.pdb	0.8893137013740954	0.402496977387923	0.7544033321096142	0.1103960051712592	0.585609866276096	0.1608615711324819	0.520896602340519	33.498333333333335
./pda/tophits/relax_8fjf_A_0003.pdb	1.1495355192002723	0.7404142492231591	1.0323030327030396	0.183216392580206	0.535277603896759	0.18104855519010166	0.3764407201861193	22.934731934731936
./pda/tophits/relax_6msq_A_0001.pdb	0.8556862052393075	0.5377932885893056	0.43498587720368764	0.08647204067458161	0.722841883650135	0.2832292204885152	0.5148262154383455	12.782608695652174
./pda/tophits/relax_8fvt_A_0004.pdb	1.0277828748933382	0.6322977662116488	0.7505955804814199	0.18593064899406572	0.4032676271271005	0.26092453706067953	0.444842745097793	21.908496732026144
./pda/tophits/relax_6x8n_A_0006.pdb	0.8878887672756757	0.4837231713138223	0.5863962721684562	0.08073290879878288	0.7820142004681306	0.18867651587144904	0.4839882285681741	17.13736263736264
./pda/tophits/relax_2kdl_A_0004.pdb	1.2428395887422021	0.9818172090543029	1.0657628870126674	0.27082343855322977	0.43670803938110053	0.27228316455389506	0.2721585753768258	11.848484848484848
./pda/tophits/relax_7smj_A_0003.pdb	1.2016196819386058	0.8481234036254809	1.0777412549600685	0.12893693356621436	0.6424184254903564	0.1774569455938481	0.5332097220679435	23.34536082474227
./pda/tophits/relax_2lhe_A_0003.pdb	1.4445819220029832	1.2913545916834557	1.4182232354727904	0.38799956283315923	0.2761959720167199	0.2706277217346186	0.19371333672614546	17.881944444444443
./pda/tophits/relax_7ur7_A_0006.pdb	1.369406138645878	1.089928283006386	1.080960761972271	0.21860593021048538	0.731250950124744	0.2321890906043587	0.2074918037131314	18.36842105263158
./pda/tophits/relax_6fpa_A_0001.pdb	0.9060722346049579	0.5139406078565789	0.8431681041940291	0.14822786116873746	0.5736511831399559	0.1905503414147208	0.512248648737102	16.52910052910053
./pda/tophits/relax_6fpb_A_0006.pdb	0.916746651504195	0.5227258642642386	0.8526881028293893	0.15262960136675505	0.5655869988120452	0.1914960823695349	0.5035493536625623	16.91958041958042
./pda/tophits/relax_8prb_A_0001.pdb	1.1246147307621395	0.77059788834931	1.0112103281122757	0.22710352916274806	0.6315697699195202	0.228203455063377	0.31578162183715464	17.72093023255814
./pda/tophits/relax_4hb1_A_0004.pdb	1.3590962366469554	1.1870948811309405	0.7282570383560121	0.23196629449021744	0.610046756181083	0.349261911535744	0.2559803483720684	9.642201834862385
./pda/tophits/relax_7bpl_A_0002.pdb	1.1607598089057243	0.6723609377704217	0.9715181050335504	0.17827224606186293	0.5869817535922996	0.18807545201660722	0.38452208864924653	22.45731707317073
./pda/tophits/relax_7bqe_A_0004.pdb	1.14680580117906	0.6713824564479881	0.9614664801539367	0.14294970222340936	0.610327825291384	0.18145265082242676	0.39812224733741275	16.098684210526315
./pda/tophits/relax_8tnm_A_0003.pdb	0.9355723878215012	0.4685887748928674	0.7463509451478654	0.12178437708537232	0.5324159046495288	0.18673219051742726	0.48582028192840204	21.251184834123222
./pda/tophits/relax_4dui_A_0004.pdb	0.9365474035160312	0.5288804592865862	0.8780663029270132	0.1615281345607687	0.5135127820067721	0.1925822982402777	0.531936901168164	16.444642857142856
./pda/tophits/relax_7sko_A_0003.pdb	1.1256657909920609	0.7363478850618521	0.8335089492280885	0.1827112488122903	0.805299217161402	0.23577368897240078	0.2796032237981209	21.27860696517413
./pda/tophits/relax_7k3h_A_0005.pdb	1.0160821239557918	0.5511270704447211	0.5264721921340982	0.08812410829121452	0.878880765839042	0.22160653428805496	0.5014170618816491	16.70921985815603
./pda/tophits/relax_8d08_A_0006.pdb	0.8657805228932638	0.5744104110598375	0.44092012100822653	0.08479738452318816	0.6147416370763262	0.30435174560119455	0.5268390631107454	6.3120567375886525
./pda/tophits/relax_6wvs_A_0004.pdb	1.2107271311283645	0.8748674786971029	1.0972683695633358	0.11740357239212629	0.6430865947744535	0.16708187672144137	0.5417166495301806	25.08724832214765
./pda/tophits/relax_7sq3_A_0004.pdb	1.0789200873848184	0.7479215805223184	0.9416711679513623	0.08293901338150936	0.5603688035995925	0.17271788742255348	0.5673827187324421	21.6875
./pda/tophits/relax_8bl9_A_0004.pdb	1.0506105959260559	0.6113797990888705	0.9827487519902268	0.17759414225679765	0.49662187686967446	0.18629844026096193	0.4047823551937877	28.339285714285715
./pda/tophits/relax_6wi5_A_0002.pdb	1.0671190912447668	0.6005699608104598	0.6861806332558386	0.1187439978973121	0.8588587852700331	0.20401988418185835	0.35150028927565	29.516
./pda/tophits/relax_8dt0_A_0006.pdb	0.8554532744177922	0.43950113187355094	0.659190461693798	0.10497524504215959	0.5665771306232866	0.19224520461461925	0.516905163857951	24.514150943396228
./pda/tophits/relax_7dkk_A_0005.pdb	1.2438615988470785	0.8219913851305781	0.9628525537651094	0.19967919500839743	0.6746415407956872	0.217512756238304	0.30602686962126757	29.210332103321033
./pda/tophits/relax_5lw2_A_0001.pdb	0.9217818066918592	0.5071332467167715	0.8733216834781451	0.1632895447647025	0.4957530733031013	0.1911208735709648	0.4989019292245858	16.627777777777776
./pda/tophits/relax_4zcn_A_0002.pdb	1.0924772523834756	0.7119538924036372	0.9781995025329752	0.2062775403546442	0.6428877382052348	0.210867420343847	0.3057659649452405	17.540425531914895
./pda/tophits/relax_4loa_A_0001.pdb	0.8584179164085998	0.42956773018931294	0.7889638338804194	0.12507628495965206	0.4809150058307475	0.17042703236898146	0.536071018679457	31.74778761061947
./pda/tophits/relax_8c66_A_0006.pdb	0.9250211439765079	0.4451684175323786	0.9249175181771694	0.1570365069717221	0.34912581050132646	0.16426055925822722	0.5378373669225762	36.15400410677618
./pda/tophits/relax_6egn_A_0004.pdb	1.1271466799398793	0.806785675613025	0.17651996834615574	0.05243367232550672	0.8279098962485643	0.4241093796855766	0.48961690235861455	3.484848484848485
./pda/tophits/relax_8gaq_A_0004.pdb	0.8035898815281192	0.456592294973079	0.6385993215403752	0.07791530472886764	0.7319061173453553	0.19021225328452773	0.584158865134369	9.828282828282829
./pda/tophits/relax_3lt8_A_0003.pdb	1.0833741053498296	0.7787260898655106	1.0449449679329914	0.2524068069815806	0.36165663498321143	0.263222272995757	0.38335506022412963	15.958333333333334
./pda/tophits/relax_2mbl_A_0003.pdb	0.9103850643730363	0.4577326830949194	0.7193117686527919	0.10875569481508553	0.7637953679647298	0.18236965050442183	0.4773030295150106	21.476973684210527
./pda/tophits/relax_7ny0_A_0006.pdb	0.8604282176304521	0.43946246941545897	0.6231244556288346	0.05993732369555948	0.7404126912468287	0.16765021709209876	0.510619209908528	13.710714285714285
./pda/tophits/relax_4kyb_A_0006.pdb	0.9688520093257833	0.4510804048174581	0.894090001687147	0.1571120029840655	0.4188014352741539	0.1660875183072486	0.4818242880063176	36.77121771217712
./pda/tophits/relax_5tph_A_0003.pdb	0.9827435457069684	0.5374505290859395	0.7643579324361697	0.10738806349320945	0.7411566030890578	0.17909245032742926	0.4328395361205746	22.560117302052785
./pda/tophits/relax_5i1y_A_0006.pdb	1.0283797006077933	0.6776539737097149	0.9118116234000394	0.1834522871051928	0.6742112295719539	0.21781735291073992	0.38222294772935744	16.995238095238093
./pda/tophits/relax_2gjh_A_0006.pdb	1.0951983359023785	0.7655314560378265	0.6859969767556755	0.15912921042198322	0.8419396764455571	0.2742126740636095	0.3307198627010328	16.723577235772357
./pda/tophits/relax_4gpm_A_0002.pdb	1.0037104146596403	0.6345240063741368	0.9009373008636884	0.1463924848527197	0.7333398131169959	0.1934185616434263	0.4966325796532327	17.030035335689046
./pda/tophits/relax_8pre_A_0004.pdb	1.1989624435472621	0.8306863528923675	1.06768565585371	0.2457876949445657	0.6577844040164103	0.2250410300668048	0.24531925742197735	16.93073593073593
./pda/tophits/relax_4z1r_A_0001.pdb	0.8755785892626794	0.7746928065876154	0.7597493563379916	0.18307203199493927	0.0	0.4597149363289225	0.6148903897788227	0.0
./pda/tophits/relax_1kd9_A_0003.pdb	1.1226922885442923	0.839133888529497	0.1903783773831052	0.05540923417205506	0.9065280659516014	0.43897954340963574	0.47164937935519674	3.492063492063492
./pda/tophits/relax_5chb_A_0001.pdb	1.111992887482436	0.7347808138414378	0.9887076500131747	0.20883728748526587	0.6544520502404997	0.2131432198998533	0.2873380493131104	17.06086956521739
./pda/tophits/relax_4etj_A_0006.pdb	0.9578875657894156	0.46093907229853925	0.8747026617986461	0.15660742683191053	0.4395272191347867	0.1693952932631976	0.4793572113143633	36.119856887298745
./pda/tophits/relax_8ju8_A_0005.pdb	0.9883737400652269	0.5010694374851684	0.6896254568066663	0.10573502562017852	0.8208821624832938	0.1742498313930237	0.4400575239816039	24.965675057208237
./pda/tophits/relax_7skn_A_0003.pdb	1.1192558368113659	0.7246234996763362	0.8201574315946307	0.1716397993514464	0.8194023167065858	0.2313247566799337	0.2816603432467676	21.311557788944725
./pda/tophits/relax_5ier_A_0006.pdb	0.9896459204726874	0.5289322279547383	0.978668215878265	0.17623238215345494	0.36533947071042244	0.17747949780601044	0.4566891856807891	28.258666666666667
./pda/tophits/relax_3wwf_A_0005.pdb	1.0748596720713217	0.7039755654407722	0.9514972315390641	0.20045517745790664	0.6637114822611665	0.21763383609908768	0.32493905392924194	17.83732057416268
./pda/tophits/relax_5yxi_A_0006.pdb	1.161917322011611	0.7655431995284084	0.8864879909407388	0.15802185535589033	0.7767853685556344	0.20460216169451031	0.3082880953840689	24.466666666666665
./pda/tophits/relax_8prr_A_0006.pdb	1.1939886997915625	0.8230076584577933	1.0626803319796243	0.2450538617912878	0.6598982575561485	0.22513977222291684	0.2490080829281505	16.75
./pda/tophits/relax_5j0h_A_0004.pdb	0.9582757734107675	0.5933410024096064	0.5541718079596907	0.12999977116638503	0.4373875086236684	0.2924422726121297	0.49646723985412056	12.294444444444444
./pda/tophits/relax_2lhd_A_0006.pdb	1.4219526885600888	1.2500980266497073	1.3861590865027786	0.3777300352826242	0.2747702836647998	0.26180923321570276	0.20447112055593497	18.35374149659864
./pda/tophits/relax_4j8y_A_0002.pdb	0.9088269337827252	0.5132447412396093	0.8409119081871328	0.15086136206784023	0.5698304010700106	0.19133413350655148	0.5010198553565385	16.54462659380692
./pda/tophits/relax_2n3z_A_0006.pdb	1.1711960172748521	0.6954000072841053	0.8032931299696988	0.139858054609335	0.7828279325671095	0.1968674036398874	0.36042793483417646	21.03584229390681
./pda/tophits/relax_7m5t_A_0005.pdb	1.229986965938662	0.7316602889048702	0.6371992655374689	0.0989935429954391	0.9105024323346049	0.1957360648495279	0.3699948810271025	16.688172043010752
./pda/tophits/relax_5bvb_A_0005.pdb	0.9890978641108779	0.567446551426921	0.969175280109443	0.16818844064600735	0.4078176354672444	0.1799566269874906	0.4678391193654064	28.450134770889488
./pda/tophits/relax_5vjt_A_0002.pdb	0.6252794274876062	0.2725158172350644	0.47112091087311564	0.05835282694885319	0.6540557106212865	0.17108486567725292	0.6454923017667226	30.25173611111111
./pda/tophits/relax_6yqy_A_0004.pdb	0.94475283936375	0.5083332739139443	0.7385283788062867	0.10861447330151937	0.748249753069973	0.170422996504352	0.5230028099461189	28.60551948051948
./pda/tophits/relax_8eov_A_0001.pdb	0.9736434677581939	0.530373238883505	0.784492481428698	0.09201997077497943	0.6912969102861924	0.1747951167683518	0.49715202097975164	13.960199004975124
./pda/tophits/relax_8tnb_A_0006.pdb	0.8039440572962401	0.4034724051041352	0.5185769470899063	0.07706005624545145	0.8018362753057412	0.19006335952608922	0.5331552592342643	20.110864745011085
./pda/tophits/relax_7s5b_A_0005.pdb	1.4530599764495267	1.3093029994733163	0.9376886675264451	0.2291036537693417	0.6179417390345063	0.2784311794249166	0.1720977734382661	11.601307189542483
./pda/tophits/relax_8sjg_A_0005.pdb	0.9993377870325059	0.5944159527011724	0.7430647726580624	0.14671870630313336	0.632149058682215	0.21127663059899818	0.4050841414118456	19.628125
./pda/tophits/relax_6tjc_A_0004.pdb	1.0880836263888907	0.6867035176592112	1.0240794315836692	0.17302508034503875	0.6585696585796662	0.1902480305854852	0.4347974610564715	18.27900552486188
./pda/tophits/relax_6nek_A_0006.pdb	1.0442838600108704	0.7866602258998584	0.8718785685215032	0.10869518003700776	0.7670257330572907	0.21252682570356843	0.5182585497597728	16.228571428571428
./pda/tophits/relax_3o4d_A_0001.pdb	1.2370423668718171	0.8411247766469254	1.2034515224161042	0.20332527991815824	0.5843436988198418	0.1740419028170323	0.3822128369246641	28.949197860962567
./pda/tophits/relax_6ds9_A_0003.pdb	1.0003723394518012	0.5757333654985187	0.5443676228194438	0.0908402590390975	0.8138180627347582	0.2202112928410938	0.453320257002622	15.962025316455696
./pda/tophits/relax_7ot8_A_0003.pdb	1.002001813553617	0.5780679761376293	0.8309699031376206	0.12647357992320926	0.6921893919009141	0.1774876281663897	0.5222257511065913	27.079661016949153
./pda/tophits/relax_4rjv_A_0004.pdb	1.137785913138653	0.7238435027867098	0.7602087232103305	0.1361919361184543	0.823595097065284	0.2144184517780322	0.31684475758067326	26.054298642533936
./pda/tophits/relax_8d04_A_0005.pdb	0.9896481388622119	0.642599304040385	0.7553878979047599	0.17814945511318092	0.6784204918778869	0.2684742809462579	0.40043639557683514	19.54794520547945
./pda/tophits/relax_2mlb_A_0001.pdb	1.1841945282563227	0.7513828172073218	0.7327523673058333	0.12006527770684008	0.894831512661413	0.20084466606182602	0.33661153780246267	21.982142857142858
./pda/tophits/relax_3wn8_A_0001.pdb	0.875055679113883	0.7644485441064748	0.7368132517996339	0.19206385654496136	0.0	0.4496757965697518	0.5760219874745505	0.0
./pda/tophits/relax_7ldf_A_0001.pdb	1.2999366315362837	0.9386281517987862	0.9434677320331151	0.19673758373273156	0.7770179203046889	0.23365706899166902	0.2751746214063586	17.127659574468087
./pda/tophits/relax_7skp_A_0002.pdb	1.039757297296186	0.6654268480686522	0.878826895525856	0.2116542525477904	0.6657827914451242	0.24749441587718948	0.3273642584540734	22.443181818181817
./pda/tophits/relax_6wxp_A_0003.pdb	0.8854345243384836	0.48505150921853035	0.7426456734160436	0.10808615799115728	0.6361839189614101	0.18580231884422652	0.590627562853289	28.710204081632654
./pda/tophits/relax_6z35_A_0005.pdb	0.9883447514560999	0.566771223737809	0.7533496736147995	0.10120417554072093	0.662711446316574	0.1876564202267786	0.4648756028754204	12.733082706766917
./pda/tophits/relax_5od1_A_0003.pdb	1.0612622531939135	0.6993033481170424	0.7648462878621483	0.10120422589968874	0.7597511294603302	0.19863862863668452	0.386294377001891	11.725409836065573
./pda/tophits/relax_6r5y_A_0003.pdb	1.155461343164699	0.7619857095878276	1.111450163246788	0.157669047656225	0.6662114205003669	0.1702888255291008	0.48674675800440814	24.872093023255815
./pda/tophits/relax_7uqa_A_0005.pdb	0.9780549026964782	0.5175595857504118	0.8723635447802145	0.1377295572266068	0.4517384661948589	0.17576770815386197	0.4577235055813747	22.653658536585365
./pda/tophits/relax_6nyi_A_0005.pdb	0.7821351577332311	0.5065285556124426	0.4801796891935203	0.07516525608961779	0.6657707855069694	0.2715106255912856	0.6286840441520807	9.614349775784753
./pda/tophits/relax_2mr5_A_0006.pdb	1.063342189869048	0.5523770240548405	0.7940596357076224	0.12527001385692949	0.7564167191707831	0.16876573076444745	0.4355940264106837	28.480719794344473
./pda/tophits/relax_8ga9_A_0001.pdb	0.8349760561961456	0.40572869881563245	0.7081120512892398	0.0798286195551068	0.655129808522634	0.1605463060446334	0.5711210568539266	15.730337078651685
./pda/tophits/relax_8jvs_A_0002.pdb	1.2060118557965214	0.9711825558548298	0.9787565250355273	0.2484450018374756	0.7623947694748618	0.27439809034751134	0.22508453504666995	19.17094017094017
./pda/tophits/relax_6mrr_A_0003.pdb	1.3023388155456996	0.9251767773778393	0.835971791053195	0.14584798317844744	0.7814640913398999	0.220989042425596	0.24803009853259153	14.175438596491228
./pda/tophits/relax_3v45_A_0005.pdb	0.9678647428408049	0.45595997041799763	0.8882566750229769	0.15829416985023523	0.4183557704852282	0.16733089815705063	0.47912216557146653	36.84027777777778
./pda/tophits/relax_6nz1_A_0002.pdb	0.7340174915157497	0.4617209808445074	0.40854877644440935	0.0783331290877612	0.6926587278320093	0.29196771247446923	0.6269812188521154	8.566037735849056
./pda/tophits/relax_6jcc_A_0005.pdb	1.1951844073401305	0.825297973966569	0.9184954564764255	0.15137377527946327	0.6407724133889526	0.19417421520210035	0.3258404031712732	20.818840579710145
./pda/tophits/relax_3q7x_A_0001.pdb	1.1093488723329707	0.6681055098636282	1.0541438666336884	0.1832758106570386	0.5869429694374588	0.1731124150501948	0.3901407969894442	29.6747311827957
./pda/tophits/relax_8h7d_A_0002.pdb	0.8131118640326362	0.49978068776539597	0.4718009468404382	0.07847368931397909	0.6244621708962491	0.2666997878420243	0.5876687849668579	12.990697674418605
./pda/tophits/relax_6mrs_A_0004.pdb	1.1710260963049481	0.8187082898814169	0.8098067686812082	0.16286914998942204	0.7887301683736982	0.21842803142476885	0.2613203041055194	20.04186046511628
./pda/tophits/relax_3ww8_A_0002.pdb	1.048526728180949	0.6689985033878985	1.0030741791380926	0.15755917373051367	0.6392374524880438	0.18359739557666654	0.4535522551295575	18.028985507246375
./pda/tophits/relax_2a3d_A_0005.pdb	1.321412112876343	0.8612026407574933	0.8551515142991386	0.17372124277712686	0.7739658936142673	0.22898789656163093	0.3541630759326256	12.624277456647398
./pda/tophits/relax_7lmv_A_0006.pdb	1.3271546396430793	1.0471769618401614	0.9734222851530389	0.19992614485063628	0.7425617789543678	0.232949010594463	0.2178827710602985	21.335260115606935
./pda/tophits/relax_8cyk_A_0006.pdb	0.9491874567007931	0.5089874283936769	0.7799227915445994	0.10700888256845728	0.7010760976024352	0.17171653827390462	0.4526724520452773	23.997326203208555
./pda/tophits/relax_8kc1_A_0004.pdb	1.1792464341932363	0.8373416642884315	0.9850444381002366	0.1980478611703711	0.6119500627374337	0.2183531136832892	0.30751121390199043	19.225108225108226
./pda/tophits/relax_8oys_A_0006.pdb	0.8501986574270215	0.3867076505689544	0.6007251309809658	0.09296406342159169	0.8114742618277601	0.17152669541325868	0.5470480742783707	27.247648902821318
./pda/tophits/relax_5oos_A_0003.pdb	0.8997370209261475	0.5019887378568423	0.8320296889440743	0.14677077450426515	0.567256018181361	0.18915962071508513	0.5151435499250631	16.60682226211849
./pda/tophits/relax_2lr0_A_0004.pdb	1.0152143339856405	0.5327210228382848	0.7602680346937022	0.1122676471650407	0.7788943881909334	0.17141679915618716	0.4623684751568979	27.518918918918917
./pda/tophits/relax_5u35_A_0004.pdb	0.9983218220390216	0.5429991669020555	0.7998855266230707	0.11993060555569794	0.7008125289582787	0.1780452025179981	0.43375841433177	25.130081300813007
./pda/tophits/relax_6zv9_A_0002.pdb	0.9119090353077184	0.5011189525995029	0.7727577318844794	0.11396287672844622	0.6205167163423294	0.1831386874046625	0.5815577891393632	30.02958579881657
./pda/tophits/relax_8tn1_A_0005.pdb	0.805721615448319	0.4022334685638104	0.5169224456765905	0.07603570546010453	0.8035029216736563	0.1897005049731225	0.5319390952759542	20.637149028077754
./pda/tophits/relax_5f53_A_0002.pdb	1.1127145328131929	0.7430985921715891	0.9950248349207444	0.216620090926627	0.6456924136210015	0.21539930693365164	0.28783824915385653	17.169565217391305
./pda/tophits/relax_7bqm_A_0004.pdb	1.1312150199172386	0.6970938667257388	0.8680865067329419	0.1492878427556851	0.6621348399141459	0.20392430697404348	0.393997435245128	15.38888888888889
./pda/tophits/relax_6vg7_A_0006.pdb	1.1264299358136511	0.692384416940012	0.8529311815128385	0.15406676922548557	0.728032217257339	0.19760524063297713	0.34446432290318885	25.57632398753894
./pda/tophits/relax_4m6a_A_0001.pdb	1.0002506833332292	0.6834712197339846	0.8138009149709238	0.1292940932534915	0.8107503809572384	0.21894745856031764	0.49167279255672336	24.91812865497076
./pda/tophits/relax_1na0_A_0005.pdb	1.27681340533862	0.9281960792335934	1.057503298584347	0.14632271535616148	0.7330425768269616	0.22530873162347384	0.4607497848767399	11.711286089238845
./pda/tophits/relax_8pra_A_0002.pdb	1.117183769910014	0.7575589768466608	1.0932340537342828	0.155615004076901	0.6500277394995068	0.179785933589701	0.5150907870901991	19.55426356589147
./pda/tophits/relax_4ow4_A_0002.pdb	1.242118933191471	0.8361800144168267	1.2256473505496857	0.2128030169375976	0.5151484007412982	0.17410547225817694	0.38609328535627757	29.129380053908356
./pda/tophits/relax_8jvz_A_0001.pdb	1.1785202053502872	0.9258367403049118	0.9812764451496336	0.2368550141466995	0.7120151324371726	0.2772305094286518	0.2377172280626475	14.722689075630251
./pda/tophits/relax_5ts4_A_0005.pdb	1.0672425183991492	0.6031670231361671	0.8116559634821304	0.12452797415464098	0.8021800625576235	0.18807012981967225	0.3575554054708468	21.280276816608996
./pda/tophits/relax_6msr_A_0003.pdb	0.8372808868240038	0.5299672927736516	0.48522214471915903	0.1129775505001952	0.5973159012579295	0.2886519512492838	0.5163014369180904	13.565445026178011
./pda/tophits/relax_1ovu_A_0001.pdb	1.279017840585307	0.9947621270903718	0.60435998542154	0.12691735193195644	0.8092099041911255	0.30367695856051624	0.3061503401057186	9.169642857142858
./pda/tophits/relax_6c2u_A_0003.pdb	1.1221248629778136	0.6556735774409612	0.8439979369975155	0.1444872941368179	0.7749424872123933	0.18889266658784007	0.3996337735181111	21.697674418604652
./pda/tophits/relax_2n2t_A_0001.pdb	1.1374494122634755	0.6792247089016197	0.7413700123448487	0.13088816642236	0.8557957480488266	0.21705454825131268	0.3887379043475783	26.272727272727273
./pda/tophits/relax_8oyv_A_0005.pdb	0.710632156327074	0.3128869227465366	0.5771964657920361	0.08222304585208438	0.5210799243985862	0.17873095865343308	0.6268187811734601	34.42557251908397
./pda/tophits/relax_8eja_A_0002.pdb	0.9258481547432692	0.5220243179023127	0.6699246991550948	0.11156626461395792	0.4741457332764506	0.22031168022538022	0.5422449958370916	20.551155115511552
./pda/tophits/relax_1lq7_A_0005.pdb	1.3028320341257704	0.9771432823688192	0.8621222791927811	0.189727628634933	0.6763723099130569	0.2459251577074922	0.28032463887698567	13.954545454545455
./pda/tophits/relax_6y07_A_0003.pdb	0.8347106438125231	0.40889946620469586	0.6178262363853821	0.07222180795714854	0.7078425657828624	0.1748848179136007	0.5742652496543916	24.625287356321838
./pda/tophits/relax_5hs0_A_0001.pdb	0.917700003795884	0.5394447795328824	0.8442570350746975	0.14461249220541073	0.6034673947880619	0.19209701589092446	0.5028240130092793	17.136915077989602
./pda/tophits/relax_4ess_A_0002.pdb	0.9872595557388019	0.4744592403064542	0.9046864966364888	0.16040282214542498	0.42550689673588327	0.16776709862159322	0.4719965156388383	36.396946564885496
./pda/tophits/relax_5c39_A_0001.pdb	1.1069257433725903	0.903627393084723	0.5219034880894017	0.11847875908990321	0.7782520124462595	0.3077756309618665	0.3460139547984925	8.8
./pda/tophits/relax_4r80_A_0006.pdb	1.0278992983133148	0.6333804295208346	0.6880198049926222	0.13772818587513433	0.8607879677341898	0.2315572494824538	0.32246349531313145	16.393203883495147
./pda/tophits/relax_6e5c_A_0003.pdb	1.107479768595144	0.7516313359069813	0.9494563500641311	0.21709916454855244	0.6377290342763537	0.22782185896562498	0.297037141193833	33.71748878923767
./pda/tophits/relax_5tgw_A_0001.pdb	0.9631226958257678	0.5440183922341262	0.6684281367409326	0.08279741571889981	0.7589781016449998	0.1774064492470458	0.4434329837592368	13.107806691449815
./pda/tophits/relax_2avp_A_0004.pdb	1.271761273949626	1.1014992754029518	0.7911648277732669	0.18676354152894845	0.7894468323211798	0.2655595758091688	0.2232025707400367	10.880597014925373
./pda/tophits/relax_5j2l_A_0001.pdb	1.21507440247481	0.6356128619818157	0.7124909374208273	0.1411617529102356	0.3090573689713054	0.2746765631159945	0.513643971281644	12.723756906077348
./pda/tophits/relax_3ogf_A_0002.pdb	1.1170137419425081	0.7613590975391527	1.016523835804994	0.19279933273190653	0.6485366555590074	0.20978341245650906	0.3528385570412119	16.653846153846153
./pda/tophits/relax_1kdd_A_0001.pdb	1.1220702683914152	0.8326677845518053	0.20487092849557295	0.0605594260434244	0.8990952766648294	0.4335453691666827	0.4682573759739574	3.492063492063492
./pda/tophits/relax_6msp_A_0005.pdb	1.0856326113363335	0.641997522496374	0.8711971704930244	0.14523800414850987	0.6561188484335254	0.1988235756769941	0.4380803606132958	20.956521739130434
./pda/tophits/relax_5l2h_A_0002.pdb	1.0206358467843122	0.6351939533793073	0.976952743489866	0.1995472435949968	0.4600234290527155	0.2067773536107346	0.40618537461598725	32.50190114068441
./pda/tophits/relax_7bqn_A_0001.pdb	1.0673151597354684	0.591208956259036	0.8145929272703079	0.14016946293632834	0.6137929292411954	0.18858031457712496	0.4331869181495324	23.24585635359116
./pda/tophits/relax_8tn6_A_0006.pdb	0.8018565347753345	0.39954100991915054	0.5124542941535728	0.07402859956561768	0.8059197284067113	0.18888171598012743	0.5333265353315919	20.45951859956236
./pda/tophits/relax_7bqq_A_0001.pdb	1.1005153585437433	0.584253479665843	0.8981485335290774	0.14277979684077438	0.5182624564758219	0.1832060068033841	0.4726534371246274	24.194148936170212
./pda/tophits/relax_5vbt_A_0006.pdb	1.1419605190297741	0.789673321096013	0.9296285148363593	0.17252600258743322	0.7134245172773684	0.2090704363138095	0.28302434353777595	22.8
./pda/tophits/relax_4lpy_A_0003.pdb	0.8219903730058656	0.5212566881365259	0.7022718891217357	0.11734314709148409	0.7476238293470067	0.22622721833455858	0.5723948827805202	26.578651685393258
./pda/tophits/relax_5gaj_A_0002.pdb	1.0649795164573386	0.5502738581466967	0.7435461518253011	0.11954004713327164	0.7889832186881341	0.17176147492227317	0.4099349692856044	30.986270022883296
./pda/tophits/relax_3lt9_A_0001.pdb	1.0839186600706887	0.7791587677929709	1.045364588203557	0.252454159364534	0.36139317961023204	0.2626787444266161	0.38279237463676347	15.888235294117647
./pda/tophits/relax_7bpp_A_0003.pdb	1.1018967836158167	0.6424559253067964	0.8959637199194701	0.1405384991743958	0.6805115037225556	0.18318011990882074	0.4212436043979065	18.43006993006993
./pda/tophits/relax_7kuw_A_0004.pdb	1.160304433537616	0.7906436994736917	0.6322799997144417	0.10518512254722061	0.7745547780963122	0.26612944093116336	0.39052915623480533	7.088888888888889
./pda/tophits/relax_5ien_A_0005.pdb	1.0244087500721726	0.5746777769896808	0.9790436730968628	0.16731711671610794	0.3502288835354491	0.17699173794976977	0.4703393451725414	25.146478873239438
./pda/tophits/relax_2jab_A_0006.pdb	1.0363897494426635	0.6283655884380194	0.9511613085569414	0.1872524338151354	0.45980928373744395	0.1986456446671325	0.4123979588600198	15.951338199513382
./pda/tophits/relax_6qb2_A_0002.pdb	1.176944675422031	0.7336439816760527	1.1353310369995382	0.21941808070091692	0.3585590841667247	0.18831656689323242	0.35099523102006674	21.81856540084388
./pda/tophits/relax_5xg5_A_0005.pdb	1.1657707114042404	0.7697537691001937	1.1807494504673486	0.19278645354061832	0.4395195454612777	0.16805737507410015	0.44545391519431854	34.753191489361704
./pda/tophits/relax_7a8s_A_0005.pdb	1.0684856437855976	0.6917338276805439	0.8734103315309878	0.10428108129353295	0.731311292528952	0.16450733049910304	0.5417516394263712	28.50156739811912
./pda/tophits/relax_6g6q_A_0001.pdb	0.9982110662169623	0.6464897558066077	0.9733835113519452	0.14643434313934978	0.5463276397533412	0.18175112991355416	0.5140616017405046	19.041745730550286
./pda/tophits/relax_5kng_A_0002.pdb	0.9115779829225932	0.5167815129144652	0.8429349415808145	0.1486751451874984	0.564196832640858	0.1918071464222407	0.5026828541383117	16.355716878402905
./pda/tophits/relax_8vei_A_0006.pdb	1.0347261964963599	0.6077742661753565	0.8481286873223619	0.12415643524773495	0.616045838719035	0.18073302044703038	0.415571845792585	14.645454545454545
./pda/tophits/relax_8ao0_A_0002.pdb	0.976101466733554	0.5550103021988725	0.9384317948052173	0.15269920221859282	0.5158371131656635	0.18042907541541495	0.45334779075322407	19.980842911877396
./pda/tophits/relax_6o0c_A_0001.pdb	0.7260471470925862	0.443556451221977	0.41991291428498634	0.08948593757056583	0.6301709911743618	0.2888581264155379	0.6283315194640388	9.956331877729257
./pda/tophits/relax_2lvb_A_0004.pdb	1.1629813815316725	0.6645126001567043	0.870332887330431	0.16109048679777033	0.7016183220376497	0.18692426298152548	0.3796463374116743	29.100591715976332
./pda/tophits/relax_4lpw_A_0002.pdb	0.8788555088969631	0.5651802550973453	0.7262015678471301	0.12231507820565825	0.7830636904456589	0.22615819582991425	0.5448980073879087	26.6
./pda/tophits/relax_2lrh_A_0003.pdb	1.0198335145004631	0.5340209822510025	0.7721382272944683	0.11370571017112276	0.7519635334670692	0.16974455679134484	0.4664832105930748	29.435967302452315
./pda/tophits/relax_6tj1_A_0005.pdb	1.0017189574385132	0.6055142786281626	0.5584350573715581	0.08488323738412068	0.693989814590168	0.26544544442684137	0.5063571298113726	10.10738255033557
./pda/tophits/relax_8ka6_A_0006.pdb	0.9592008601856779	0.48278077158905874	0.7868339859769025	0.1181739501331176	0.478852113286284	0.18088768652504325	0.5096152967422198	23.15753424657534
./pda/tophits/relax_8vl3_A_0006.pdb	1.0595710608744713	0.6300167705739343	0.8781082602533878	0.1434336449824904	0.6073858667722336	0.19436031436609164	0.3826643472682978	13.089928057553957
./pda/tophits/relax_2n41_A_0001.pdb	1.0349324951077878	0.6016439839458434	0.8575901838131166	0.1402012374448785	0.6704959940771278	0.18807335248308119	0.42388946584442067	18.560311284046694
./pda/tophits/relax_7vqw_A_0006.pdb	1.061167316656707	0.6069055167732588	0.9552333455400126	0.15676629043440066	0.5105797240617086	0.17836725538317677	0.4069470478098124	25.031948881789138
./pda/tophits/relax_6o0i_A_0002.pdb	0.7390313225772069	0.4322135451734316	0.45852696716115016	0.0981112996562611	0.48033281726465255	0.28755454146310283	0.637097597236016	9.779220779220779
./pda/tophits/relax_5dxv_A_0005.pdb	0.9524052961851658	0.5216299871486698	0.9264240821335491	0.1518451078329189	0.3934096057213928	0.16961456087344967	0.5270705557125078	48.930946291560105
./pda/tophits/relax_2fo7_A_0005.pdb	1.2740578258564343	0.9377600297125237	1.1371784612852327	0.14139399589595172	0.6805194372343814	0.2217950089826173	0.5264143546546045	11.854214123006834
./pda/tophits/relax_6vgb_A_0005.pdb	1.1492665641666169	0.6925621541188823	0.8319928227564842	0.13349995797484548	0.7717226623429494	0.19018338394970935	0.34234339477160003	25.693379790940767
./pda/tophits/relax_1fmh_A_0002.pdb	1.3096485786766903	1.0158973759192926	0.33913496523668724	0.1155871259775607	0.8022524005645992	0.4624307656053651	0.4049530903081177	3.517857142857143
./pda/tophits/relax_4j4z_A_0005.pdb	0.9522873360656345	0.45955763841403446	0.8659517161155623	0.15080436208471806	0.4486284426180611	0.16987333693903048	0.4849217629724514	37.04066543438078
./pda/tophits/relax_7ur8_A_0001.pdb	1.0087165654111478	0.6475874362265084	0.7778319252512342	0.14399258676033175	0.7874665830505866	0.22995234836093006	0.41581131482689887	17.525547445255473
./pda/tophits/relax_8bcs_A_0002.pdb	1.2932842556862987	0.9454542822450464	0.6195002909805225	0.117676515251154	0.7651963932177023	0.28385251537154244	0.321234522295935	7.3238095238095235
./pda/tophits/relax_7ars_A_0001.pdb	1.537935060832515	1.547486740097152	1.1649369196734103	0.36444525644208925	0.5990951607477644	0.3389556060277052	0.1581050885097766	5.566037735849057
./pda/tophits/relax_6w46_A_0001.pdb	0.7891524465568535	0.6763248045298386	0.6710186999152875	0.1582774551391761	0.0	0.4419848573702223	0.6542476642068981	0.0
./pda/tophits/relax_7osu_A_0002.pdb	1.0875912896887188	0.7186815944014369	0.8850273088595262	0.11210136076093312	0.7321166930911445	0.1697218934448987	0.5286535633779733	29.528391167192428
./pda/tophits/relax_5uyo_A_0003.pdb	1.455023527129212	1.3765245182068961	0.827690611894291	0.19091557544349794	0.8289973765579567	0.283052451717855	0.16418223037057297	9.741935483870968
./pda/tophits/relax_1vrz_A_0002.pdb	1.408345975406018	1.520672555125781	1.3447016119551718	0.7257653112911278	0.27570764085779187	0.5054687973696598	0.0801255936880243	7.926829268292683
./pda/tophits/relax_8eox_A_0003.pdb	0.860839014236357	0.4181512788763053	0.7265405196730368	0.08792781993542959	0.6544122377845365	0.16219805289581335	0.549256906430805	16.17608695652174
./pda/tophits/relax_8k84_A_0003.pdb	0.94107224511869	0.43467920408921834	0.7818980458010093	0.1097995246599964	0.5568540209940661	0.1640773194451789	0.5095847932478066	22.756183745583037
./pda/tophits/relax_8f4x_A_0003.pdb	1.3686663999181146	1.156869867614499	0.8783217739434263	0.1752810440385031	0.7093472716392959	0.23660901828718686	0.21466824858513558	12.031746031746032
./pda/tophits/relax_4gmr_A_0002.pdb	0.9676648148102458	0.6105562366070886	0.8761296448592938	0.14497784820561696	0.7363754167923059	0.19130205312252752	0.5145256584163407	17.30730897009967
./pda/tophits/relax_3pg0_A_0002.pdb	1.2939945232078311	0.9022908594780009	1.327855831850796	0.23742429288015535	0.4268047836505159	0.17502570736386844	0.4176813698616734	35.03846153846154
./pda/tophits/relax_5i1z_A_0001.pdb	1.0469275734948313	0.6899568398639462	0.9275453133906165	0.18482613364150768	0.6704245416997564	0.21726899984799902	0.3660047693170528	17.381642512077295
./pda/tophits/relax_5kph_A_0005.pdb	0.9231140190638253	0.5322538239592022	0.6381094724715805	0.11322039229089324	0.8821673311955508	0.22432821983976084	0.4390485770222975	15.63265306122449
./pda/tophits/relax_2jwu_A_0006.pdb	1.4355616568492784	1.2175605367681834	1.4088777348029593	0.38678023401150263	0.30975183182911603	0.26149303511883815	0.1850294082796719	18.3125
./pda/tophits/relax_1kd8_A_0003.pdb	1.1304618986618673	0.8367438535917582	0.2106747488758487	0.06424262064960654	0.9083973358951293	0.43400601559411145	0.46805481578924996	3.492063492063492
./pda/tophits/relax_2l82_A_0004.pdb	0.9742547192239588	0.4640489155729932	0.7175530487660574	0.09972875429510118	0.7921635935602032	0.15837633584217511	0.5030898928912391	33.77405857740586
./pda/tophits/relax_5j10_A_0006.pdb	1.0050155380541825	0.6153944915420376	0.5108015572111874	0.09922775117078203	0.6838724420188639	0.27968557850780107	0.48849972719838347	11.658823529411764
./pda/tophits/relax_1ec5_A_0004.pdb	1.2679461245800345	1.0482366759291004	0.5711859534108239	0.14131854004363859	0.8153938393264706	0.3122661560671477	0.3038759985145246	9.169642857142858
./pda/tophits/relax_6czi_A_0003.pdb	1.0095862334704204	0.5390917864728836	0.9184974252820476	0.17298596494686952	0.647953697660913	0.18942373620958675	0.36194544788191507	24.961764705882352
./pda/tophits/relax_7m0q_A_0006.pdb	1.331454871734475	0.836523358763666	0.9981320903023201	0.16397858975877388	0.7395869352920876	0.19416441602215337	0.3529554774107277	21.384313725490195
./pda/tophits/relax_5vjs_A_0005.pdb	0.6247444266441798	0.26856730510723326	0.4705639765819045	0.055020560506970295	0.659476045825917	0.16804229253278166	0.6454477077084149	30.134380453752183
./pda/tophits/relax_8kac_A_0006.pdb	1.064797286217846	0.5987346165743793	0.8381830739103585	0.13860338417205273	0.691302960819261	0.17933618864000497	0.39262209153819805	27.782258064516128
./pda/tophits/relax_5lo4_A_0002.pdb	1.5384989476767252	1.284972682257856	1.0450465002886502	0.31388342305176586	0.3550738970245358	0.35678546254940896	0.24261708459416512	7.827586206896552
./pda/tophits/relax_6n9h_A_0005.pdb	0.9532746158053212	0.5828093361653534	0.5471836653526186	0.13464688449842016	0.42193585417018087	0.29652258225296524	0.5141747177044487	12.895833333333334
./pda/tophits/relax_3o49_A_0004.pdb	1.254922481454377	0.854575289496167	1.2294544861973902	0.20956244947185354	0.5743094731385711	0.17423546580479607	0.3860520420500997	28.439093484419264
./pda/tophits/relax_4hqd_A_0006.pdb	0.9659091453889791	0.5785657146704692	0.8740427349075973	0.1424914843755474	0.7006076467675079	0.1915044582586699	0.5158063105595556	16.60573476702509
./pda/tophits/relax_7tjl_A_0006.pdb	1.0451266111158086	0.7132734695981502	0.8677099589849374	0.16554220166328465	0.4057619058353578	0.24130952515062434	0.442790174739982	9.963800904977376
./pda/tophits/relax_4k0c_A_0004.pdb	0.9877760237124874	0.4751696009984148	0.912440575337601	0.16265667056249147	0.4150644062552044	0.16751679660655672	0.4651363422553585	36.661764705882355
./pda/tophits/relax_2kdm_A_0006.pdb	1.4307711060351083	1.2769875458568662	1.3956021107810308	0.3925656582899755	0.2939120877498614	0.2670422540645466	0.20003053881427396	17.91156462585034
./pda/tophits/relax_1jm0_A_0005.pdb	1.2733691397538642	1.0458162792019186	0.5965276696435359	0.14585737371611188	0.7864073604562648	0.31243733734408574	0.30400324341057955	9.151785714285714
./pda/tophits/relax_8bl5_A_0002.pdb	1.0533569768903337	0.6197010803284461	0.9932886747579889	0.18201667303838415	0.4664154416108167	0.187555740455537	0.4185093831122387	28.293413173652695
./pda/tophits/relax_4n6u_A_0002.pdb	1.1365703323360228	0.7583338209505176	1.0632053891985176	0.22791569738215472	0.5080912293269242	0.21802455326716658	0.2934981477063527	18.13364055299539
./pda/tophits/relax_2lse_A_0005.pdb	1.1524587676239035	0.6961559304638796	0.8881962909726309	0.14183218994665192	0.6788242378522193	0.18640014438468552	0.3932669548473555	15.577075098814229
./pda/tophits/relax_2mtl_A_0001.pdb	1.072908542168917	0.6558082657313878	0.7209827282960086	0.14460479431432716	0.8290202112491369	0.22344542482609334	0.36723041606398504	24.536585365853657
./pda/tophits/relax_4hb5_A_0004.pdb	1.0292583434845204	0.6827891756047058	0.9303008125402199	0.15130522722350626	0.7318324914656426	0.19342000824375558	0.49755795735047065	16.83273381294964
./pda/tophits/relax_6nx2_A_0004.pdb	0.5902499076709775	0.3506287086059581	0.2691084804750451	0.05448521205980895	0.6318240928382984	0.33150986251763487	0.6911469369679502	6.336842105263158
./pda/tophits/relax_8sji_A_0003.pdb	1.0281634047460917	0.5958661388243779	0.7793659544152713	0.1499648088357925	0.5643023045824971	0.20919799636472966	0.40681344234481714	19.732919254658384
./pda/tophits/relax_5cwh_A_0002.pdb	0.9398930705742758	0.5343728479535341	0.7699503687533368	0.07913354846972048	0.7628845228218717	0.1717888819410786	0.538651488244708	14.796714579055442
./pda/tophits/relax_2cw1_A_0002.pdb	1.30308286989127	1.0464200839256654	1.046629235520995	0.22891998212778275	0.6998949323940743	0.22749109989809574	0.20903557299541112	13.920731707317072
./pda/tophits/relax_7osv_A_0003.pdb	1.1119499855293558	0.7233486067352541	0.9144164677727188	0.12374164192827916	0.7127086761597554	0.17165062640189885	0.5186434929837341	26.029310344827586
./pda/tophits/relax_6nye_A_0001.pdb	0.7032975846830334	0.4165427823667874	0.3861218895698526	0.07561924987500035	0.5798465431320111	0.28626514747568216	0.6254360162331087	8.376744186046512
./pda/tophits/relax_8y33_A_0002.pdb	0.8437874514275975	0.3783534181966936	0.7597609486234402	0.10713632991082107	0.4167643625333419	0.15848396070804951	0.5643144684906107	24.979963570127506
./pda/tophits/relax_2kl8_A_0001.pdb	1.1004984695540538	0.667178652418187	0.7415332526491455	0.13620942653619972	0.8373935845783004	0.21247785679938935	0.35712353903299365	25.930875576036865
./pda/tophits/relax_5vnv_A_0003.pdb	1.0034901388594386	0.5716217037758893	0.9566812632628477	0.17865536574175775	0.5489382274553133	0.185514020733914	0.418352301435183	38.08474576271186
./pda/tophits/relax_8k83_A_0002.pdb	0.8353314785545478	0.38015377893726066	0.6666635932470926	0.09470646434493703	0.6129716267243345	0.16771812450232948	0.5421819814428821	16.251376146788992
./pda/tophits/relax_2xeh_A_0003.pdb	0.9958633654478142	0.6138711288505062	0.9393650473312836	0.17024992734222016	0.6510254890062763	0.19332813100619933	0.4937991345698759	16.939609236234457
./pda/tophits/relax_6z2i_A_0006.pdb	0.8949161151204622	0.43829540900598507	0.7238854320770728	0.10607200128780417	0.7313296506033561	0.16672989821519063	0.5291660921257008	24.303846153846155
./pda/tophits/relax_1mj0_A_0003.pdb	0.9178607422411234	0.5211735978752509	0.8483014473058056	0.15622101420573883	0.5713936883343402	0.19342053998152384	0.49025827278703393	16.947176684881605
./pda/tophits/relax_5v2o_A_0002.pdb	1.2293937760130942	0.9667091534971025	0.9502295937101821	0.180234331341978	0.5783127154849969	0.23761911086505821	0.2634440879293828	11.992753623188406
./pda/tophits/relax_6d0t_A_0005.pdb	1.008725754829504	0.5192833676380721	0.8455185407525191	0.1450802727825122	0.7622624011560329	0.18464778866099582	0.3827429741516576	24.975232198142415
./pda/tophits/relax_7qwe_A_0002.pdb	1.259946831168777	0.9875466937594112	0.43537931264644353	0.10797195704894892	0.9004633871684444	0.4530303289560613	0.39428414268018097	3.4444444444444446
./pda/tophits/relax_5hrz_A_0003.pdb	0.9538408669749575	0.5958747425489883	0.6828722327480851	0.1204574493932206	0.7493507355156998	0.22132853318016038	0.4731040866239292	12.124675324675325
./pda/tophits/relax_8pjq_A_0002.pdb	1.0692720938003817	0.6999670221482918	1.0394090740554514	0.2221300804508041	0.49351302308540046	0.2106789653590756	0.36834763157175976	20.87984496124031
./pda/tophits/relax_8dz8_A_0005.pdb	1.0683329127494428	0.6886162456051106	0.7744136843175292	0.14389765654651554	0.6748795073848122	0.20616506189736644	0.3547140647087211	18.713286713286713
./pda/tophits/relax_6w40_A_0001.pdb	0.9851562947327147	0.5406981197634004	0.8766250348334199	0.14032023618785813	0.5877625701710819	0.18201663057755937	0.4448373288708885	24.849397590361445
./pda/tophits/relax_5hry_A_0003.pdb	0.9584786325572285	0.5693305893475663	0.8917863642194658	0.16354950333419307	0.599789687711906	0.1949592978180455	0.48380052749150126	17.078853046594983
./pda/tophits/relax_2lhc_A_0003.pdb	1.2106372790149327	0.9574571890439859	1.0546551696664732	0.29105804069949676	0.392614153331473	0.2828067301365935	0.2978512260144158	11.78740157480315
./pda/tophits/relax_2kpo_A_0002.pdb	1.0815752323808305	0.6312720175889953	0.7838395936572728	0.13107282767825282	0.7683764588453266	0.1912763846861163	0.3917685894988813	26.398119122257054
./pda/tophits/relax_8sjh_A_0002.pdb	1.0269679979465964	0.5937534149074803	0.7791185762295861	0.1501175514356211	0.5642805182800879	0.20975654984189346	0.4069730652806871	19.682242990654206
./pda/tophits/relax_2lta_A_0006.pdb	1.1052639729054488	0.6244418484449319	0.8496825612873378	0.1315078873313249	0.7171433528355413	0.1807776229453027	0.40433084426512506	23.24
./pda/tophits/relax_6yqx_A_0003.pdb	0.9738478769675394	0.5824897036121407	0.8230875845354529	0.10603356585794955	0.7075290749102093	0.17072148010059812	0.5349916758380714	26.378246753246753
./pda/tophits/relax_6h5h_A_0006.pdb	1.3477756769461346	1.0829278018583264	1.19143857205222	0.2693614258207087	0.3662015704390736	0.2345960651505796	0.2391865079080911	13.156565656565656
./pda/tophits/relax_8d06_A_0006.pdb	1.0587416051545744	0.7238213641078232	0.5367521508664859	0.14876582044986178	0.5280166044023334	0.31569082910123175	0.4584898982762959	10.794871794871796
./pda/tophits/relax_7dmf_A_0004.pdb	0.8078006288046871	0.35181343079402294	0.7003849642898424	0.10131865885934524	0.46413192676102677	0.16804698025342596	0.5920506559530718	28.04123711340206
./pda/tophits/relax_1nvo_A_0006.pdb	1.3560751115473952	1.0697080795888096	0.7465661103284762	0.18656330447933991	0.8234386168742096	0.311101609498769	0.3053794677842322	8.287037037037036
./pda/tophits/relax_7t2y_A_0001.pdb	1.1107274439780568	0.6402045084944485	0.8725963628442229	0.15022306703953422	0.5450557743411246	0.2000649084114606	0.39334271575740537	16.44107744107744
./pda/tophits/relax_2lv8_A_0005.pdb	1.1034010365558007	0.6426902393229794	0.7955572000835396	0.1309394568122047	0.7827000086614636	0.18541160002317886	0.37071971544653853	25.229813664596275
./pda/tophits/relax_7bpn_A_0002.pdb	1.167126172144178	0.6816071621693663	0.9935891454684683	0.14486226449985434	0.6217939516985838	0.18338038358280528	0.47051111998367073	27.68208092485549
./pda/tophits/relax_8kc0_A_0001.pdb	1.085424505353069	0.6348496933024933	0.8992725075577946	0.15081709938651575	0.6658976209966725	0.18671946108995127	0.39683191231159265	30.786931818181817
./pda/tophits/relax_1tgg_A_0001.pdb	inf	inf	inf	0.06160835175391505	0.9177957367919651	0.43754732399133556	0.4522349350905581	3.4915254237288136
./pda/tophits/relax_6b87_A_0006.pdb	0.6778970105090696	0.36596916612755465	0.34640515877535505	0.06386587391557319	0.7477027254148402	0.2654796416734472	0.6251934734653048	15.209876543209877
./pda/tophits/relax_5e6g_A_0006.pdb	1.0640397558945338	0.6395940493189978	0.8552149701209724	0.14796315557687711	0.5832915265981583	0.1976447722890446	0.3933408266702076	18.7183908045977
./pda/tophits/relax_7mcd_A_0003.pdb	1.1595608139141838	0.8016303713463134	1.0542318095841834	0.13060910778670928	0.5930329962072278	0.17153328293748105	0.5329222962424848	26.516819571865444
./pda/tophits/relax_6xeh_A_0001.pdb	1.103846275254744	0.6039070073239222	0.7597374287048078	0.11645895297898982	0.8252892647575382	0.177607681400609	0.40106382600636975	22.44300518134715
./pda/tophits/relax_2n75_A_0002.pdb	1.1702010992088216	0.696039802287901	0.8025223520835506	0.13935787667531344	0.7830905152055974	0.19696243931397334	0.3610096674240217	20.982078853046595
./pda/tophits/relax_8e0m_A_0002.pdb	0.8726413648089859	0.391777786569703	0.6414135362921539	0.09555732961366208	0.6659661211649567	0.1833067180460774	0.5532316139265127	16.44106463878327
./pda/tophits/relax_6wxo_A_0003.pdb	0.8928981336310279	0.4728611678332376	0.7586599431213387	0.11385347768475958	0.622498668271514	0.18476851382094805	0.5910835396433602	29.982824427480917
./pda/tophits/relax_4lpt_A_0005.pdb	1.0263787851090225	0.6010591000426854	0.9037289895146984	0.18102372343448317	0.6745941509704889	0.20519142176439992	0.38100919999801997	28.1796875
./pda/tophits/relax_5hpn_A_0001.pdb	1.1564567384969278	0.8371038556335041	1.0791087277220093	0.2627622203129279	0.4636763984241396	0.23358423927931923	0.2913162345989096	22.6
