filename,Probability
relax_7t03_A_0004.pdb,0.756924450397491
relax_6r5z_A_0006.pdb,0.988844513893127
relax_8d9o_A_0006.pdb,0.436212480068207
relax_2n8w_A_0004.pdb,0.633399426937103
relax_7qwb_A_0001.pdb,0.123110204935074
relax_8bfe_A_0002.pdb,0.090471506118774
relax_8adx_A_0005.pdb,2.87176717961302E-08
relax_4lpu_A_0001.pdb,0.844454407691956
relax_4qkr_A_0006.pdb,0.602651298046112
relax_8a51_A_0001.pdb,0.117231994867325
relax_4ndl_A_0006.pdb,0.764457702636719
relax_5kba_A_0006.pdb,0.715989649295807
relax_7fao_A_0003.pdb,0.998155117034912
relax_8h7c_A_0001.pdb,0.100654155015945
relax_5up1_A_0005.pdb,0.689682245254517
relax_1n0r_A_0003.pdb,0.968367218971252
relax_7vty_A_0004.pdb,0.538873374462128
relax_4yy5_A_0005.pdb,0.97771829366684
relax_1qys_A_0002.pdb,0.998428642749786
relax_3tdm_A_0001.pdb,0.217550963163376
relax_4gvw_A_0004.pdb,1.12415776687413E-09
relax_4n6t_A_0002.pdb,0.347224235534668
relax_6x1k_A_0002.pdb,0.000251233577728
relax_2xen_A_0005.pdb,0.078082382678986
relax_5kwd_A_0001.pdb,0.728586614131928
relax_3q7w_A_0006.pdb,0.478770434856415
relax_2n4e_A_0005.pdb,0.904133081436157
relax_1u2u_A_0005.pdb,0.48466283082962
relax_8ka7_A_0006.pdb,0.006688594818115
relax_5izs_A_0005.pdb,0.086278170347214
relax_8tnc_A_0004.pdb,0.891753137111664
relax_6nz3_A_0005.pdb,0.010000824928284
relax_7sq5_A_0004.pdb,0.123419404029846
relax_8oyw_A_0005.pdb,0.399281978607178
relax_2lnd_A_0001.pdb,0.976834177970886
relax_3p6j_A_0004.pdb,0.810584902763367
relax_3wwb_A_0005.pdb,0.888229012489319
relax_5l33_A_0001.pdb,0.99083799123764
relax_6tjb_A_0002.pdb,0.145585596561432
relax_2jvf_A_0003.pdb,0.997042894363403
relax_6w70_A_0005.pdb,0.893094778060913
relax_8prf_A_0003.pdb,0.95665854215622
relax_7q3j_A_0003.pdb,0.946879804134369
relax_2mra_A_0006.pdb,0.920321583747864
relax_4ky3_A_0001.pdb,0.460801661014557
relax_3o4a_A_0004.pdb,0.545489311218262
relax_6nyk_A_0005.pdb,0.026315629482269
relax_8pr9_A_0003.pdb,0.882164895534515
relax_8prl_A_0001.pdb,0.864849627017975
relax_7bpm_A_0003.pdb,0.993450164794922
relax_3vcd_A_0005.pdb,0.000802159309387
relax_7bqs_A_0005.pdb,0.955657482147217
relax_1rh4_A_0002.pdb,0.089860647916794
relax_2mi7_A_0001.pdb,0.971148312091827
relax_8fje_A_0004.pdb,0.884636878967285
relax_8k8f_A_0001.pdb,0.002030402421951
relax_8d9p_A_0005.pdb,0.469468504190445
relax_8h7e_A_0004.pdb,0.114781737327576
relax_8kc4_A_0004.pdb,0.600268423557282
relax_4fzp_A_0006.pdb,0.108698695898056
relax_5od9_A_0003.pdb,0.974947690963745
relax_8fin_A_0006.pdb,0.973033726215362
relax_3o4b_A_0001.pdb,0.642989158630371
relax_7q1t_A_0002.pdb,0.151546359062195
relax_6w90_A_0003.pdb,0.789886891841888
relax_8tnd_A_0003.pdb,0.893109202384949
relax_6vga_A_0001.pdb,0.998076438903809
relax_6ny8_A_0004.pdb,0.008961498737335
relax_3r48_A_0001.pdb,0.052893280982971
relax_6tjd_A_0005.pdb,0.93545138835907
relax_4ydw_A_0003.pdb,0.287790179252625
relax_1jmb_A_0002.pdb,0.859137833118439
relax_2mq8_A_0003.pdb,0.977873206138611
relax_7uwz_A_0006.pdb,0.98538875579834
relax_5j0k_A_0003.pdb,0.254622727632523
relax_4pww_A_0002.pdb,0.99742043018341
relax_8vxs_A_0001.pdb,0.0011365711689
relax_1ovv_A_0005.pdb,0.72219455242157
relax_2hyz_A_0003.pdb,0.937825858592987
relax_2n8i_A_0003.pdb,0.113605588674545
relax_5j0j_A_0005.pdb,0.022724509239197
relax_5op3_A_0005.pdb,0.378613322973251
relax_2xee_A_0001.pdb,0.807180047035217
relax_6nuk_A_0006.pdb,0.995140314102173
relax_4u3h_A_0002.pdb,0.881240129470825
relax_7n1k_A_0005.pdb,0.908223330974579
relax_6ypi_A_0001.pdb,0.961522340774536
relax_5if6_A_0003.pdb,3.01243071589852E-05
relax_1xof_A_0001.pdb,0.005221635103226
relax_5cwj_A_0001.pdb,0.984710216522217
relax_2bkg_A_0006.pdb,0.216739892959595
relax_3ra3_A_0001.pdb,0.072786450386047
relax_5cwl_A_0005.pdb,0.9836186170578
relax_5ieo_A_0004.pdb,0.016254425048828
relax_2lhg_A_0003.pdb,0.030923932790756
relax_7dko_A_0004.pdb,0.457940012216568
relax_4uos_A_0001.pdb,0.881845593452454
relax_6naf_A_0006.pdb,0.041457176208496
relax_8fjg_A_0002.pdb,0.989232301712036
relax_5bvl_A_0004.pdb,0.981381058692932
relax_5kpe_A_0003.pdb,0.948121249675751
relax_5vte_A_0001.pdb,0.12686824798584
relax_7udo_A_0004.pdb,0.993693768978119
relax_2n2u_A_0001.pdb,0.995562553405762
relax_3vjf_A_0004.pdb,0.1678546667099
relax_8u5a_A_0003.pdb,0.368222057819366
relax_5jqz_A_0004.pdb,0.243528485298157
relax_7p12_A_0005.pdb,0.98022049665451
relax_1u0i_A_0001.pdb,0.063864469528198
relax_8vl4_A_0001.pdb,0.717821180820465
relax_7kbq_A_0006.pdb,0.980573415756226
relax_1na3_A_0002.pdb,0.991335213184357
relax_3ltd_A_0001.pdb,0.060409396886826
relax_7q3k_A_0003.pdb,0.496604382991791
relax_6fp9_A_0001.pdb,0.359175205230713
relax_7qwd_A_0002.pdb,0.186545342206955
relax_6kos_A_0003.pdb,0.17012095451355
relax_1ovr_A_0001.pdb,0.942441344261169
relax_5tgy_A_0003.pdb,0.93170177936554
relax_2wqh_A_0006.pdb,0.976902544498444
relax_6o35_A_0003.pdb,0.043883085250854
relax_8ao1_A_0006.pdb,0.346088826656341
relax_4d8h_A_0004.pdb,0.486092209815979
relax_7jh6_A_0004.pdb,0.528000831604004
relax_8e0l_A_0005.pdb,0.919342279434204
relax_7lmx_A_0006.pdb,0.999135196208954
relax_7tal_A_0003.pdb,0.226206213235855
relax_4kyz_A_0003.pdb,0.317088603973389
relax_3t4f_A_0001.pdb,7.40695759304799E-05
relax_6w6x_A_0004.pdb,0.912909507751465
relax_5j73_A_0006.pdb,0.336674809455872
relax_2mbm_A_0003.pdb,0.936211466789246
relax_5cwd_A_0002.pdb,0.990311741828918
relax_8d07_A_0002.pdb,0.265286654233932
relax_8d09_A_0001.pdb,0.307813942432403
relax_3ww7_A_0001.pdb,0.778111219406128
relax_8a3j_A_0003.pdb,0.034493148326874
relax_6c2v_A_0003.pdb,0.995952486991882
relax_8fih_A_0005.pdb,0.176390200853348
relax_2l69_A_0006.pdb,0.991143584251404
relax_7bqb_A_0005.pdb,0.921660959720612
relax_1uw1_A_0003.pdb,0.050176322460175
relax_8c3e_A_0002.pdb,0.90015321969986
relax_8k7z_A_0005.pdb,7.36693607450434E-07
relax_8qaf_A_0003.pdb,0.038547486066818
relax_2n35_A_0003.pdb,0.569189846515656
relax_8f54_A_0003.pdb,0.949895977973938
relax_3p6i_A_0003.pdb,0.018849015235901
relax_2n76_A_0003.pdb,0.982416570186615
relax_3q7y_A_0005.pdb,0.615834712982178
relax_6czh_A_0003.pdb,0.72369658946991
relax_4j7w_A_0002.pdb,0.370407164096832
relax_6y06_A_0006.pdb,0.184692800045013
relax_3ltb_A_0005.pdb,0.059928804636002
relax_7bqr_A_0001.pdb,0.863051235675812
relax_7bqc_A_0004.pdb,0.913756549358368
relax_4yxy_A_0002.pdb,0.657198190689087
relax_6czg_A_0002.pdb,0.501002371311188
relax_6xr2_A_0001.pdb,0.981520175933838
relax_4lpx_A_0005.pdb,0.875886082649231
relax_3lta_A_0003.pdb,0.059644460678101
relax_4oxw_A_0006.pdb,0.384763777256012
relax_2jua_A_0002.pdb,0.875180780887604
relax_8jvt_A_0006.pdb,0.96030980348587
relax_2qyj_A_0006.pdb,0.77198451757431
relax_5cwk_A_0003.pdb,0.935562074184418
relax_8jvv_A_0001.pdb,0.958719551563263
relax_2jst_A_0003.pdb,0.940558314323425
relax_7mcc_A_0005.pdb,0.980164289474487
relax_5j0i_A_0006.pdb,0.070230007171631
relax_6xwi_A_0006.pdb,0.78270947933197
relax_2kik_A_0004.pdb,0.983675241470337
relax_8vt8_A_0001.pdb,0.000198602676392
relax_4l8i_A_0005.pdb,0.640490829944611
relax_5tpj_A_0006.pdb,0.959862470626831
relax_5vju_A_0001.pdb,0.445986807346344
relax_8d05_A_0001.pdb,0.973720073699951
relax_5cwf_A_0004.pdb,0.968551993370056
relax_7dns_A_0004.pdb,0.847414374351501
relax_8sjf_A_0002.pdb,0.807297945022583
relax_5eil_A_0002.pdb,0.884421348571777
relax_6ohh_A_0002.pdb,0.418433248996735
relax_8ek4_A_0003.pdb,0.554534196853638
relax_7vu4_A_0004.pdb,0.335127234458923
relax_8e0n_A_0006.pdb,0.929189443588257
relax_7vql_A_0003.pdb,0.267427891492844
relax_4yy2_A_0001.pdb,0.978384077548981
relax_7sq4_A_0006.pdb,0.033353745937347
relax_3u29_A_0001.pdb,7.45160068618134E-05
relax_8d03_A_0006.pdb,0.227589070796966
relax_4lpv_A_0004.pdb,0.842107892036438
relax_5cw9_A_0005.pdb,0.000439077615738
relax_1n0q_A_0006.pdb,0.708647847175598
relax_8bl6_A_0005.pdb,0.609058082103729
relax_3ltc_A_0003.pdb,0.060757905244827
relax_7qwa_A_0001.pdb,0.164102494716644
relax_5trv_A_0005.pdb,0.986683666706085
relax_5j0l_A_0003.pdb,0.273274719715118
relax_1lt1_A_0003.pdb,0.891867518424988
relax_3o4c_A_0002.pdb,0.480540603399277
relax_6czj_A_0005.pdb,0.843113780021668
relax_8vpt_A_0001.pdb,0.000833123922348
relax_2lci_A_0004.pdb,0.979455590248108
relax_8a85_A_0003.pdb,2.0688243296263E-07
relax_5oou_A_0005.pdb,0.419103473424912
relax_8ah9_A_0006.pdb,0.496092647314072
relax_8jvu_A_0003.pdb,0.967851519584656
relax_6x9z_A_0005.pdb,0.003263711929321
relax_7vqv_A_0005.pdb,0.26870846748352
relax_2ln3_A_0002.pdb,0.987651288509369
relax_3vb8_A_0001.pdb,1.68276856129523E-05
relax_7bww_A_0001.pdb,0.985296845436096
relax_4qks_A_0005.pdb,0.777334213256836
relax_5j7d_A_0006.pdb,0.293741881847382
relax_6vzx_A_0001.pdb,7.50227773096412E-05
relax_7ah0_A_0005.pdb,0.638875246047974
relax_7ot7_A_0004.pdb,0.944921016693115
relax_6w3w_A_0005.pdb,0.29298061132431
relax_8b45_A_0001.pdb,0.141004711389542
relax_7uwy_A_0003.pdb,0.974161624908447
relax_6nxm_A_0001.pdb,0.009172081947327
relax_6v8e_A_0005.pdb,0.826429843902588
relax_8vp7_A_0001.pdb,0.000246107578278
relax_2jre_A_0004.pdb,0.003020048141479
relax_2lr2_A_0002.pdb,0.302496254444122
relax_2mr6_A_0001.pdb,0.968533396720886
relax_7qdj_A_0001.pdb,0.005734294652939
relax_5iep_A_0001.pdb,0.009325981140137
relax_8ch0_A_0004.pdb,0.933078527450562
relax_7bqd_A_0005.pdb,0.928702354431152
relax_6egc_A_0005.pdb,0.948640942573547
relax_8jvy_A_0001.pdb,0.826218843460083
relax_2mn4_A_0003.pdb,0.980082392692566
relax_8kcj_A_0002.pdb,0.001551806926727
relax_8fjf_A_0003.pdb,0.489798069000244
relax_6msq_A_0001.pdb,0.177299976348877
relax_8fvt_A_0004.pdb,0.210311353206634
relax_6x8n_A_0006.pdb,0.923499286174774
relax_2kdl_A_0004.pdb,0.056748390197754
relax_7smj_A_0003.pdb,0.983304738998413
relax_2lhe_A_0003.pdb,0.025996685028076
relax_7ur7_A_0006.pdb,0.993811011314392
relax_6fpa_A_0001.pdb,0.403273940086365
relax_6fpb_A_0006.pdb,0.397463768720627
relax_8prb_A_0001.pdb,0.874198317527771
relax_4hb1_A_0004.pdb,0.083631843328476
relax_7bpl_A_0002.pdb,0.942179143428802
relax_7bqe_A_0004.pdb,0.967451155185699
relax_8tnm_A_0003.pdb,0.513105928897858
relax_4dui_A_0004.pdb,0.263092458248138
relax_7sko_A_0003.pdb,0.992424607276916
relax_7k3h_A_0005.pdb,0.995751976966858
relax_8d08_A_0006.pdb,0.022287458181381
relax_6wvs_A_0004.pdb,0.987691581249237
relax_7sq3_A_0004.pdb,0.86601972579956
relax_8bl9_A_0004.pdb,0.021519362926483
relax_6wi5_A_0002.pdb,0.995293259620666
relax_8dt0_A_0006.pdb,0.461566746234894
relax_7dkk_A_0005.pdb,0.961232781410217
relax_5lw2_A_0001.pdb,0.185110986232757
relax_4zcn_A_0002.pdb,0.827974915504456
relax_4loa_A_0001.pdb,0.000501185655594
relax_8c66_A_0006.pdb,3.77931890227501E-08
relax_6egn_A_0004.pdb,0.061749458312988
relax_8gaq_A_0004.pdb,0.462384164333344
relax_3lt8_A_0003.pdb,0.054352313280106
relax_2mbl_A_0003.pdb,0.949524641036987
relax_7ny0_A_0006.pdb,0.734405517578125
relax_4kyb_A_0006.pdb,6.25815204102764E-08
relax_5tph_A_0003.pdb,0.946335017681122
relax_5i1y_A_0006.pdb,0.851520538330078
relax_2gjh_A_0006.pdb,0.982831954956055
relax_4gpm_A_0002.pdb,0.945254325866699
relax_8pre_A_0004.pdb,0.955179810523987
relax_4z1r_A_0001.pdb,6.63449027342722E-05
relax_1kd9_A_0003.pdb,0.086490780115128
relax_5chb_A_0001.pdb,0.871590077877045
relax_4etj_A_0006.pdb,3.47500929365196E-07
relax_8ju8_A_0005.pdb,0.99223393201828
relax_7skn_A_0003.pdb,0.994525849819183
relax_5ier_A_0006.pdb,0.000108816471766
relax_3wwf_A_0005.pdb,0.886496901512146
relax_5yxi_A_0006.pdb,0.992047429084778
relax_8prr_A_0006.pdb,0.956805050373077
relax_5j0h_A_0004.pdb,0.037134140729904
relax_2lhd_A_0006.pdb,0.026462882757187
relax_4j8y_A_0002.pdb,0.392506211996078
relax_2n3z_A_0006.pdb,0.998180508613586
relax_7m5t_A_0005.pdb,0.999866962432861
relax_5bvb_A_0005.pdb,0.001051127910614
relax_5vjt_A_0002.pdb,0.462651908397675
relax_6yqy_A_0004.pdb,0.951887607574463
relax_8eov_A_0001.pdb,0.885695815086365
relax_8tnb_A_0006.pdb,0.892760992050171
relax_7s5b_A_0005.pdb,0.621246576309204
relax_8sjg_A_0005.pdb,0.805652976036072
relax_6tjc_A_0004.pdb,0.953514695167542
relax_6nek_A_0006.pdb,0.925189316272736
relax_3o4d_A_0001.pdb,0.627968788146973
relax_6ds9_A_0003.pdb,0.983457148075104
relax_7ot8_A_0003.pdb,0.959809899330139
relax_4rjv_A_0004.pdb,0.996810555458069
relax_8d04_A_0005.pdb,0.664829850196838
relax_2mlb_A_0001.pdb,0.99962592124939
relax_3wn8_A_0001.pdb,8.05747040431015E-05
relax_7ldf_A_0001.pdb,0.996811509132385
relax_7skp_A_0002.pdb,0.711533010005951
relax_6wxp_A_0003.pdb,0.819894433021545
relax_6z35_A_0005.pdb,0.718692779541016
relax_5od1_A_0003.pdb,0.954358577728272
relax_6r5y_A_0003.pdb,0.985553503036499
relax_7uqa_A_0005.pdb,0.145643770694733
relax_6nyi_A_0005.pdb,0.046302169561386
relax_2mr5_A_0006.pdb,0.984786391258239
relax_8ga9_A_0001.pdb,0.602955877780914
relax_8jvs_A_0002.pdb,0.949813723564148
relax_6mrr_A_0003.pdb,0.997856140136719
relax_3v45_A_0005.pdb,6.35675192484086E-08
relax_6nz1_A_0002.pdb,0.036811143159866
relax_6jcc_A_0005.pdb,0.904373526573181
relax_3q7x_A_0001.pdb,0.173853576183319
relax_8h7d_A_0002.pdb,0.077471405267715
relax_6mrs_A_0004.pdb,0.992139577865601
relax_3ww8_A_0002.pdb,0.870183110237122
relax_2a3d_A_0005.pdb,0.998520255088806
relax_7lmv_A_0006.pdb,0.992992639541626
relax_8cyk_A_0006.pdb,0.740553975105285
relax_8kc1_A_0004.pdb,0.883192181587219
relax_8oys_A_0006.pdb,0.964471459388733
relax_5oos_A_0003.pdb,0.395719200372696
relax_2lr0_A_0004.pdb,0.988074421882629
relax_5u35_A_0004.pdb,0.8774493932724
relax_6zv9_A_0002.pdb,0.815419018268585
relax_8tn1_A_0005.pdb,0.897266924381256
relax_5f53_A_0002.pdb,0.853485941886902
relax_7bqm_A_0004.pdb,0.968248963356018
relax_6vg7_A_0006.pdb,0.976251363754272
relax_4m6a_A_0001.pdb,0.975173354148865
relax_1na0_A_0005.pdb,0.977250039577484
relax_8pra_A_0002.pdb,0.960815191268921
relax_4ow4_A_0002.pdb,0.143439024686813
relax_8jvz_A_0001.pdb,0.872360825538635
relax_5ts4_A_0005.pdb,0.994098603725433
relax_6msr_A_0003.pdb,0.076039969921112
relax_1ovu_A_0001.pdb,0.946642756462097
relax_6c2u_A_0003.pdb,0.996814966201782
relax_2n2t_A_0001.pdb,0.998893439769745
relax_8oyv_A_0005.pdb,0.003203302621841
relax_8eja_A_0002.pdb,0.213575422763824
relax_1lq7_A_0005.pdb,0.971326053142548
relax_6y07_A_0003.pdb,0.829194664955139
relax_5hs0_A_0001.pdb,0.485468447208404
relax_4ess_A_0002.pdb,1.35811703216859E-07
relax_5c39_A_0001.pdb,0.191549807786941
relax_4r80_A_0006.pdb,0.992510974407196
relax_6e5c_A_0003.pdb,0.099010169506073
relax_5tgw_A_0001.pdb,0.925897300243378
relax_2avp_A_0004.pdb,0.930528879165649
relax_5j2l_A_0001.pdb,0.093027710914612
relax_3ogf_A_0002.pdb,0.903966724872589
relax_1kdd_A_0001.pdb,0.089601218700409
relax_6msp_A_0005.pdb,0.960491895675659
relax_5l2h_A_0002.pdb,0.002056747674942
relax_7bqn_A_0001.pdb,0.933799028396606
relax_8tn6_A_0006.pdb,0.894680202007294
relax_7bqq_A_0001.pdb,0.847040951251983
relax_5vbt_A_0006.pdb,0.886607348918915
relax_4lpy_A_0003.pdb,0.813622355461121
relax_5gaj_A_0002.pdb,0.97554624080658
relax_3lt9_A_0001.pdb,0.053266078233719
relax_7bpp_A_0003.pdb,0.98202919960022
relax_7kuw_A_0004.pdb,0.8517245054245
relax_5ien_A_0005.pdb,0.002535820007324
relax_2jab_A_0006.pdb,0.115819066762924
relax_6qb2_A_0002.pdb,0.047647774219513
relax_5xg5_A_0005.pdb,2.16895114135696E-05
relax_7a8s_A_0005.pdb,0.988282203674316
relax_6g6q_A_0001.pdb,0.528754532337189
relax_5kng_A_0002.pdb,0.376305937767029
relax_8vei_A_0006.pdb,0.731351315975189
relax_8ao0_A_0002.pdb,0.322624742984772
relax_6o0c_A_0001.pdb,0.032048583030701
relax_2lvb_A_0004.pdb,0.984901189804077
relax_4lpw_A_0002.pdb,0.910736680030823
relax_2lrh_A_0003.pdb,0.972492098808289
relax_6tj1_A_0005.pdb,0.290201395750046
relax_8ka6_A_0006.pdb,0.408837139606476
relax_8vl3_A_0006.pdb,0.712911903858185
relax_2n41_A_0001.pdb,0.93997311592102
relax_7vqw_A_0006.pdb,0.330356597900391
relax_6o0i_A_0002.pdb,0.013681411743164
relax_5dxv_A_0005.pdb,4.42564864963635E-12
relax_2fo7_A_0005.pdb,0.927477955818176
relax_6vgb_A_0005.pdb,0.993702948093414
relax_1fmh_A_0002.pdb,0.073805034160614
relax_4j4z_A_0005.pdb,2.56447208357713E-07
relax_7ur8_A_0001.pdb,0.964758157730102
relax_8bcs_A_0002.pdb,0.939432740211487
relax_7ars_A_0001.pdb,0.054621279239655
relax_6w46_A_0001.pdb,5.862655598321E-05
relax_7osu_A_0002.pdb,0.990031361579895
relax_5uyo_A_0003.pdb,0.969876766204834
relax_1vrz_A_0002.pdb,0.001089453697205
relax_8eox_A_0003.pdb,0.65018367767334
relax_8k84_A_0003.pdb,0.503592729568481
relax_8f4x_A_0003.pdb,0.968259453773498
relax_4gmr_A_0002.pdb,0.92841362953186
relax_3pg0_A_0002.pdb,0.000117724550364
relax_5i1z_A_0001.pdb,0.870870471000671
relax_5kph_A_0005.pdb,0.982619881629944
relax_2jwu_A_0006.pdb,0.064412176609039
relax_1kd8_A_0003.pdb,0.10403311252594
relax_2l82_A_0004.pdb,0.888990521430969
relax_5j10_A_0006.pdb,0.246493846178055
relax_1ec5_A_0004.pdb,0.843188524246216
relax_6czi_A_0003.pdb,0.51252144575119
relax_7m0q_A_0006.pdb,0.999222278594971
relax_5vjs_A_0005.pdb,0.469191014766693
relax_8kac_A_0006.pdb,0.825630247592926
relax_5lo4_A_0002.pdb,0.029373615980148
relax_6n9h_A_0005.pdb,0.036794036626816
relax_3o49_A_0004.pdb,0.693136751651764
relax_4hqd_A_0006.pdb,0.891909956932068
relax_7tjl_A_0006.pdb,0.019884318113327
relax_4k0c_A_0004.pdb,5.29390966619303E-08
relax_2kdm_A_0006.pdb,0.03070530295372
relax_1jm0_A_0005.pdb,0.738314867019653
relax_8bl5_A_0002.pdb,0.011776000261307
relax_4n6u_A_0002.pdb,0.341069638729095
relax_2lse_A_0005.pdb,0.987405896186829
relax_2mtl_A_0001.pdb,0.995141744613647
relax_4hb5_A_0004.pdb,0.948930501937866
relax_6nx2_A_0004.pdb,0.009937047958374
relax_8sji_A_0003.pdb,0.712587296962738
relax_5cwh_A_0002.pdb,0.944968342781067
relax_2cw1_A_0002.pdb,0.967620015144348
relax_7osv_A_0003.pdb,0.989478409290314
relax_6nye_A_0001.pdb,0.01895660161972
relax_8y33_A_0002.pdb,0.006002187728882
relax_2kl8_A_0001.pdb,0.997533679008484
relax_5vnv_A_0003.pdb,1.44535524668754E-05
relax_8k83_A_0002.pdb,0.517466247081757
relax_2xeh_A_0003.pdb,0.838240563869476
relax_6z2i_A_0006.pdb,0.911172986030579
relax_1mj0_A_0003.pdb,0.404301285743713
relax_5v2o_A_0002.pdb,0.388336479663849
relax_6d0t_A_0005.pdb,0.948604345321655
relax_7qwe_A_0002.pdb,0.142354041337967
relax_5hrz_A_0003.pdb,0.696732521057129
relax_8pjq_A_0002.pdb,0.198841422796249
relax_8dz8_A_0005.pdb,0.915762305259705
relax_6w40_A_0001.pdb,0.471774190664291
relax_5hry_A_0003.pdb,0.574426174163818
relax_2lhc_A_0003.pdb,0.038823187351227
relax_2kpo_A_0002.pdb,0.99205881357193
relax_8sjh_A_0002.pdb,0.710013151168823
relax_2lta_A_0006.pdb,0.990671634674072
relax_6yqx_A_0003.pdb,0.939012408256531
relax_6h5h_A_0006.pdb,0.041658967733383
relax_8d06_A_0006.pdb,0.057920157909393
relax_7dmf_A_0004.pdb,0.024985730648041
relax_1nvo_A_0006.pdb,0.972494125366211
relax_7t2y_A_0001.pdb,0.838689982891083
relax_2lv8_A_0005.pdb,0.993197798728943
relax_7bpn_A_0002.pdb,0.981006026268005
relax_8kc0_A_0001.pdb,0.727626919746399
relax_6b87_A_0006.pdb,0.238936066627502
relax_5e6g_A_0006.pdb,0.806795358657837
relax_7mcd_A_0003.pdb,0.966279864311218
relax_6xeh_A_0001.pdb,0.998773336410522
relax_2n75_A_0002.pdb,0.998144865036011
relax_8e0m_A_0002.pdb,0.776064872741699
relax_6wxo_A_0003.pdb,0.810400128364563
relax_4lpt_A_0005.pdb,0.684019684791565
relax_5hpn_A_0001.pdb,0.110103517770767
