pdb_file,prediction
relax_8KC0_A_0003_chain-A.pdb,0.6272079944610596
relax_6TJE_A_0002_chain-A.pdb,0.976097583770752
relax_5DN0_A_0003_chain-A.pdb,0.08246669918298721
relax_2L82_A_0006_chain-A.pdb,0.9231007099151611
relax_3TDN_A_0005_chain-A.pdb,0.1679496020078659
relax_7Q3K_A_0004_chain-A.pdb,0.41098180413246155
relax_4YY2_A_0002_chain-A.pdb,0.9797660708427429
relax_8CH0_A_0001_chain-A.pdb,0.983554482460022
relax_6WRV_D_0002_chain-D.pdb,0.15192797780036926
relax_7Z7E_B_0004_chain-B.pdb,0.2036833018064499
relax_3LTA_A_0005_chain-A.pdb,0.032753247767686844
relax_8E0L_A_0003_chain-A.pdb,0.9614332318305969
relax_3TDM_A_0002_chain-A.pdb,0.18032602965831757
relax_5CWH_A_0004_chain-A.pdb,0.96969074010849
relax_3Q7W_A_0001_chain-A.pdb,0.8274563550949097
relax_5J7D_A_0002_chain-A.pdb,0.5022737383842468
relax_7UQA_A_0006_chain-A.pdb,0.1456722617149353
relax_5VBT_A_0001_chain-A.pdb,0.8154058456420898
relax_7DNS_A_0005_chain-A.pdb,0.9197512269020081
relax_8U5A_A_0003_chain-A.pdb,0.2711127698421478
relax_8EVM_A_0005_chain-A.pdb,0.17848610877990723
relax_5J0K_A_0002_chain-A.pdb,0.4542994201183319
relax_7UDK_A_0004_chain-A.pdb,0.9973304271697998
relax_6MSR_A_0005_chain-A.pdb,0.07170727849006653
relax_8VL4_A_0006_chain-A.pdb,0.6705654859542847
relax_8FRF_A_0006_chain-A.pdb,0.9661655426025391
relax_6C2U_A_0006_chain-A.pdb,0.9961885809898376
relax_4ESS_A_0002_chain-A.pdb,0.03492572531104088
relax_8GA9_A_0005_chain-A.pdb,0.4656907916069031
relax_6S3D_B_0002_chain-B.pdb,0.07503300160169601
relax_8T6C_A_0005_chain-A.pdb,0.289659708738327
relax_3O4A_A_0001_chain-A.pdb,0.8754003047943115
relax_6V8E_A_0006_chain-A.pdb,0.8925444483757019
relax_6NZ1_A_0006_chain-A.pdb,0.04247356206178665
relax_5MFB_A_0005_chain-A.pdb,0.9520256519317627
relax_7B4U_A_0001_chain-A.pdb,0.11732050776481628
relax_4TQL_A_0001_chain-A.pdb,0.05799946188926697
relax_6X8N_A_0005_chain-A.pdb,0.9600139856338501
relax_6R5Z_A_0003_chain-A.pdb,0.988382875919342
relax_2JUA_A_0004_chain-A.pdb,0.9521858096122742
relax_7DNE_A_0004_chain-A.pdb,0.1322157233953476
relax_1LQ7_A_0003_chain-A.pdb,0.9805818796157837
relax_6FPA_A_0001_chain-A.pdb,0.19777482748031616
relax_6NYK_A_0001_chain-A.pdb,0.023315349593758583
relax_8QAD_A_0002_chain-A.pdb,0.13401690125465393
relax_8EOX_D_0004_chain-D.pdb,0.6163111925125122
relax_6FF6_A_0004_chain-A.pdb,0.037106312811374664
relax_8K8G_A_0004_chain-A.pdb,0.01028392743319273
relax_5L2H_A_0003_chain-A.pdb,0.06660357862710953
relax_6NX2_A_0005_chain-A.pdb,0.0075648268684744835
relax_8BL9_A_0005_chain-A.pdb,0.125854954123497
relax_8DN6_D_0003_chain-D.pdb,0.09642545878887177
relax_2LR0_A_0006_chain-A.pdb,0.9819297194480896
relax_5CWI_A_0004_chain-A.pdb,0.9910225868225098
relax_5OD9_A_0005_chain-A.pdb,0.9735251069068909
relax_7UNH_A_0001_chain-A.pdb,0.35510823130607605
relax_6Z2I_A_0001_chain-A.pdb,0.9493381977081299
relax_2LSE_A_0005_chain-A.pdb,0.987857460975647
relax_8KCJ_A_0006_chain-A.pdb,0.10405242443084717
relax_5GAJ_A_0006_chain-A.pdb,0.9478033781051636
relax_5BVB_A_0003_chain-A.pdb,0.09963535517454147
relax_6ZV9_A_0002_chain-A.pdb,0.8594711422920227
relax_8CUV_A_0002_chain-A.pdb,0.02380869910120964
relax_7F1I_A_0006_chain-A.pdb,0.0019035112345591187
relax_2LHG_A_0006_chain-A.pdb,0.019334981217980385
relax_6TJ1_A_0004_chain-A.pdb,0.3822895586490631
relax_5HRZ_A_0006_chain-A.pdb,0.7545915246009827
relax_6O0I_A_0004_chain-A.pdb,0.012630251236259937
relax_8K7O_A_0006_chain-A.pdb,0.17933347821235657
relax_3HE4_B_0003_chain-B.pdb,0.35478103160858154
relax_6B87_A_0006_chain-A.pdb,0.1622253805398941
relax_4JW2_A_0006_chain-A.pdb,0.07062149792909622
relax_1N0Q_A_0005_chain-A.pdb,0.6092901825904846
relax_8F4X_0_0006_chain-0.pdb,0.967808187007904
relax_6WI5_A_0003_chain-A.pdb,0.9929094910621643
relax_8JVO_A_0006_chain-A.pdb,0.11904435604810715
relax_5VJS_A_0004_chain-A.pdb,0.13167785108089447
relax_7OSV_A_0002_chain-A.pdb,0.9920558333396912
relax_8KA7_A_0002_chain-A.pdb,0.09610476344823837
relax_5VJU_A_0005_chain-A.pdb,0.14243058860301971
relax_7UNJ_A_0005_chain-A.pdb,0.3853306174278259
relax_5IEP_A_0003_chain-A.pdb,0.11697819828987122
relax_6DMP_B_0005_chain-B.pdb,0.25217339396476746
relax_6DLM_A_0002_chain-A.pdb,0.7019824981689453
relax_6DMA_B_0005_chain-B.pdb,0.09849026799201965
relax_5J0I_A_0003_chain-A.pdb,0.11299427598714828
relax_6Z35_A_0003_chain-A.pdb,0.7742356061935425
relax_8F6Q_A_0002_chain-A.pdb,0.9391706585884094
relax_5J10_A_0001_chain-A.pdb,0.45897024869918823
relax_8JVW_A_0002_chain-A.pdb,0.05495966225862503
relax_7QSW_B_0005_chain-B.pdb,0.5280289053916931
relax_5VMR_C_0002_chain-C.pdb,0.023265335708856583
relax_3OGF_A_0002_chain-A.pdb,0.9149714112281799
relax_6KOS_A_0002_chain-A.pdb,0.0677221417427063
relax_3O49_A_0001_chain-A.pdb,0.9223819375038147
relax_3QHT_C_0003_chain-C.pdb,0.3110309839248657
relax_6DLM_B_0001_chain-B.pdb,0.1470385193824768
relax_3V45_A_0004_chain-A.pdb,0.027416804805397987
relax_5I1Y_A_0003_chain-A.pdb,0.801963746547699
relax_4LPX_A_0006_chain-A.pdb,0.7027039527893066
relax_6CZJ_A_0006_chain-A.pdb,0.7066888809204102
relax_1Y47_A_0004_chain-A.pdb,0.7500076293945312
relax_8EJA_B_0006_chain-B.pdb,0.18148308992385864
relax_6NAF_A_0006_chain-A.pdb,0.05651788413524628
relax_7UPQ_C_0002_chain-C.pdb,0.027004629373550415
relax_5TS4_A_0003_chain-A.pdb,0.9878533482551575
relax_8QAE_A_0002_chain-A.pdb,0.03295033425092697
relax_8JVX_A_0002_chain-A.pdb,0.07193037867546082
relax_3WW8_A_0006_chain-A.pdb,0.9288161993026733
relax_5CW9_A_0001_chain-A.pdb,0.12573398649692535
relax_4HQD_A_0006_chain-A.pdb,0.9330270886421204
relax_4LPU_A_0003_chain-A.pdb,0.5912795066833496
relax_6WRX_C_0002_chain-C.pdb,0.810195803642273
relax_5CWF_A_0005_chain-A.pdb,0.9830144643783569
relax_6O35_A_0006_chain-A.pdb,0.029207902029156685
relax_6TMS_A_0005_chain-A.pdb,0.38074713945388794
relax_6V67_A_0004_chain-A.pdb,0.05940621346235275
relax_8K7Z_A_0002_chain-A.pdb,0.05787193402647972
relax_8KC4_A_0003_chain-A.pdb,0.4346943497657776
relax_5HS0_A_0001_chain-A.pdb,0.2818277180194855
relax_8AK1_A_0004_chain-A.pdb,0.14479583501815796
relax_4DBA_A_0006_chain-A.pdb,0.7005932331085205
relax_8CYK_B_0001_chain-B.pdb,0.6556703448295593
relax_7UPO_B_0006_chain-B.pdb,0.09796968847513199
relax_7DKO_A_0006_chain-A.pdb,0.415861576795578
relax_4J8Y_A_0003_chain-A.pdb,0.18580563366413116
relax_7P12_A_0006_chain-A.pdb,0.987247884273529
relax_5OD1_A_0004_chain-A.pdb,0.9519776701927185
relax_8DN6_C_0005_chain-C.pdb,0.06610382348299026
relax_2RU4_B_0005_chain-B.pdb,0.8511366844177246
relax_7S5B_A_0001_chain-A.pdb,0.4445280432701111
relax_8JVY_A_0001_chain-A.pdb,0.3364005386829376
relax_7UPQ_B_0004_chain-B.pdb,0.04919201880693436
relax_2RU4_A_0004_chain-A.pdb,0.6884868741035461
relax_5J0L_A_0004_chain-A.pdb,0.2014593482017517
relax_8FVT_A_0001_chain-A.pdb,0.16018334031105042
relax_8PRL_A_0001_chain-A.pdb,0.8572405576705933
relax_2KL8_A_0004_chain-A.pdb,0.9965617656707764
relax_4D8H_A_0001_chain-A.pdb,0.8454387187957764
relax_7JZL_E_0002_chain-E.pdb,0.46885037422180176
relax_5IEO_A_0006_chain-A.pdb,0.12358593195676804
relax_5KPE_A_0005_chain-A.pdb,0.976163923740387
relax_4JW3_C_0003_chain-C.pdb,0.15673033893108368
relax_8PRE_A_0005_chain-A.pdb,0.9499483704566956
relax_5C39_A_0006_chain-A.pdb,0.2666642963886261
relax_6NXM_A_0006_chain-A.pdb,0.009843859821557999
relax_5IEN_A_0006_chain-A.pdb,0.11357932537794113
relax_8G9K_A_0005_chain-A.pdb,0.9877539277076721
relax_8PJQ_A_0003_chain-A.pdb,0.19869710505008698
relax_2L69_A_0001_chain-A.pdb,0.9815453290939331
relax_5HRY_A_0001_chain-A.pdb,0.41337016224861145
relax_8AED_A_0004_chain-A.pdb,0.19168950617313385
relax_6TJC_A_0002_chain-A.pdb,0.9670881628990173
relax_5LW2_A_0005_chain-A.pdb,0.12710747122764587
relax_8CUS_B_0003_chain-B.pdb,0.14587204158306122
relax_8EK4_A_0001_chain-A.pdb,0.2892395257949829
relax_5CWJ_A_0004_chain-A.pdb,0.9901997447013855
relax_2LCI_A_0005_chain-A.pdb,0.9748727679252625
relax_8H7C_A_0005_chain-A.pdb,0.10506431013345718
relax_4JLR_L_0001_chain-L.pdb,0.09705011546611786
relax_5VID_F_0005_chain-F.pdb,0.036327674984931946
relax_7MWQ_A_0002_chain-A.pdb,0.5054073929786682
relax_2JRE_A_0004_chain-A.pdb,0.09960763901472092
relax_6VFJ_B_0004_chain-B.pdb,0.8471329808235168
relax_1G6U_A_0006_chain-A.pdb,0.7309040427207947
relax_8CUX_B_0006_chain-B.pdb,0.016638219356536865
relax_5KBA_A_0002_chain-A.pdb,0.6949964761734009
relax_7SQ5_A_0006_chain-A.pdb,0.15075035393238068
relax_6OHH_A_0001_chain-A.pdb,0.28927651047706604
relax_8DN7_D_0005_chain-D.pdb,0.05556318908929825
relax_2MR5_A_0005_chain-A.pdb,0.9743046760559082
relax_5J0H_A_0001_chain-A.pdb,0.043268460780382156
relax_8D09_A_0004_chain-A.pdb,0.3089282512664795
relax_2QYJ_A_0004_chain-A.pdb,0.8162820339202881
relax_8KC5_A_0001_chain-A.pdb,0.29087501764297485
relax_8DZ8_A_0005_chain-A.pdb,0.9189650416374207
relax_8PRA_A_0006_chain-A.pdb,0.9779165983200073
relax_7UNI_A_0001_chain-A.pdb,0.34602147340774536
relax_5CWQ_A_0006_chain-A.pdb,0.9489880800247192
relax_6WMK_A_0005_chain-A.pdb,0.9949936270713806
relax_8APY_C_0003_chain-C.pdb,0.019677668809890747
relax_5TPJ_A_0004_chain-A.pdb,0.904656171798706
relax_4OYD_B_0002_chain-B.pdb,0.2469923347234726
relax_8F6R_A_0002_chain-A.pdb,0.9646483659744263
relax_5L33_A_0006_chain-A.pdb,0.9844897985458374
relax_4OW4_A_0001_chain-A.pdb,0.7096733450889587
relax_8D06_A_0001_chain-A.pdb,0.10816977173089981
relax_8VDZ_A_0006_chain-A.pdb,0.14122188091278076
relax_8SJH_A_0002_chain-A.pdb,0.7350860834121704
relax_2CW1_A_0004_chain-A.pdb,0.963787317276001
relax_5TRV_A_0004_chain-A.pdb,0.9717646241188049
relax_2N3Z_A_0004_chain-A.pdb,0.9973853230476379
relax_4GMR_A_0006_chain-A.pdb,0.9560936093330383
relax_7N3T_C_0006_chain-C.pdb,0.9918254017829895
relax_7Z71_B_0004_chain-B.pdb,0.203160360455513
relax_7AYE_B_0003_chain-B.pdb,0.15144845843315125
relax_5CWK_A_0003_chain-A.pdb,0.976197361946106
relax_8JVV_A_0006_chain-A.pdb,0.6661385893821716
relax_5CWC_A_0004_chain-A.pdb,0.9791151881217957
relax_2N41_A_0002_chain-A.pdb,0.9653589725494385
relax_8A51_B_0001_chain-B.pdb,0.15514199435710907
relax_6TJF_A_0005_chain-A.pdb,0.9385684132575989
relax_4ATZ_D_0001_chain-D.pdb,0.17033332586288452
relax_2LHD_A_0001_chain-A.pdb,0.023733317852020264
relax_8KA6_A_0002_chain-A.pdb,0.3578222692012787
relax_6WXO_A_0006_chain-A.pdb,0.8461329340934753
relax_8V9O_A_0002_chain-A.pdb,0.09432695060968399
relax_4N9G_C_0002_chain-C.pdb,0.010244055651128292
relax_2KPO_A_0003_chain-A.pdb,0.9913330674171448
relax_8CWZ_B_0001_chain-B.pdb,0.15594074130058289
relax_7ZYU_B_0003_chain-B.pdb,0.14630182087421417
relax_4ZCN_A_0003_chain-A.pdb,0.7121112942695618
relax_6C9K_E_0001_chain-E.pdb,0.0797577053308487
relax_8JVU_A_0005_chain-A.pdb,0.6315160989761353
relax_5CWG_A_0002_chain-A.pdb,0.9778059124946594
relax_6TMS_G_0004_chain-G.pdb,0.378889262676239
relax_5OOS_A_0004_chain-A.pdb,0.186059832572937
relax_5E6G_A_0003_chain-A.pdb,0.8281800746917725
relax_5OP3_A_0002_chain-A.pdb,0.19225579500198364
relax_8CUS_A_0003_chain-A.pdb,0.06315208971500397
relax_5U35_A_0004_chain-A.pdb,0.8694766759872437
relax_8Y33_A_0001_chain-A.pdb,0.08851635456085205
relax_8FAR_B_0002_chain-B.pdb,0.16402386128902435
relax_7T2Y_A_0005_chain-A.pdb,0.8925336599349976
relax_8AO1_A_0005_chain-A.pdb,0.25829264521598816
relax_7MWQ_B_0003_chain-B.pdb,0.4412349760532379
relax_4DB6_A_0004_chain-A.pdb,0.9602684378623962
relax_5CWP_A_0002_chain-A.pdb,0.9862499237060547
relax_6FP9_B_0002_chain-B.pdb,0.1788107305765152
relax_2LND_A_0003_chain-A.pdb,0.9871523380279541
relax_6YWC_B_0003_chain-B.pdb,0.06379973143339157
relax_4ETJ_A_0002_chain-A.pdb,0.032917123287916183
relax_8JVZ_A_0003_chain-A.pdb,0.5408408045768738
relax_1MEY_C_0004_chain-C.pdb,0.12046762555837631
relax_8K84_A_0002_chain-A.pdb,0.5514112114906311
relax_5KNH_I_0005_chain-I.pdb,0.3191758394241333
relax_5CWD_A_0005_chain-A.pdb,0.9933124780654907
relax_8AIW_A_0003_chain-A.pdb,0.14944031834602356
relax_8BL5_A_0003_chain-A.pdb,0.1359213888645172
relax_8OYY_A_0006_chain-A.pdb,0.08634570240974426
relax_8T6E_A_0005_chain-A.pdb,0.08628198504447937
relax_5CWM_A_0003_chain-A.pdb,0.9829641580581665
relax_3O4B_A_0004_chain-A.pdb,0.8928185105323792
relax_6D0T_A_0003_chain-A.pdb,0.9078124165534973
relax_8VDZ_E_0003_chain-E.pdb,0.07215126603841782
relax_6VL5_D_0004_chain-D.pdb,0.005302045959979296
relax_6MSP_A_0005_chain-A.pdb,0.9752733707427979
relax_8T6N_A_0003_chain-A.pdb,0.11153824627399445
relax_6TJD_A_0004_chain-A.pdb,0.9658093452453613
relax_8K83_A_0005_chain-A.pdb,0.23700055480003357
relax_3R2X_C_0004_chain-C.pdb,0.808849573135376
relax_5DQA_A_0002_chain-A.pdb,0.10718872398138046
relax_5W9F_A_0002_chain-A.pdb,0.13422659039497375
relax_6EGC_A_0002_chain-A.pdb,0.9792211651802063
relax_6O0C_A_0002_chain-A.pdb,0.03381817042827606
relax_8FWD_0_0006_chain-0.pdb,0.6386570334434509
relax_6VFI_B_0005_chain-B.pdb,0.7291381359100342
relax_1YMZ_A_0001_chain-A.pdb,0.026235150173306465
relax_4HB5_A_0002_chain-A.pdb,0.9693368077278137
relax_8UKM_A_0002_chain-A.pdb,0.14380605518817902
relax_5DRA_A_0004_chain-A.pdb,0.22456587851047516
relax_8E0N_A_0005_chain-A.pdb,0.9634294509887695
relax_4QFV_A_0001_chain-A.pdb,0.12814009189605713
relax_6N4N_C_0006_chain-C.pdb,0.9663315415382385
relax_7YH8_A_0001_chain-A.pdb,0.9906359910964966
relax_8UI2_A_0006_chain-A.pdb,0.1276763528585434
relax_8EOZ_B_0005_chain-B.pdb,0.32371199131011963
relax_7LMX_A_0001_chain-A.pdb,0.9979152679443359
relax_8T5E_A_0003_chain-A.pdb,0.9091644883155823
relax_5IF6_A_0001_chain-A.pdb,0.05807463824748993
relax_6DS9_A_0006_chain-A.pdb,0.9893777370452881
relax_1NA3_A_0004_chain-A.pdb,0.9909350872039795
relax_8UKM_B_0005_chain-B.pdb,0.9099829792976379
relax_2ND2_A_0001_chain-A.pdb,0.2951354384422302
relax_3P6I_A_0006_chain-A.pdb,0.7612158060073853
relax_7SKN_A_0002_chain-A.pdb,0.9925019145011902
relax_8GJG_A_0002_chain-A.pdb,0.6690502166748047
relax_4DB9_A_0004_chain-A.pdb,0.9544475078582764
relax_5MFO_A_0004_chain-A.pdb,0.9627184867858887
relax_7VQW_A_0003_chain-A.pdb,0.22343558073043823
relax_2MR6_A_0001_chain-A.pdb,0.9523383378982544
relax_7RKC_A_0003_chain-A.pdb,0.2586264908313751
relax_2LR2_A_0001_chain-A.pdb,0.2597420811653137
relax_8E0O_C_0005_chain-C.pdb,0.9287539720535278
relax_8FWD_1_0001_chain-1.pdb,0.05706620216369629
relax_3R2X_B_0005_chain-B.pdb,0.04075310751795769
relax_8OYV_A_0006_chain-A.pdb,0.12392741441726685
relax_5CHB_A_0005_chain-A.pdb,0.7841061353683472
relax_7MCC_A_0003_chain-A.pdb,0.9873037338256836
relax_7QSY_B_0001_chain-B.pdb,0.6704668998718262
relax_8FRE_A_0006_chain-A.pdb,0.9873992204666138
relax_4LPT_A_0006_chain-A.pdb,0.5596584677696228
relax_8FIH_A_0005_chain-A.pdb,0.12609679996967316
relax_3WW7_A_0006_chain-A.pdb,0.6360328197479248
relax_5DNS_A_0005_chain-A.pdb,0.0831792876124382
relax_5CWN_A_0006_chain-A.pdb,0.9847318530082703
relax_8CWS_B_0005_chain-B.pdb,0.9587417244911194
relax_7BWW_A_0005_chain-A.pdb,0.9841393828392029
relax_5YXI_A_0005_chain-A.pdb,0.9906671047210693
relax_8A85_A_0005_chain-A.pdb,0.039153341203927994
relax_2JWU_A_0003_chain-A.pdb,0.04645993188023567
relax_6YQY_A_0003_chain-A.pdb,0.9727491736412048
relax_7OSU_A_0003_chain-A.pdb,0.9909176826477051
relax_7Z73_E_0001_chain-E.pdb,0.15965253114700317
relax_8G9J_A_0002_chain-A.pdb,0.990576446056366
relax_7MCD_A_0002_chain-A.pdb,0.9792455434799194
relax_4LPV_A_0006_chain-A.pdb,0.5533419251441956
relax_5JQZ_A_0006_chain-A.pdb,0.5056374073028564
relax_7LMV_A_0006_chain-A.pdb,0.9764676690101624
relax_5MFD_B_0002_chain-B.pdb,0.06026522442698479
relax_8JVP_A_0001_chain-A.pdb,0.19805288314819336
relax_8CUU_A_0005_chain-A.pdb,0.0246810931712389
relax_8GAQ_A_0003_chain-A.pdb,0.19567251205444336
relax_4YDW_A_0001_chain-A.pdb,0.15257394313812256
relax_8JVS_A_0003_chain-A.pdb,0.5756528377532959
relax_7ZK1_C_0005_chain-C.pdb,0.025941152125597
relax_3VB8_A_0005_chain-A.pdb,0.06680695712566376
relax_8CUW_A_0001_chain-A.pdb,0.02593395486474037
relax_8JVR_A_0002_chain-A.pdb,0.11242716014385223
relax_3HE5_B_0001_chain-B.pdb,0.2567732036113739
relax_6DKM_A_0001_chain-A.pdb,0.17005884647369385
relax_5VNV_A_0002_chain-A.pdb,0.03461835905909538
relax_8FG6_B_0004_chain-B.pdb,0.8022400736808777
relax_6MRS_A_0004_chain-A.pdb,0.988996684551239
relax_8VL3_A_0005_chain-A.pdb,0.6827307343482971
relax_2LRH_A_0005_chain-A.pdb,0.9678109884262085
relax_6CZH_A_0005_chain-A.pdb,0.5834519863128662
relax_8QAF_A_0001_chain-A.pdb,0.0657166838645935
relax_5XG5_A_0006_chain-A.pdb,0.20115050673484802
relax_8F54_L_0004_chain-L.pdb,0.943960964679718
relax_1NA0_A_0004_chain-A.pdb,0.9933739900588989
relax_8KC1_A_0002_chain-A.pdb,0.877297580242157
relax_5V2O_A_0005_chain-A.pdb,0.23547132313251495
relax_2AVP_A_0002_chain-A.pdb,0.8994700908660889
relax_5HPN_A_0002_chain-A.pdb,0.12679624557495117
relax_6JCC_A_0002_chain-A.pdb,0.9462676048278809
relax_6YWD_C_0003_chain-C.pdb,0.8381657600402832
relax_8FIN_A_0006_chain-A.pdb,0.987366795539856
relax_3LTB_A_0005_chain-A.pdb,0.0324481837451458
relax_2N35_A_0006_chain-A.pdb,0.5284523963928223
relax_3O4D_A_0003_chain-A.pdb,0.8461928367614746
relax_5KPH_A_0001_chain-A.pdb,0.9880077838897705
relax_8D08_A_0004_chain-A.pdb,0.030217619612812996
relax_7UDJ_H_0005_chain-H.pdb,0.9814489483833313
relax_8KC8_A_0006_chain-A.pdb,0.837702751159668
relax_8UAO_A_0001_chain-A.pdb,0.07900604605674744
relax_2JWS_A_0001_chain-A.pdb,0.020233027637004852
relax_4O60_A_0006_chain-A.pdb,0.1326397806406021
relax_8JVN_A_0003_chain-A.pdb,0.17272183299064636
relax_4PWW_A_0005_chain-A.pdb,0.9961767196655273
relax_3LHP_S_0004_chain-S.pdb,0.11505227535963058
relax_2LXO_A_0002_chain-A.pdb,0.02629171498119831
relax_8VC8_A_0002_chain-A.pdb,0.12199828773736954
relax_8E0O_A_0001_chain-A.pdb,0.9697012901306152
relax_7M0Q_A_0006_chain-A.pdb,0.9989331960678101
relax_8E1E_A_0004_chain-A.pdb,0.5370681285858154
relax_8GAA_A_0003_chain-A.pdb,0.5660165548324585
relax_3Q7Y_A_0002_chain-A.pdb,0.9327519536018372
relax_5CWO_A_0005_chain-A.pdb,0.9904640316963196
relax_4M6A_A_0003_chain-A.pdb,0.976210355758667
relax_2LTA_A_0002_chain-A.pdb,0.9903762936592102
relax_4GPM_A_0003_chain-A.pdb,0.9683739542961121
relax_8TN1_A_0002_chain-A.pdb,0.9491735100746155
relax_6WMK_B_0005_chain-B.pdb,0.9933269619941711
relax_6DMA_A_0006_chain-A.pdb,0.09136644750833511
relax_7Z7C_A_0006_chain-A.pdb,0.21520400047302246
relax_4HB1_A_0005_chain-A.pdb,0.19742906093597412
relax_7MWR_A_0001_chain-A.pdb,0.34726282954216003
relax_6YWC_C_0001_chain-C.pdb,0.7171996235847473
relax_8DT0_A_0004_chain-A.pdb,0.3048049211502075
relax_6CZG_A_0004_chain-A.pdb,0.3093682825565338
relax_4U3H_A_0006_chain-A.pdb,0.8016026020050049
relax_8T6N_E_0004_chain-E.pdb,0.07616021484136581
relax_6E5C_A_0001_chain-A.pdb,0.09726748615503311
relax_2LZE_A_0005_chain-A.pdb,0.008890675380825996
relax_8KAC_A_0006_chain-A.pdb,0.778450608253479
relax_8CWY_B_0005_chain-B.pdb,0.7562792301177979
relax_8T6C_E_0004_chain-E.pdb,0.13834905624389648
relax_3LHP_L_0002_chain-L.pdb,0.07611022889614105
relax_3OL0_A_0003_chain-A.pdb,0.5330891013145447
relax_6WXP_A_0005_chain-A.pdb,0.846697211265564
relax_7Z72_B_0005_chain-B.pdb,0.1569000631570816
relax_7JH6_A_0006_chain-A.pdb,0.3194306194782257
relax_8HDU_A_0002_chain-A.pdb,0.24657195806503296
relax_7ZSS_D_0003_chain-D.pdb,0.9040974974632263
relax_7ZK1_B_0001_chain-B.pdb,0.016475915908813477
relax_2FO7_A_0001_chain-A.pdb,0.9834352731704712
relax_4QKS_A_0002_chain-A.pdb,0.9411066174507141
relax_6XXV_B_0001_chain-B.pdb,0.08735421299934387
relax_8GJI_A_0002_chain-A.pdb,0.5244483947753906
relax_5BVL_A_0004_chain-A.pdb,0.988303005695343
relax_5CWB_A_0006_chain-A.pdb,0.9918873310089111
relax_8E0M_A_0005_chain-A.pdb,0.862415611743927
relax_7K3H_A_0006_chain-A.pdb,0.9970189929008484
relax_6TJB_A_0005_chain-A.pdb,0.17031800746917725
relax_6VFI_A_0004_chain-A.pdb,0.9317259788513184
relax_8UF0_B_0003_chain-B.pdb,0.13029062747955322
relax_8OYX_A_0002_chain-A.pdb,0.07092195749282837
relax_2MRA_A_0001_chain-A.pdb,0.9581144452095032
relax_2N8W_A_0003_chain-A.pdb,0.6394835710525513
relax_4LPW_A_0001_chain-A.pdb,0.8285982608795166
relax_5TPH_A_0002_chain-A.pdb,0.9339547157287598
relax_8SZZ_0_0004_chain-0.pdb,0.5427893400192261
relax_5MFJ_A_0005_chain-A.pdb,0.9425723552703857
relax_8ADX_A_0005_chain-A.pdb,0.03409067541360855
relax_7FAO_A_0001_chain-A.pdb,0.997246503829956
relax_7SQ4_A_0001_chain-A.pdb,0.10362222045660019
relax_5KNH_D_0006_chain-D.pdb,0.1978750377893448
relax_2N8I_A_0005_chain-A.pdb,0.10972481966018677
relax_5MFK_A_0004_chain-A.pdb,0.9561905264854431
relax_7UPP_C_0005_chain-C.pdb,0.028806816786527634
relax_8FBN_A_0001_chain-A.pdb,0.2750622630119324
relax_7B4T_A_0006_chain-A.pdb,0.14631514251232147
relax_6YQX_A_0005_chain-A.pdb,0.974695086479187
relax_7MWR_B_0004_chain-B.pdb,0.9078999757766724
relax_8K8I_A_0006_chain-A.pdb,0.1086016595363617
relax_4GVW_A_0002_chain-A.pdb,0.014771862886846066
relax_2LHE_A_0004_chain-A.pdb,0.021127842366695404
relax_8SJG_A_0001_chain-A.pdb,0.8032282590866089
relax_6DLC_A_0002_chain-A.pdb,0.32258570194244385
relax_8UB3_A_0001_chain-A.pdb,0.05874131992459297
relax_4LPY_A_0002_chain-A.pdb,0.5118289589881897
relax_3P6J_A_0001_chain-A.pdb,0.967165470123291
relax_4QKR_A_0004_chain-A.pdb,0.9050441384315491
relax_7XYQ_B_0003_chain-B.pdb,0.17841817438602448
relax_2MI7_A_0001_chain-A.pdb,0.9819545745849609
relax_4YXY_A_0002_chain-A.pdb,0.8158463835716248
relax_2KDM_A_0004_chain-A.pdb,0.025249259546399117
relax_5JG9_A_0004_chain-A.pdb,0.14536570012569427
relax_7Q3J_A_0004_chain-A.pdb,0.9457406997680664
relax_5IER_A_0003_chain-A.pdb,0.06985162943601608
relax_4JW2_B_0001_chain-B.pdb,0.2270861715078354
relax_2MQ8_A_0001_chain-A.pdb,0.9859539270401001
relax_8JVT_A_0003_chain-A.pdb,0.8130984306335449
relax_8UI2_B_0006_chain-B.pdb,0.35279250144958496
relax_2GJH_A_0001_chain-A.pdb,0.981167197227478
relax_6W40_A_0005_chain-A.pdb,0.44331055879592896
relax_6NUK_A_0004_chain-A.pdb,0.9958237409591675
relax_8PR9_A_0002_chain-A.pdb,0.8555837869644165
relax_4KYB_A_0005_chain-A.pdb,0.02929438278079033
relax_5J0J_A_0001_chain-A.pdb,0.02596273645758629
relax_7DKK_A_0004_chain-A.pdb,0.9657363295555115
relax_8DN7_B_0004_chain-B.pdb,0.08798159658908844
relax_6CZI_A_0006_chain-A.pdb,0.263816237449646
relax_7VQV_A_0004_chain-A.pdb,0.18875060975551605
relax_6DKM_B_0004_chain-B.pdb,0.07591675221920013
relax_8D04_B_0006_chain-B.pdb,0.805579662322998
relax_4L8I_A_0006_chain-A.pdb,0.560440719127655
relax_7UPO_A_0003_chain-A.pdb,0.038558024913072586
relax_6W6X_A_0005_chain-A.pdb,0.954869270324707
relax_8HKH_C_0002_chain-C.pdb,0.12479575723409653
relax_8K8F_A_0002_chain-A.pdb,0.10059068351984024
relax_7B4W_A_0004_chain-A.pdb,0.1590719223022461
relax_2LHC_A_0005_chain-A.pdb,0.025191130116581917
relax_5IZS_A_0006_chain-A.pdb,0.11710210889577866
relax_3O4C_A_0003_chain-A.pdb,0.8535351157188416
relax_6VL6_A_0005_chain-A.pdb,0.8163877725601196
relax_8CUU_B_0004_chain-B.pdb,0.02373986318707466
relax_2MBL_A_0006_chain-A.pdb,0.9780633449554443
relax_2LVB_A_0003_chain-A.pdb,0.9892823100090027
relax_6YWD_B_0005_chain-B.pdb,0.10659217089414597
relax_6S3D_M_0001_chain-M.pdb,0.9577218294143677
relax_8D07_D_0004_chain-D.pdb,0.2986891567707062
relax_4YY5_A_0005_chain-A.pdb,0.9790770411491394
relax_3HE4_A_0002_chain-A.pdb,0.12537448108196259
relax_4N9G_B_0005_chain-B.pdb,0.10558575391769409
relax_4RJV_A_0001_chain-A.pdb,0.9954773783683777
relax_3HE5_A_0001_chain-A.pdb,0.24156363308429718
relax_2WQH_A_0005_chain-A.pdb,0.992315411567688
relax_8E0O_B_0002_chain-B.pdb,0.8224490880966187
relax_8FAR_A_0002_chain-A.pdb,0.06659828871488571
relax_8KDQ_A_0004_chain-A.pdb,0.1795114427804947
relax_5J73_A_0005_chain-A.pdb,0.39151471853256226
relax_6VL6_B_0005_chain-B.pdb,0.1852465271949768
relax_8J1X_A_0001_chain-A.pdb,0.10018324106931686
relax_6G6Q_A_0004_chain-A.pdb,0.49718326330184937
relax_6VFL_B_0006_chain-B.pdb,0.005787205882370472
relax_5DI5_A_0005_chain-A.pdb,0.13346096873283386
relax_6NYI_A_0003_chain-A.pdb,0.05489121004939079
relax_6NYE_A_0004_chain-A.pdb,0.015534792095422745
relax_8VEI_A_0005_chain-A.pdb,0.6926578879356384
relax_5J2L_B_0005_chain-B.pdb,0.22590461373329163
relax_4R58_A_0002_chain-A.pdb,0.9297568202018738
relax_3WWB_A_0003_chain-A.pdb,0.8607836365699768
relax_8FJE_A_0006_chain-A.pdb,0.9311161637306213
relax_2LN3_A_0005_chain-A.pdb,0.9871503710746765
relax_7UPQ_A_0002_chain-A.pdb,0.32866647839546204
relax_3LT8_A_0005_chain-A.pdb,0.031867507845163345
relax_2JST_A_0003_chain-A.pdb,0.98204505443573
relax_6B85_J_0001_chain-J.pdb,0.019302798435091972
relax_8K7M_C_0005_chain-C.pdb,0.34383782744407654
relax_6VFJ_A_0001_chain-A.pdb,0.06785175949335098
relax_5CWL_A_0004_chain-A.pdb,0.9907811284065247
relax_7SKP_A_0006_chain-A.pdb,0.5024985074996948
relax_6MRR_A_0003_chain-A.pdb,0.9963318705558777
relax_6MSQ_A_0004_chain-A.pdb,0.19950753450393677
relax_6VFH_A_0006_chain-A.pdb,0.8193646669387817
relax_7DNF_A_0001_chain-A.pdb,0.1482567936182022
relax_6XXV_C_0006_chain-C.pdb,0.20791247487068176
relax_8T6E_B_0005_chain-B.pdb,0.10322621464729309
relax_6NZ3_A_0004_chain-A.pdb,0.009072091430425644
relax_2JVF_A_0006_chain-A.pdb,0.9959998726844788
relax_3LTM_A_0001_chain-A.pdb,0.21700069308280945
relax_5VLI_C_0004_chain-C.pdb,0.008447492495179176
relax_6XR2_A_0003_chain-A.pdb,0.9909823536872864
relax_4YXX_A_0004_chain-A.pdb,0.9979096055030823
relax_5OOU_A_0001_chain-A.pdb,0.20329685509204865
relax_6DMP_A_0005_chain-A.pdb,0.27384769916534424
relax_8FIQ_A_0002_chain-A.pdb,0.9812789559364319
relax_8JVQ_A_0003_chain-A.pdb,0.1270362138748169
relax_8TNM_A_0001_chain-A.pdb,0.3908442258834839
relax_4J7W_A_0004_chain-A.pdb,0.17343376576900482
relax_7UJJ_B_0001_chain-B.pdb,0.8674691915512085
relax_4R80_A_0004_chain-A.pdb,0.9907751679420471
relax_4ZV6_B_0004_chain-B.pdb,0.9763946533203125
