PDB_ID,scores
relax_7LMX_A_0001_chain-A.pdb,0.998
relax_7M0Q_A_0006_chain-A.pdb,0.998
relax_7FAO_A_0001_chain-A.pdb,0.997
relax_6MRR_A_0003_chain-A.pdb,0.997
relax_2N3Z_A_0004_chain-A.pdb,0.996
relax_4PWW_A_0005_chain-A.pdb,0.996
relax_2KL8_A_0004_chain-A.pdb,0.996
relax_6WMK_A_0005_chain-A.pdb,0.996
relax_4RJV_A_0001_chain-A.pdb,0.995
relax_2JVF_A_0006_chain-A.pdb,0.995
relax_7SKN_A_0002_chain-A.pdb,0.995
relax_6WMK_B_0005_chain-B.pdb,0.995
relax_6C2U_A_0006_chain-A.pdb,0.993
relax_7K3H_A_0006_chain-A.pdb,0.993
relax_4R80_A_0004_chain-A.pdb,0.993
relax_5YXI_A_0005_chain-A.pdb,0.992
relax_6NUK_A_0004_chain-A.pdb,0.991
relax_6MRS_A_0004_chain-A.pdb,0.991
relax_7YH8_A_0001_chain-A.pdb,0.991
relax_7N3T_C_0006_chain-C.pdb,0.989
relax_2GJH_A_0001_chain-A.pdb,0.988
relax_2KPO_A_0003_chain-A.pdb,0.988
relax_6WI5_A_0003_chain-A.pdb,0.987
relax_2LN3_A_0005_chain-A.pdb,0.986
relax_5TS4_A_0003_chain-A.pdb,0.985
relax_1NA3_A_0004_chain-A.pdb,0.985
relax_7LMV_A_0006_chain-A.pdb,0.984
relax_2MQ8_A_0001_chain-A.pdb,0.984
relax_7UDK_A_0004_chain-A.pdb,0.983
relax_5L33_A_0006_chain-A.pdb,0.983
relax_2LTA_A_0002_chain-A.pdb,0.982
relax_6DS9_A_0006_chain-A.pdb,0.981
relax_5KPH_A_0001_chain-A.pdb,0.981
relax_5CWB_A_0006_chain-A.pdb,0.981
relax_2LSE_A_0005_chain-A.pdb,0.979
relax_2LVB_A_0003_chain-A.pdb,0.979
relax_5CWD_A_0005_chain-A.pdb,0.978
relax_1LQ7_A_0003_chain-A.pdb,0.978
relax_2MI7_A_0001_chain-A.pdb,0.978
relax_2LND_A_0003_chain-A.pdb,0.976
relax_6R5Z_A_0003_chain-A.pdb,0.976
relax_5CWJ_A_0004_chain-A.pdb,0.976
relax_7DKK_A_0004_chain-A.pdb,0.976
relax_2L69_A_0001_chain-A.pdb,0.975
relax_2LR0_A_0006_chain-A.pdb,0.974
relax_2WQH_A_0005_chain-A.pdb,0.974
relax_5CWL_A_0004_chain-A.pdb,0.974
relax_8FIN_A_0006_chain-A.pdb,0.973
relax_1NA0_A_0004_chain-A.pdb,0.973
relax_2JST_A_0003_chain-A.pdb,0.972
relax_5OD9_A_0005_chain-A.pdb,0.971
relax_7BWW_A_0005_chain-A.pdb,0.971
relax_7OSU_A_0003_chain-A.pdb,0.97
relax_7OSV_A_0002_chain-A.pdb,0.969
relax_5TRV_A_0004_chain-A.pdb,0.969
relax_8G9J_A_0002_chain-A.pdb,0.969
relax_8PRE_A_0005_chain-A.pdb,0.968
relax_6XR2_A_0003_chain-A.pdb,0.967
relax_4YY5_A_0005_chain-A.pdb,0.967
relax_2MR5_A_0005_chain-A.pdb,0.967
relax_4YY2_A_0002_chain-A.pdb,0.965
relax_5CWO_A_0005_chain-A.pdb,0.965
relax_5BVL_A_0004_chain-A.pdb,0.965
relax_2LCI_A_0005_chain-A.pdb,0.964
relax_5CWI_A_0004_chain-A.pdb,0.963
relax_7Q3J_A_0004_chain-A.pdb,0.963
relax_8FIQ_A_0002_chain-A.pdb,0.962
relax_8CWS_B_0005_chain-B.pdb,0.961
relax_8G9K_A_0005_chain-A.pdb,0.961
relax_2CW1_A_0004_chain-A.pdb,0.959
relax_2LRH_A_0005_chain-A.pdb,0.959
relax_8JVT_A_0003_chain-A.pdb,0.958
relax_8FRE_A_0006_chain-A.pdb,0.955
relax_8JVU_A_0005_chain-A.pdb,0.954
relax_5CWF_A_0005_chain-A.pdb,0.954
relax_5KPE_A_0005_chain-A.pdb,0.953
relax_6YQY_A_0003_chain-A.pdb,0.952
relax_4YXX_A_0004_chain-A.pdb,0.951
relax_8F4X_0_0006_chain-0.pdb,0.951
relax_2MBL_A_0006_chain-A.pdb,0.95
relax_7UJJ_B_0001_chain-B.pdb,0.95
relax_7UDJ_H_0005_chain-H.pdb,0.949
relax_7P12_A_0006_chain-A.pdb,0.948
relax_6MSP_A_0005_chain-A.pdb,0.947
relax_6JCC_A_0002_chain-A.pdb,0.947
relax_5CWP_A_0002_chain-A.pdb,0.945
relax_8JVV_A_0006_chain-A.pdb,0.944
relax_5CWN_A_0006_chain-A.pdb,0.944
relax_7MCC_A_0003_chain-A.pdb,0.943
relax_6S3D_M_0001_chain-M.pdb,0.943
relax_8CH0_A_0001_chain-A.pdb,0.943
relax_6X8N_A_0005_chain-A.pdb,0.942
relax_5CWC_A_0004_chain-A.pdb,0.941
relax_2FO7_A_0001_chain-A.pdb,0.941
relax_6W6X_A_0005_chain-A.pdb,0.941
relax_4M6A_A_0003_chain-A.pdb,0.94
relax_8E0O_A_0001_chain-A.pdb,0.94
relax_6EGC_A_0002_chain-A.pdb,0.939
relax_5CWH_A_0004_chain-A.pdb,0.939
relax_3P6J_A_0001_chain-A.pdb,0.939
relax_5OD1_A_0004_chain-A.pdb,0.939
relax_2N41_A_0002_chain-A.pdb,0.939
relax_5CWG_A_0002_chain-A.pdb,0.939
relax_8JVS_A_0003_chain-A.pdb,0.938
relax_5CWM_A_0003_chain-A.pdb,0.937
relax_6YQX_A_0005_chain-A.pdb,0.935
relax_4QKS_A_0002_chain-A.pdb,0.935
relax_2JUA_A_0004_chain-A.pdb,0.934
relax_8PRA_A_0006_chain-A.pdb,0.932
relax_8F54_L_0004_chain-L.pdb,0.932
relax_4QKR_A_0004_chain-A.pdb,0.931
relax_6TJE_A_0002_chain-A.pdb,0.93
relax_5GAJ_A_0006_chain-A.pdb,0.93
relax_6TJC_A_0002_chain-A.pdb,0.929
relax_4ZV6_B_0004_chain-B.pdb,0.929
relax_2MR6_A_0001_chain-A.pdb,0.928
relax_5VBT_A_0001_chain-A.pdb,0.928
relax_8E0L_A_0003_chain-A.pdb,0.927
relax_8FRF_A_0006_chain-A.pdb,0.927
relax_7MCD_A_0002_chain-A.pdb,0.926
relax_4GPM_A_0003_chain-A.pdb,0.925
relax_8DZ8_A_0005_chain-A.pdb,0.924
relax_4HB5_A_0002_chain-A.pdb,0.924
relax_3O49_A_0001_chain-A.pdb,0.924
relax_3Q7Y_A_0002_chain-A.pdb,0.923
relax_3O4B_A_0004_chain-A.pdb,0.923
relax_5TPH_A_0002_chain-A.pdb,0.923
relax_8TN1_A_0002_chain-A.pdb,0.922
relax_2AVP_A_0002_chain-A.pdb,0.919
relax_6VFI_A_0004_chain-A.pdb,0.919
relax_5CWK_A_0003_chain-A.pdb,0.919
relax_8F6R_A_0002_chain-A.pdb,0.914
relax_6TJD_A_0004_chain-A.pdb,0.914
relax_5TPJ_A_0004_chain-A.pdb,0.913
relax_5MFO_A_0004_chain-A.pdb,0.911
relax_6N4N_C_0006_chain-C.pdb,0.911
relax_3O4A_A_0001_chain-A.pdb,0.911
relax_8E0N_A_0005_chain-A.pdb,0.911
relax_6Z2I_A_0001_chain-A.pdb,0.911
relax_2MRA_A_0001_chain-A.pdb,0.91
relax_2L82_A_0006_chain-A.pdb,0.909
relax_4DB6_A_0004_chain-A.pdb,0.907
relax_8UKM_B_0005_chain-B.pdb,0.907
relax_3O4D_A_0003_chain-A.pdb,0.906
relax_4GMR_A_0006_chain-A.pdb,0.904
relax_3WWB_A_0003_chain-A.pdb,0.904
relax_3Q7W_A_0001_chain-A.pdb,0.9
relax_7MWR_B_0004_chain-B.pdb,0.899
relax_7ZSS_D_0003_chain-D.pdb,0.898
relax_5MFK_A_0004_chain-A.pdb,0.898
relax_4DB9_A_0004_chain-A.pdb,0.897
relax_3O4C_A_0003_chain-A.pdb,0.895
relax_3OGF_A_0002_chain-A.pdb,0.893
relax_5CWQ_A_0006_chain-A.pdb,0.893
relax_1Y47_A_0004_chain-A.pdb,0.891
relax_5MFB_A_0005_chain-A.pdb,0.891
relax_5CHB_A_0005_chain-A.pdb,0.889
relax_8F6Q_A_0002_chain-A.pdb,0.888
relax_8PR9_A_0002_chain-A.pdb,0.886
relax_8KC1_A_0002_chain-A.pdb,0.886
relax_4D8H_A_0001_chain-A.pdb,0.886
relax_3WW8_A_0006_chain-A.pdb,0.884
relax_6TJF_A_0005_chain-A.pdb,0.881
relax_5MFJ_A_0005_chain-A.pdb,0.878
relax_8FJE_A_0006_chain-A.pdb,0.878
relax_4R58_A_0002_chain-A.pdb,0.876
relax_8D04_B_0006_chain-B.pdb,0.872
relax_4U3H_A_0006_chain-A.pdb,0.872
relax_4HQD_A_0006_chain-A.pdb,0.872
relax_8KC8_A_0006_chain-A.pdb,0.868
relax_1G6U_A_0006_chain-A.pdb,0.868
relax_8JVZ_A_0003_chain-A.pdb,0.868
relax_8E0O_C_0005_chain-C.pdb,0.863
relax_7DNS_A_0005_chain-A.pdb,0.862
relax_8PRL_A_0001_chain-A.pdb,0.861
relax_6YWC_C_0001_chain-C.pdb,0.859
relax_3R2X_C_0004_chain-C.pdb,0.856
relax_7SKP_A_0006_chain-A.pdb,0.854
relax_5U35_A_0004_chain-A.pdb,0.853
relax_6D0T_A_0003_chain-A.pdb,0.85
relax_7T2Y_A_0005_chain-A.pdb,0.847
relax_4ZCN_A_0003_chain-A.pdb,0.842
relax_3P6I_A_0006_chain-A.pdb,0.842
relax_5E6G_A_0003_chain-A.pdb,0.839
relax_5I1Y_A_0003_chain-A.pdb,0.821
relax_6V8E_A_0006_chain-A.pdb,0.82
relax_6YWD_C_0003_chain-C.pdb,0.818
relax_3WW7_A_0006_chain-A.pdb,0.808
relax_6ZV9_A_0002_chain-A.pdb,0.803
relax_8SJG_A_0001_chain-A.pdb,0.8
relax_8T5E_A_0003_chain-A.pdb,0.799
relax_3OL0_A_0003_chain-A.pdb,0.795
relax_4OW4_A_0001_chain-A.pdb,0.793
relax_6WXO_A_0006_chain-A.pdb,0.79
relax_2RU4_B_0005_chain-B.pdb,0.788
relax_4LPW_A_0001_chain-A.pdb,0.787
relax_6WXP_A_0005_chain-A.pdb,0.777
relax_3HE4_B_0003_chain-B.pdb,0.775
relax_8FG6_B_0004_chain-B.pdb,0.773
relax_6VFJ_B_0004_chain-B.pdb,0.773
relax_4YXY_A_0002_chain-A.pdb,0.77
relax_8E0M_A_0005_chain-A.pdb,0.767
relax_8CYK_B_0001_chain-B.pdb,0.757
relax_8E0O_B_0002_chain-B.pdb,0.753
relax_8KAC_A_0006_chain-A.pdb,0.749
relax_6VL6_A_0005_chain-A.pdb,0.729
relax_6VFH_A_0006_chain-A.pdb,0.722
relax_8JVY_A_0001_chain-A.pdb,0.709
relax_8SJH_A_0002_chain-A.pdb,0.708
relax_6Z35_A_0003_chain-A.pdb,0.705
relax_2QYJ_A_0004_chain-A.pdb,0.704
relax_7QSY_B_0001_chain-B.pdb,0.701
relax_8VEI_A_0005_chain-A.pdb,0.695
relax_4LPX_A_0006_chain-A.pdb,0.692
relax_7DKO_A_0006_chain-A.pdb,0.684
relax_8GJG_A_0002_chain-A.pdb,0.679
relax_8EOX_D_0004_chain-D.pdb,0.678
relax_8K7M_C_0005_chain-C.pdb,0.676
relax_5HRZ_A_0006_chain-A.pdb,0.669
relax_1N0Q_A_0005_chain-A.pdb,0.667
relax_2N35_A_0006_chain-A.pdb,0.662
relax_8KC0_A_0003_chain-A.pdb,0.661
relax_8VL3_A_0005_chain-A.pdb,0.658
relax_4LPU_A_0003_chain-A.pdb,0.652
relax_8GJI_A_0002_chain-A.pdb,0.651
relax_8KC5_A_0001_chain-A.pdb,0.649
relax_4LPT_A_0006_chain-A.pdb,0.639
relax_8FWD_0_0006_chain-0.pdb,0.637
relax_4DBA_A_0006_chain-A.pdb,0.635
relax_6CZJ_A_0006_chain-A.pdb,0.634
relax_4LPV_A_0006_chain-A.pdb,0.627
relax_6WRX_C_0002_chain-C.pdb,0.621
relax_7JH6_A_0006_chain-A.pdb,0.615
relax_8CWY_B_0005_chain-B.pdb,0.613
relax_6VFI_B_0005_chain-B.pdb,0.613
relax_7MWQ_A_0002_chain-A.pdb,0.607
relax_2N8W_A_0003_chain-A.pdb,0.604
relax_5KBA_A_0002_chain-A.pdb,0.604
relax_6DLM_A_0002_chain-A.pdb,0.601
relax_8GA9_A_0005_chain-A.pdb,0.594
relax_7UNJ_A_0005_chain-A.pdb,0.589
relax_4LPY_A_0002_chain-A.pdb,0.584
relax_8GAA_A_0003_chain-A.pdb,0.583
relax_8KC4_A_0003_chain-A.pdb,0.57
relax_7MWQ_B_0003_chain-B.pdb,0.552
relax_7UNH_A_0001_chain-A.pdb,0.55
relax_5JQZ_A_0006_chain-A.pdb,0.545
relax_7UNI_A_0001_chain-A.pdb,0.534
relax_8E1E_A_0004_chain-A.pdb,0.529
relax_8K7O_A_0006_chain-A.pdb,0.525
relax_8KDQ_A_0004_chain-A.pdb,0.525
relax_6CZH_A_0005_chain-A.pdb,0.522
relax_8VL4_A_0006_chain-A.pdb,0.521
relax_3QHT_C_0003_chain-C.pdb,0.516
relax_8K84_A_0002_chain-A.pdb,0.516
relax_2RU4_A_0004_chain-A.pdb,0.515
relax_7QSW_B_0005_chain-B.pdb,0.504
relax_7S5B_A_0001_chain-A.pdb,0.496
relax_7MWR_A_0001_chain-A.pdb,0.493
relax_7UPQ_A_0002_chain-A.pdb,0.48
relax_5J10_A_0001_chain-A.pdb,0.476
relax_5J2L_B_0005_chain-B.pdb,0.465
relax_8EOZ_B_0005_chain-B.pdb,0.463
relax_8SZZ_0_0004_chain-0.pdb,0.461
relax_3HE5_B_0001_chain-B.pdb,0.433
relax_5DRA_A_0004_chain-A.pdb,0.433
relax_5J0K_A_0002_chain-A.pdb,0.431
relax_5VJS_A_0004_chain-A.pdb,0.43
relax_8FBN_A_0001_chain-A.pdb,0.427
relax_8KA6_A_0002_chain-A.pdb,0.427
relax_6W40_A_0005_chain-A.pdb,0.421
relax_7RKC_A_0003_chain-A.pdb,0.417
relax_4L8I_A_0006_chain-A.pdb,0.415
relax_6TMS_G_0004_chain-G.pdb,0.414
relax_7JZL_E_0002_chain-E.pdb,0.411
relax_3HE5_A_0001_chain-A.pdb,0.411
relax_5VJU_A_0005_chain-A.pdb,0.404
relax_5HRY_A_0001_chain-A.pdb,0.402
relax_6TMS_A_0005_chain-A.pdb,0.4
relax_8TNM_A_0001_chain-A.pdb,0.4
relax_8U5A_A_0003_chain-A.pdb,0.396
relax_7Q3K_A_0004_chain-A.pdb,0.396
relax_8K83_A_0005_chain-A.pdb,0.394
relax_8UI2_B_0006_chain-B.pdb,0.391
relax_8T6C_A_0005_chain-A.pdb,0.384
relax_8FAR_B_0002_chain-B.pdb,0.37
relax_8CWZ_B_0001_chain-B.pdb,0.367
relax_8D07_D_0004_chain-D.pdb,0.366
relax_6TJ1_A_0004_chain-A.pdb,0.358
relax_8DT0_A_0004_chain-A.pdb,0.358
relax_6G6Q_A_0004_chain-A.pdb,0.351
relax_6DLC_A_0002_chain-A.pdb,0.348
relax_8CUS_B_0003_chain-B.pdb,0.347
relax_5JG9_A_0004_chain-A.pdb,0.341
relax_6CZG_A_0004_chain-A.pdb,0.337
relax_8EK4_A_0001_chain-A.pdb,0.336
relax_4HB1_A_0005_chain-A.pdb,0.331
relax_5HS0_A_0001_chain-A.pdb,0.331
relax_8AO1_A_0005_chain-A.pdb,0.328
relax_6OHH_A_0001_chain-A.pdb,0.322
relax_8D09_A_0004_chain-A.pdb,0.318
relax_8UAO_A_0001_chain-A.pdb,0.314
relax_6CZI_A_0006_chain-A.pdb,0.31
relax_8EVM_A_0005_chain-A.pdb,0.309
relax_8OYY_A_0006_chain-A.pdb,0.308
relax_5J73_A_0005_chain-A.pdb,0.304
relax_4JW2_B_0001_chain-B.pdb,0.303
relax_8UKM_A_0002_chain-A.pdb,0.301
relax_8FIH_A_0005_chain-A.pdb,0.3
relax_8FVT_A_0001_chain-A.pdb,0.3
relax_2LR2_A_0001_chain-A.pdb,0.294
relax_5W9F_A_0002_chain-A.pdb,0.288
relax_8GAQ_A_0003_chain-A.pdb,0.288
relax_5J7D_A_0002_chain-A.pdb,0.285
relax_3LTM_A_0001_chain-A.pdb,0.279
relax_8JVN_A_0003_chain-A.pdb,0.279
relax_6DMA_A_0006_chain-A.pdb,0.272
relax_5CW9_A_0001_chain-A.pdb,0.264
relax_5C39_A_0006_chain-A.pdb,0.264
relax_5OOU_A_0001_chain-A.pdb,0.263
relax_8JVP_A_0001_chain-A.pdb,0.26
relax_2ND2_A_0001_chain-A.pdb,0.258
relax_5J0L_A_0004_chain-A.pdb,0.255
relax_8OYX_A_0002_chain-A.pdb,0.252
relax_4OYD_B_0002_chain-B.pdb,0.25
relax_7Z7C_A_0006_chain-A.pdb,0.249
relax_6XXV_C_0006_chain-C.pdb,0.249
relax_6TJB_A_0005_chain-A.pdb,0.246
relax_7Z71_B_0004_chain-B.pdb,0.245
relax_8PJQ_A_0003_chain-A.pdb,0.242
relax_8QAF_A_0001_chain-A.pdb,0.242
relax_6FPA_A_0001_chain-A.pdb,0.24
relax_7Z7E_B_0004_chain-B.pdb,0.239
relax_6DMP_A_0005_chain-A.pdb,0.237
relax_8AED_A_0004_chain-A.pdb,0.237
relax_5KNH_D_0006_chain-D.pdb,0.235
relax_5OOS_A_0004_chain-A.pdb,0.231
relax_8EJA_B_0006_chain-B.pdb,0.229
relax_4J8Y_A_0003_chain-A.pdb,0.228
relax_7VQW_A_0003_chain-A.pdb,0.228
relax_5V2O_A_0005_chain-A.pdb,0.228
relax_6DLM_B_0001_chain-B.pdb,0.226
relax_5OP3_A_0002_chain-A.pdb,0.221
relax_5XG5_A_0006_chain-A.pdb,0.22
relax_8OYV_A_0006_chain-A.pdb,0.219
relax_7VQV_A_0004_chain-A.pdb,0.219
relax_6DMP_B_0005_chain-B.pdb,0.216
relax_8UF0_B_0003_chain-B.pdb,0.214
relax_8JVO_A_0006_chain-A.pdb,0.213
relax_6DKM_A_0001_chain-A.pdb,0.213
relax_4J7W_A_0004_chain-A.pdb,0.213
relax_8UI2_A_0006_chain-A.pdb,0.212
relax_6FP9_B_0002_chain-B.pdb,0.211
relax_6VL6_B_0005_chain-B.pdb,0.21
relax_4O60_A_0006_chain-A.pdb,0.205
relax_8A51_B_0001_chain-B.pdb,0.204
relax_4ATZ_D_0001_chain-D.pdb,0.202
relax_8KCJ_A_0006_chain-A.pdb,0.2
relax_8K8F_A_0002_chain-A.pdb,0.196
relax_3LHP_S_0004_chain-S.pdb,0.194
relax_5DQA_A_0002_chain-A.pdb,0.194
relax_8K8I_A_0006_chain-A.pdb,0.193
relax_6E5C_A_0001_chain-A.pdb,0.193
relax_6DMA_B_0005_chain-B.pdb,0.192
relax_4QFV_A_0001_chain-A.pdb,0.192
relax_7B4W_A_0004_chain-A.pdb,0.189
relax_8T6C_E_0004_chain-E.pdb,0.187
relax_8D06_A_0001_chain-A.pdb,0.186
relax_6YWD_B_0005_chain-B.pdb,0.186
relax_5J0I_A_0003_chain-A.pdb,0.183
relax_7Z72_B_0005_chain-B.pdb,0.181
relax_4N9G_B_0005_chain-B.pdb,0.179
relax_7DNF_A_0001_chain-A.pdb,0.177
relax_4YDW_A_0001_chain-A.pdb,0.176
relax_7B4T_A_0006_chain-A.pdb,0.173
relax_6MSQ_A_0004_chain-A.pdb,0.171
relax_6V67_A_0004_chain-A.pdb,0.167
relax_4JLR_L_0001_chain-L.pdb,0.167
relax_8DN6_D_0003_chain-D.pdb,0.167
relax_7ZYU_B_0003_chain-B.pdb,0.167
relax_6WRV_D_0002_chain-D.pdb,0.165
relax_3HE4_A_0002_chain-A.pdb,0.161
relax_5HPN_A_0002_chain-A.pdb,0.16
relax_8JVQ_A_0003_chain-A.pdb,0.16
relax_8KA7_A_0002_chain-A.pdb,0.157
relax_8JVX_A_0002_chain-A.pdb,0.157
relax_5IZS_A_0006_chain-A.pdb,0.153
relax_3LHP_L_0002_chain-L.pdb,0.153
relax_8BL5_A_0003_chain-A.pdb,0.151
relax_8DN7_B_0004_chain-B.pdb,0.15
relax_3TDM_A_0002_chain-A.pdb,0.145
relax_6XXV_B_0001_chain-B.pdb,0.144
relax_6B87_A_0006_chain-A.pdb,0.143
relax_8BL9_A_0005_chain-A.pdb,0.143
relax_7Z73_E_0001_chain-E.pdb,0.139
relax_4JW3_C_0003_chain-C.pdb,0.138
relax_6NAF_A_0006_chain-A.pdb,0.137
relax_5DI5_A_0005_chain-A.pdb,0.137
relax_8JVR_A_0002_chain-A.pdb,0.136
relax_8T6N_E_0004_chain-E.pdb,0.135
relax_6DKM_B_0004_chain-B.pdb,0.134
relax_8DN6_C_0005_chain-C.pdb,0.133
relax_6S3D_B_0002_chain-B.pdb,0.132
relax_2JRE_A_0004_chain-A.pdb,0.132
relax_7UPO_B_0006_chain-B.pdb,0.13
relax_7DNE_A_0004_chain-A.pdb,0.128
relax_8T6N_A_0003_chain-A.pdb,0.127
relax_8H7C_A_0005_chain-A.pdb,0.124
relax_3TDN_A_0005_chain-A.pdb,0.121
relax_8AIW_A_0003_chain-A.pdb,0.118
relax_4TQL_A_0001_chain-A.pdb,0.118
relax_5J0J_A_0001_chain-A.pdb,0.116
relax_5LW2_A_0005_chain-A.pdb,0.114
relax_1MEY_C_0004_chain-C.pdb,0.112
relax_5J0H_A_0001_chain-A.pdb,0.112
relax_8AK1_A_0004_chain-A.pdb,0.112
relax_5DN0_A_0003_chain-A.pdb,0.112
relax_6YWC_B_0003_chain-B.pdb,0.111
relax_8HKH_C_0002_chain-C.pdb,0.111
relax_8VC8_A_0002_chain-A.pdb,0.108
relax_8DN7_D_0005_chain-D.pdb,0.108
relax_8JVW_A_0002_chain-A.pdb,0.106
relax_6KOS_A_0002_chain-A.pdb,0.106
relax_5DNS_A_0005_chain-A.pdb,0.106
relax_6MSR_A_0005_chain-A.pdb,0.106
relax_7SQ4_A_0001_chain-A.pdb,0.101
relax_7UPQ_C_0002_chain-C.pdb,0.1
relax_7UPQ_B_0004_chain-B.pdb,0.099
relax_8UB3_A_0001_chain-A.pdb,0.098
relax_7UPO_A_0003_chain-A.pdb,0.096
relax_3LTA_A_0005_chain-A.pdb,0.095
relax_7UPP_C_0005_chain-C.pdb,0.095
relax_4JW2_A_0006_chain-A.pdb,0.094
relax_5L2H_A_0003_chain-A.pdb,0.093
relax_8FAR_A_0002_chain-A.pdb,0.092
relax_3LTB_A_0005_chain-A.pdb,0.092
relax_2N8I_A_0005_chain-A.pdb,0.091
relax_3LT8_A_0005_chain-A.pdb,0.09
relax_1YMZ_A_0001_chain-A.pdb,0.088
relax_7SQ5_A_0006_chain-A.pdb,0.086
relax_8CUS_A_0003_chain-A.pdb,0.086
relax_6VFJ_A_0001_chain-A.pdb,0.085
relax_6NYI_A_0003_chain-A.pdb,0.085
relax_5BVB_A_0003_chain-A.pdb,0.083
relax_8FWD_1_0001_chain-1.pdb,0.083
relax_8HDU_A_0002_chain-A.pdb,0.079
relax_6C9K_E_0001_chain-E.pdb,0.077
relax_3VB8_A_0005_chain-A.pdb,0.076
relax_2LXO_A_0002_chain-A.pdb,0.076
relax_2LHC_A_0005_chain-A.pdb,0.075
relax_8K7Z_A_0002_chain-A.pdb,0.074
relax_5VID_F_0005_chain-F.pdb,0.071
relax_8J1X_A_0001_chain-A.pdb,0.07
relax_7UQA_A_0006_chain-A.pdb,0.069
relax_6NZ1_A_0006_chain-A.pdb,0.069
relax_8VDZ_E_0003_chain-E.pdb,0.068
relax_3R2X_B_0005_chain-B.pdb,0.068
relax_5VNV_A_0002_chain-A.pdb,0.067
relax_8A85_A_0005_chain-A.pdb,0.067
relax_5VMR_C_0002_chain-C.pdb,0.064
relax_6O0C_A_0002_chain-A.pdb,0.064
relax_8D08_A_0004_chain-A.pdb,0.064
relax_6O35_A_0006_chain-A.pdb,0.062
relax_2JWS_A_0001_chain-A.pdb,0.057
relax_5KNH_I_0005_chain-I.pdb,0.056
relax_5VLI_C_0004_chain-C.pdb,0.054
relax_8T6E_B_0005_chain-B.pdb,0.052
relax_2JWU_A_0003_chain-A.pdb,0.052
relax_6B85_J_0001_chain-J.pdb,0.052
relax_8VDZ_A_0006_chain-A.pdb,0.051
relax_7B4U_A_0001_chain-A.pdb,0.05
relax_6NYK_A_0001_chain-A.pdb,0.05
relax_7AYE_B_0003_chain-B.pdb,0.045
relax_4N9G_C_0002_chain-C.pdb,0.045
relax_7ZK1_C_0005_chain-C.pdb,0.045
relax_4ETJ_A_0002_chain-A.pdb,0.044
relax_4ESS_A_0002_chain-A.pdb,0.044
relax_6FF6_A_0004_chain-A.pdb,0.044
relax_8ADX_A_0005_chain-A.pdb,0.044
relax_6NYE_A_0004_chain-A.pdb,0.042
relax_8Y33_A_0001_chain-A.pdb,0.042
relax_6O0I_A_0004_chain-A.pdb,0.041
relax_2LHG_A_0006_chain-A.pdb,0.04
relax_4KYB_A_0005_chain-A.pdb,0.038
relax_3V45_A_0004_chain-A.pdb,0.037
relax_8APY_C_0003_chain-C.pdb,0.036
relax_8V9O_A_0002_chain-A.pdb,0.035
relax_8CUU_B_0004_chain-B.pdb,0.035
relax_5IEO_A_0006_chain-A.pdb,0.034
relax_7XYQ_B_0003_chain-B.pdb,0.032
relax_8T6E_A_0005_chain-A.pdb,0.031
relax_5IEN_A_0006_chain-A.pdb,0.029
relax_6NXM_A_0006_chain-A.pdb,0.029
relax_8K8G_A_0004_chain-A.pdb,0.028
relax_5IEP_A_0003_chain-A.pdb,0.027
relax_7ZK1_B_0001_chain-B.pdb,0.027
relax_4GVW_A_0002_chain-A.pdb,0.027
relax_6NZ3_A_0004_chain-A.pdb,0.027
relax_5IER_A_0003_chain-A.pdb,0.025
relax_6NX2_A_0005_chain-A.pdb,0.024
relax_2KDM_A_0004_chain-A.pdb,0.023
relax_2LHE_A_0004_chain-A.pdb,0.021
relax_8CUX_B_0006_chain-B.pdb,0.021
relax_5MFD_B_0002_chain-B.pdb,0.02
relax_2LHD_A_0001_chain-A.pdb,0.015
relax_8QAE_A_0002_chain-A.pdb,0.014
relax_5IF6_A_0001_chain-A.pdb,0.013
relax_8QAD_A_0002_chain-A.pdb,0.009
relax_7F1I_A_0006_chain-A.pdb,0.006
relax_8CUV_A_0002_chain-A.pdb,0.005
relax_8CUU_A_0005_chain-A.pdb,0.004
relax_8CUW_A_0001_chain-A.pdb,0.004
relax_2LZE_A_0005_chain-A.pdb,0.004
relax_6VFL_B_0006_chain-B.pdb,0.003
relax_6VL5_D_0004_chain-D.pdb,0.002
